-- MySQL dump 10.13  Distrib 8.0.16, for Win64 (x86_64)
--
-- Host: localhost    Database: maxikiosko
-- ------------------------------------------------------
-- Server version	5.7.26-log

/*!40101 SET @OLD_CHARACTER_SET_CLIENT=@@CHARACTER_SET_CLIENT */;
/*!40101 SET @OLD_CHARACTER_SET_RESULTS=@@CHARACTER_SET_RESULTS */;
/*!40101 SET @OLD_COLLATION_CONNECTION=@@COLLATION_CONNECTION */;
 SET NAMES utf8 ;
/*!40103 SET @OLD_TIME_ZONE=@@TIME_ZONE */;
/*!40103 SET TIME_ZONE='+00:00' */;
/*!40014 SET @OLD_UNIQUE_CHECKS=@@UNIQUE_CHECKS, UNIQUE_CHECKS=0 */;
/*!40014 SET @OLD_FOREIGN_KEY_CHECKS=@@FOREIGN_KEY_CHECKS, FOREIGN_KEY_CHECKS=0 */;
/*!40101 SET @OLD_SQL_MODE=@@SQL_MODE, SQL_MODE='NO_AUTO_VALUE_ON_ZERO' */;
/*!40111 SET @OLD_SQL_NOTES=@@SQL_NOTES, SQL_NOTES=0 */;

--
-- Table structure for table `cliente`
--

DROP TABLE IF EXISTS `cliente`;
/*!40101 SET @saved_cs_client     = @@character_set_client */;
 SET character_set_client = utf8mb4 ;
CREATE TABLE `cliente` (
  `dni` int(10) unsigned NOT NULL,
  `nombre` varchar(45) DEFAULT NULL,
  `apellido` varchar(45) DEFAULT NULL,
  `telefono` varchar(45) DEFAULT NULL,
  `mail` varchar(45) DEFAULT NULL,
  `id_cuenta` int(10) unsigned NOT NULL,
  `domicilio` varchar(45) DEFAULT NULL,
  PRIMARY KEY (`dni`),
  KEY `fk_cliente_cuenta_corriente` (`id_cuenta`),
  CONSTRAINT `fk_cliente_cuenta_corriente` FOREIGN KEY (`id_cuenta`) REFERENCES `cuenta_corriente` (`id_cuenta`)
) ENGINE=InnoDB DEFAULT CHARSET=utf8;
/*!40101 SET character_set_client = @saved_cs_client */;

--
-- Dumping data for table `cliente`
--

LOCK TABLES `cliente` WRITE;
/*!40000 ALTER TABLE `cliente` DISABLE KEYS */;
INSERT INTO `cliente` VALUES (1,'CONSUMIDOR','FINAL','-','-',6,'maestro Lopez s/n'),(3,'HORACIO FELIPE','LATTANZI','03468 - 462260',NULL,1,NULL),(35,'JUAN CARLOS','RIVERA','03534970136 // 0',NULL,1,NULL),(931052,'BLANCA LIDA ','LALLANA','03537 - 480699',NULL,1,NULL),(1123456,'horacio','nnnn','012346879684',NULL,1,NULL),(3636685,'LILIAN TERESA ','VARAONA ','0351 - 4717006',NULL,1,NULL),(3672451,'NILDA ESTER ','FERREYRA','03564 - 426483',NULL,1,NULL),(3771660,', TERESA','TOMASELLI','03544-423038',NULL,1,NULL),(4105993,'BLANCA LIDIA ','ARDILES','0351 - 4694260',NULL,1,NULL),(4106594,'CLIDE ANTONIA','BOSELLI','0351 - 15558616',NULL,1,NULL),(4124737,'FELIPA ROSARIO ','TOLEDO','0351 - 4656324',NULL,1,NULL),(4128488,'ANGELA ROSA ','PELLEGRINI','0358 154176601',NULL,1,NULL),(4203566,'MARIA ELVIRA ','ROSAS','0351 - 4788857',NULL,1,NULL),(4507444,'SILVIA NOEMI','SANTIVANE','4368849',NULL,1,NULL),(4707804,'ROSA NELIDA','BIONDO','0351 4244061',NULL,1,NULL),(4714498,'NORMA NICOLASA','VERA','03514742594',NULL,1,NULL),(4839730,'CLARA MARGARITA','RUIZ, ','03521 - 400543',NULL,1,NULL),(5014933,'DOMINGA ELSA','RIOS','0358 154016395',NULL,1,NULL),(5092990,'ALBERTO MANUEL ','SURRA','0351-4817777',NULL,1,NULL),(5126455,'CARMEN YOLANDA','RODRIGUEZ','0351',NULL,1,NULL),(5194790,'MARIA ESTHER ','LEGUIZAMON','0351 - 152330829',NULL,1,NULL),(5253640,'MARTA SUSANA ','TAPELLA','0358 - 155621664',NULL,1,NULL),(5294600,'NORMA MIRTA ',' ROMO','4899368',NULL,1,NULL),(5302455,'GLADYS MATILDE','VIGNATI','03472 - 15627579',NULL,1,NULL),(5431281,'BARBERO','IRIS NOEMI ','03571411615',NULL,1,NULL),(5458223,'MARIA DEL CARMEN','ZAPATA','03571 470620',NULL,1,NULL),(5587887,'CARLOTA EUGENIA','CAMPORINI,','0351-4264205 / 0351-152078784',NULL,1,NULL),(5627432,'VITALIA ',' VEGA','0351 - 153906300',NULL,1,NULL),(5728630,'NORMA SUSANA ','CUELLO','0351 - 152594455',NULL,1,NULL),(5803201,'MIRTA BEATRIZ ','WAINER','03468 - 1555839',NULL,1,NULL),(5882736,'TRANSITO CRISTINA ','TISERA','03514665076',NULL,1,NULL),(6066768,'DORA ANGELA','KOSCIUK','03544 - 471902',NULL,1,NULL),(6175271,'NORMA IGNACIA ','HEREDIA','03549 - 422753',NULL,1,NULL),(6258327,'SUSANA BEATRIZ','OVIEDO','03514255356',NULL,1,NULL),(6258354,'INES CRISTINA','PEREYRA PEIRETTI','03543 493398',NULL,1,NULL),(6382355,'JULIO ALBERTO ','RUIZ','02964 - 15417330',NULL,1,NULL),(6402848,'NORMA BEATRIZ','heredia ','03541 - 15660067',NULL,1,NULL),(6448746,'NERIO ORLANDO','BRITOS','03576 - 454676',NULL,1,NULL),(6493546,'LUIS CARLOS','VILTA, ','0351-4843090',NULL,1,NULL),(6493852,'RODOLFO LUIS','ZAMORA','4711531',NULL,1,NULL),(6502308,'LILIA MARIA DEL CARMEN ','VERA','03584 - 15605417',NULL,1,NULL),(6553198,' CARLOS ROQUE ','MORRESI,','03467 - 15442034',NULL,1,NULL),(6561256,'JOSE ANTONIO','MESSANA','0351 - 152266342',NULL,1,NULL),(6614471,'MIGUEL ANGEL','BAUDINO','0353 - 154069779',NULL,1,NULL),(6651911,'OSVALDO RAUL','RIZZO','0358-4629763',NULL,1,NULL),(6653313,'CARLOS ALBERTO','SPADA','00351 - 153479640',NULL,1,NULL),(6696370,'HUGO REINALDO','ESTRADA','03544 - 15435172',NULL,1,NULL),(7630807,'JUAN ','AVILA ,','0351 - 4880156',NULL,1,NULL),(7964931,'EDUARDO EFRAIN','TAGLE','3514893857',NULL,1,NULL),(7975430,'RAUL EDUARDO ','TOLEDO','0351 - 153540866',NULL,1,NULL),(7978481,'HECTOR OMAR ','PECILE','03548 - 423633',NULL,1,NULL),(7980196,'ROQUE ',' NEGRETE','153236623',NULL,1,NULL),(7981584,'JUAN FELIX','BRESCIANI,','0351 4640640',NULL,1,NULL),(7994689,'c','c','4',NULL,1,NULL),(8358158,'JUAN CARLOS ANTONIO ','ZAMATTI','03547 426158',NULL,1,NULL),(8529875,' JUAN ANDRES','RUEDA,','01150615087',NULL,1,NULL),(8531119,'JOSE ALBERTO ','ONTIVERO','0351 - 152016409',NULL,1,NULL),(8538954,'BENITO','LAHORCA','0351 - 153405495',NULL,1,NULL),(8598004,'ALFREDO','MACHADO','0351-4530614',NULL,1,NULL),(8633172,'ALDO LUIS ','OLIVIER','02302 - 15413010',NULL,1,NULL),(10048865,'JUANA MARIA','NIEVAS','0351152026388',NULL,1,NULL),(10056949,'ROBERTO URBANO ALADINO ','PERALTA','03436 - 15567513',NULL,1,NULL),(10060073,'GUSTAVO ADOLFO ','LEIDI','0351 - 152365075',NULL,1,NULL),(10252412,'MARIA ISABEL TERESITA','CRESPO','0358 - 4643216',NULL,1,NULL),(10447170,'GONZALO FEDERICO','AREA','03541-15617820',NULL,1,NULL),(10666555,'Luis','Damiano','(351)123-4567','luis.damiano@net.com',6,'maestro Lopez s/n'),(10682947,'ABRAHAM , CARLOS ALBERTO ',' L`ARGENTIERE','0351 - 155463424',NULL,1,NULL),(10698402,'MARIA DEL CARMEN','CUELLO','011 - 1566509737',NULL,1,NULL),(10770681,'OSCAR EDUARDO ','AVILA','0351 -153102193',NULL,1,NULL),(10771743,'MARIA ANGELICA ',' BIAZUTTI','0351 - 156528066',NULL,1,NULL),(10774576,'MARIA DEL CARMEN','CANOVAS','0351-4560273',NULL,1,NULL),(10774633,'JOSE MANUEL','PIRO','00351 156797190',NULL,1,NULL),(10902959,'MARTIN ALEJANDRO','FATAUROS',' // ',NULL,1,NULL),(10905915,' AUGUSTO JORGE ','BENAVIDEZ','0351 - 155326348',NULL,1,NULL),(11033950,'TOMAS EDUARDO','OLIVA','03525 - 465451',NULL,1,NULL),(11034508,'MARIA OLGA ','QUIROGA','03571 - 15549679',NULL,1,NULL),(11053220,'JULIO CESAR','JUAREZ','0351157360006',NULL,1,NULL),(11073686,'centeno','MARIO RAFAEL ','0351 - 4824327',NULL,1,NULL),(11086027,'MARIA CRISTINA','GIL ','0354415434963',NULL,1,NULL),(11135293,'SUSANA DOMINGA','GAZZONI','0351 - 153054044',NULL,1,NULL),(11163352,' RAUL ALCIDES ','RODRIGUEZ','03521 - 421802',NULL,1,NULL),(11186745,' LILIANA IRENE','LLANCE','0351 156533971',NULL,1,NULL),(11195783,'ALBA MICAELA ','SOLIS','0351 4781339',NULL,1,NULL),(11203027,'DOLORES GLADIS DEL VALLE','CAMARGO','03574 - 15418791',NULL,1,NULL),(11347491,'ALFONSO EMILIO','PEREYRA',' // ',NULL,1,NULL),(11470827,'ALVA BEATRIZ','DI PAOLO','03541-15595547',NULL,1,NULL),(11617019,' LUIS O ','ROMERO,, ','0353- - -491063',NULL,1,NULL),(11791903,'FRANCISCO PEDRO','ARESE','02336481571',NULL,1,NULL),(11865317,'ADRIANA ISABEL ','LOPEZ','03571 - 15697194',NULL,1,NULL),(11975543,' DANTE','MAZZIERI','03543-453631',NULL,1,NULL),(12003584,'JUAN CARLOS','CABRAL','15520070 ',NULL,1,NULL),(12068311,'NANCI BEATRIZ   ','NOVELLO              ','0351 - 153020278',NULL,1,NULL),(12135099,'RICARDO DANIEL','RIVAROLA','03472 - 468982',NULL,1,NULL),(12199061,'ALICIA BEATRIZ','CAMPOS, ','03584 421702',NULL,1,NULL),(12241677,'RICARDO ENRIQUE ','CORDOBA','03525  - 15511812',NULL,1,NULL),(12333258,'ARMANDO RICARDO ','ANGELI','0351 - 156524813',NULL,1,NULL),(12333376,'CRUZ ALEJANDRO ','NIETO','0351 - 153445085',NULL,1,NULL),(12345678,'Perez','Juan','(351)123-4567','juan.perez@net.com',5,'Colon 123'),(12509953,'DANIEL CESAR ','ROSALES','03547 - 425189',NULL,1,NULL),(12554535,'CARLOS PABLO','MOLINO',' // ',NULL,1,NULL),(12595055,'GLADYS TERESITA ',' LANARO','0351 - 156461984',NULL,1,NULL),(12625800,'MARIA ESTER ','MURUA','03544 - 423693',NULL,1,NULL),(12669060,'graciela beatriz ','moreno','03541381296',NULL,1,NULL),(12670184,'EDUARDO ','MARTINA','0351 - 4667290',NULL,1,NULL),(12837230,'DANIEL ALBERTO ','CABANILLAS','03541 - 15661921',NULL,1,NULL),(12875234,'DANIEL','FERNANDEZ','0351 - 4849485',NULL,1,NULL),(12893583,'PLACIDO ANTONIO','GALLEGOS','152416602 // 152409766',NULL,1,NULL),(12935593,'ROSA ESTER ',' ALAIMO','0351 - 156802542',NULL,1,NULL),(13044733,'SUSANA MARIA','HEREDIA','03562  15508394',NULL,1,NULL),(13046982,'DARDO RUBEN ','PEREA','0351 - 3018124',NULL,1,NULL),(13150688,'ALFREDO MARTIN ','GOMEZ','0351 - 153222101',NULL,1,NULL),(13161309,'SUSANA ANTONIA','MADRID','03544 - 15532387',NULL,1,NULL),(13226940,'VICTOR ENRIQUE ','PERALTA','03574 - 15457385',NULL,1,NULL),(13344519,' OSVALDO OSCAR ','MORENO','03468 - 471185',NULL,1,NULL),(13371956,'MARIA DEL CARMEN','cuello','0351 - 5193838',NULL,1,NULL),(13380006,'DE LA RUBIA ','JOSE ANTONIO ','03572 - 15439144',NULL,1,NULL),(13384787,'JOSE LUIS ','BARANILLI','03547 - 422409',NULL,1,NULL),(13408731,'NORMA GRACIELA ',' LUNA','03549 - 15431008',NULL,1,NULL),(13521054,'ROSA RAMONA MATILDE ','BUSTAMANTE','3541 - 379368',NULL,1,NULL),(13521386,' VICTOR HUMBERTO ','FERNANDEZ','03564 - 15646769',NULL,1,NULL),(13535956,'GRACIELA LILIANA ','ACUNA','0351 - 153534156',NULL,1,NULL),(13537754,'ANA ','CARRIZO','0351 - 4869075',NULL,1,NULL),(13538200,'OMAR ESTEBAN','OLMOS','0351 - 155446481',NULL,1,NULL),(13683113,'MERCEDES ROSA','AGUANNO','0351 155290899',NULL,1,NULL),(13684771,'ELIDA ROSA ','VASCONCELOS','0351 - 156176896',NULL,1,NULL),(13726138,'CARLOS SAMUEL ','TIEFFEMBERG','0353 - 155642455',NULL,1,NULL),(13808122,'DANIEL ','RODRIGUEZ','03543 - 453490',NULL,1,NULL),(13930163,'EDGARDO','HK','03572 - 15539573',NULL,1,NULL),(13947744,'BEATRIZ DEL VALLE ','VOLMARO','0353 - 154200201',NULL,1,NULL),(13964116,'GUILLERMO ANIBAL','SALGADO','0351 - 152330135',NULL,1,NULL),(14155498,'MARIA DEL CARMEN ','LADU','0351 - 153041354',NULL,1,NULL),(14174007,'JUAN CARLOS','NAVARRO','0',NULL,1,NULL),(14208324,'Erman Carlos','Ellena','0351-4890418',NULL,1,NULL),(14208356,'LAURA SUSANA','RINALDI','0351 - 156147134',NULL,1,NULL),(14219346,'OSCAR ALBERTO','MARQUEZ','3515604589 // ',NULL,1,NULL),(14241829,'NORIS BEATRIZ ','LONGHI','0357315498025',NULL,1,NULL),(14256332,'WALTER ENRIQUE ',' JURE','03572 - 456424',NULL,1,NULL),(14291125,'VICTOR ','MUNOZ','0351 - 4723787',NULL,1,NULL),(14409471,' ALEJANDRA MARIA ','DEL CASTANO, ','03543 - 423485',NULL,1,NULL),(14458978,'MIGUEL ANGEL','OLMOS','03564 - 15615026',NULL,1,NULL),(14473805,'MIRIAM IRMA ','TARDITTI','03467 - 410202 / 03467 - 15642796 ',NULL,1,NULL),(14511561,'LAURA ALEJANDRA ','LOPEZ','0353 - 154299311',NULL,1,NULL),(14537372,'MIGUEL EDUARDO','ABEDON',' 155453161 ',NULL,1,NULL),(14579049,'JUAN AMADEO','LUCA','0351 - 156465820',NULL,1,NULL),(14580140,'ALEJANDRA ','MONTIBELLO ','4573782',NULL,1,NULL),(14594244,'MIRTA ','FONSECA','03544 - 575002',NULL,1,NULL),(14664715,'JOSE HORACIO','MONTOYA, ','03472 - 15547602',NULL,1,NULL),(14678648,'CESAR CARLOS ','AMPRIMO','0351 - 153244983',NULL,1,NULL),(14693960,'MARTHA BEATRIZ ','HERRERA','0351 - 157363344',NULL,1,NULL),(14744938,'SOLIS','FELIX JOSE','0358 156001370',NULL,1,NULL),(14798814,'JUAN ','AMBROSIONI','03543 - 468682',NULL,1,NULL),(14969940,'JULIO CESAR','ARCE ','0351 153187002',NULL,1,NULL),(16133724,'ALICIA MABEL ','PISCITELLO','03525 - 15645579',NULL,1,NULL),(16158196,'JORGE ALEJANDRO ','TABARES','0351 156346911',NULL,1,NULL),(16195773,'DELGADO,',' YOLANDA ADRANA ','152093429',NULL,1,NULL),(16274189,'MONICA GRACIELA','LODESERTO','358154385937',NULL,1,NULL),(16361034,'LIDIA ADRIANA','VARGAS','03544 - 15460131',NULL,1,NULL),(16485937,'ANA MARIA ',' ADAMI','03544 - 499932',NULL,1,NULL),(16508286,'LAURA ESTELA','RODRIGUEZ','03524 - 15647861',NULL,1,NULL),(16523619,'JUAN ENRIQUE ','MAIDANA','03521 - 421631',NULL,1,NULL),(16586655,'SERGIO EDUARDO ','LUNA','03571 - 485307',NULL,1,NULL),(16630299,'GUSTAVO ANDRES ','CASADEI, ','03546 - 15409698',NULL,1,NULL),(16652146,'SERGIO HORACIO','MENDOZA',' / 3516481468 / ',NULL,1,NULL),(16653942,'LUIS AUGUSTO','SANCHEZ','0358 - 154189407',NULL,1,NULL),(16683767,'NANCY DEL VALLE ','ANDREAN,','0351 - 4685807 / 0351 - 153844847',NULL,1,NULL),(16717478,'NANCY BEATRIZ ','TISSERA','03564 - 15525202',NULL,1,NULL),(16740346,'CRISTOBAL GUILLERMO ','MARTINEZ','0351 - 153271194',NULL,1,NULL),(16751212,'ANALI ','LEDESMA','03541  - 15646650',NULL,1,NULL),(16965764,'EVELINA DEL VALLE ','ZAMBRANO','03521 - 423859',NULL,1,NULL),(17000589,'HECTOR AGUSTIN','TOSCO','0351 - 153297456',NULL,1,NULL),(17003998,' MARIA ALEJANDRA','HEREDIA','0351 156326057',NULL,1,NULL),(17012053,'JORGE ANDRES','SANTIAGO','0351 - 153885088',NULL,1,NULL),(17013931,'GABRIEL HORACIO ','REYES','03548 - 15506189',NULL,1,NULL),(17045306,'SILVIA RAQUEL ','ZAPATA','0353 - 4869383',NULL,1,NULL),(17155272,' ISMAEL FELIX','GOMEZ,','0353 - 153746448',NULL,1,NULL),(17156963,'SILVIA NOEMI ','ALBORNOZ','03543 - 440778',NULL,1,NULL),(17157828,'JOSE ANGEL','PALAVECINO, ','0351-152325770',NULL,1,NULL),(17160083,'CARLOS ENRIQUE ','GUZMAN ','0351 - 4646604',NULL,1,NULL),(17217418,'GABRIELA MERCEDES ',' SANZ','0353 - 154082667',NULL,1,NULL),(17309270,'ADRIANA BEATRIZ','JORGE','0351-153620934',NULL,1,NULL),(17371489,'SERGIO ALBERTO ',' RODRIGUEZ','0353 - 4537158//0353 - 1543273863',NULL,1,NULL),(17384595,'VIVIANA','CHARA','0351 - 155949058',NULL,1,NULL),(17385661,'ANA MARIA ','ROGNONE','0351 - 156411131',NULL,1,NULL),(17523333,'MIRIAM DEL CARMEN ','CARRANZA','0351 - 153028299',NULL,1,NULL),(17528753,'HECTOR','CABRERA','4700193',NULL,1,NULL),(17533240,' MARCELA','DEMARCHI,','0351 - 156352310',NULL,1,NULL),(17548917,'MARIA DE ANGELES ','ZAPATA','0351 - 156324780',NULL,1,NULL),(17572538,'GLORIA ADRIANA','SCOTTO','0',NULL,1,NULL),(17580713,'JACINTO ALVARO','MIRABAL','0351-152376755',NULL,1,NULL),(17597655,' GLADYS VIVIANA ','LANDABURU,','03541 - 450424',NULL,1,NULL),(17629291,'JUAN CARLOS','WALLER','4687546',NULL,1,NULL),(17629362,'ALEJANDRO MARCELO','BAETTI','0351 - 156219873',NULL,1,NULL),(17699115,'LUIS ALFREDO','SUAREZ','0353 - 154189977',NULL,1,NULL),(17764689,'CARLOS ROBERTO ','PEREZ','03544 - 15550413',NULL,1,NULL),(17845693,'GABRIELA EUGENIA ','MOREIRA ','155292088',NULL,1,NULL),(17859888,'PABLO GUILLERMO ',' FOA TORRES','03549 - 15418915',NULL,1,NULL),(17911528,'JOSE LUIS','FERNANDEZ','0',NULL,1,NULL),(17995459,'CARMEN INES ','LUJAN ','0351 - 153325556',NULL,1,NULL),(18014091,'DANTE','GALLARDO','4931297',NULL,1,NULL),(18018355,'JUAN CARLOS','ARMESTO','4667082',NULL,1,NULL),(18061203,' NILDA BEATRIZ','ALLORA','0358155624797',NULL,1,NULL),(18126230,'SILVANA','AQUINO','4770764',NULL,1,NULL),(18175551,'MARIA BEATRIZ ','SAAD, ','0351 - 153462186',NULL,1,NULL),(18176514,'MARIA EUGENIA','ARAUZ,, ','03543 - 480550',NULL,1,NULL),(18176584,'DANIEL','BUSNARDO','4643114',NULL,1,NULL),(18201863,' , NORMA BEATRIZ ','FERNANDEZ,','03571 470324',NULL,1,NULL),(18208541,'MARTA GLADYS ','BUSTOS ','03385 - 15449612',NULL,1,NULL),(18397909,'GLADYS MIRIAM','LLANO ','0351 - 153987774/0351 - 4568450',NULL,1,NULL),(18402679,'LEONARDO','SORIA','4527178',NULL,1,NULL),(18402727,'GUSTAVO','CASAGRANDE','4621431 // 0',NULL,1,NULL),(18413271,'ROSALIA DEL PILAR','RIESCO','0351-156802414',NULL,1,NULL),(18429887,'CLAUDIO','CRAVERO','4615148',NULL,1,NULL),(18566882,'ADELQUI OMAR','BENEGAS','0358 - 4637974',NULL,1,NULL),(18687014,'SANDRA SILVANA ','SOTO','0351 - 153188627',NULL,1,NULL),(18807233,'CYNTIA SANDRA ','ARRIOLA ARMIJO','0351 - 153952379',NULL,1,NULL),(20073366,'NAVARRO MARCELO','VARGAS','0351 - 4702521',NULL,1,NULL),(20205659,' ENRIQUE','BOSCH,','0351-155440595',NULL,1,NULL),(20211806,' CLAUDIA GABRIELA','CHIRICHIAN','351152104392',NULL,1,NULL),(20255461,'FERNANDO CESAR','OVIEDO','0351-156009047',NULL,1,NULL),(20439780,'MARCELA DEL VALLE ','FLOREANCIG','03513344893',NULL,1,NULL),(20442569,'DANIELA BEATRIZ ','UCAR','0351 - 153067600',NULL,1,NULL),(20542053,'DANIEL','TOZZI','4801084',NULL,1,NULL),(20542268,'ADRIANA CECILIA','CARRIZO','0351 - 157582572',NULL,1,NULL),(20543880,'adrian enrique ','aguirre','0351 - 153847794',NULL,1,NULL),(20648943,'ANDRES GUILLERMO ','GROSSO','0351 - 153740684',NULL,1,NULL),(20649937,'OSCAR','VETTORELO','4813940',NULL,1,NULL),(20656658,' NICOLAS LUIS ','CASTELLANO','0351 - 152038391',NULL,1,NULL),(20709971,'MONICA FABIAN ','PALAVER PAVEZ','0351 - 152003414',NULL,1,NULL),(20871846,'SILVANA DEL VALLE','CAMPOS','0351  - 157571342',NULL,1,NULL),(20873572,'JUAN OMAR ','ORELLANO','0351 - 152087615',NULL,1,NULL),(20874165,'MATIAS','PARDINA','0351 - 55512383',NULL,1,NULL),(20927047,'JUAN CALIXTO ','MARIN','03571 - 15690959',NULL,1,NULL),(20998889,'MARIA GABRIELA','BEDINI','0351 - 153306284',NULL,1,NULL),(21023789,'SILVINA','TROSSERO','4528184',NULL,1,NULL),(21106926,'NORA DEL VALLE','GONZALES','03544 - 15546469',NULL,1,NULL),(21391107,'BERNARDO GASTON ','CARRENO','0351 - 155453079',NULL,1,NULL),(21397399,'MARIO ALBERTO','IRIBARNE','155316146 // ',NULL,1,NULL),(21402926,'ADRIANA MABEL','PIPET','0346815641984',NULL,1,NULL),(21407448,'MARICEL ALEJANDRA','GALIZIA ','0358-4652706',NULL,1,NULL),(21514525,'MARIA ELENA ','NEMER','03548 - 15436632',NULL,1,NULL),(21535980,'DIEGO','PRISCO','4621383',NULL,1,NULL),(21629390,'LEONARDO CLAUDIO','GUZMAN','0351 - 155433857',NULL,1,NULL),(21718581,'ESTELA MARIA','MISAN','0353-4730521',NULL,1,NULL),(21740671,'MARIA ALEJANDRA ','LUDUENA','0351 - 153886887',NULL,1,NULL),(21753455,'MARIANO ANTONIO','COMPAGNUCCI',' 03467 - 15520050',NULL,1,NULL),(21754391,' CLAUDIA MARIA','MONSERRAT','0351155426047',NULL,1,NULL),(21780655,'MARIA FERNANDA ','COBRESLE','03549 - 15461814',NULL,1,NULL),(21782453,'JOSE ALEJANDRO','GARCIA','0351 155300516',NULL,1,NULL),(21784695,'ISABEL','DEL CANTO PEREZ','03544 15534829 ',NULL,1,NULL),(21792713,' MARIA GRISELDA','MARTINEZ','0351 156797891',NULL,1,NULL),(21829656,'CLAUDIA GLADYS','CASTILLA','03525607335',NULL,1,NULL),(21844599,' JUAN CARLOS','PEREZ','03514945526',NULL,1,NULL),(21900821,'VIVIANA ANDREA','SCHMIRA','00351 4764653',NULL,1,NULL),(21901338,'JOSE','CALDERON','3514550954',NULL,1,NULL),(21912945,'GABRIELA MARIA FABIANA ','GABAS','0351 - 153450410',NULL,1,NULL),(21990954,'VICTOR ','ROSSINI','03472 - 15503874',NULL,1,NULL),(22161571,'MARIA MATILDE','ZALAZAR','03543 - 491078',NULL,1,NULL),(22288853,'MARIA ALEXANDRA','LUBATTI','0353154272897',NULL,1,NULL),(22348988,'FABIANA DEL VALLE','INZE','03574 - 15459330',NULL,1,NULL),(22373734,'MONICA','RICCI','4808770',NULL,1,NULL),(22374762,'PAOLA ','PERALTA ','0351153921968',NULL,1,NULL),(22375222,'CARLOS','GUTIERREZ','4841320',NULL,1,NULL),(22401239,' DANIEL ADRIAN ','ALBERTO,','03541 - 440008',NULL,1,NULL),(22554565,'RAUL','TOLABA','155869228',NULL,1,NULL),(22567115,'ARTURO ENRIQUE ','CONTI','0351  - 4646651',NULL,1,NULL),(22682871,'HERNAN','CASTRO','4806022',NULL,1,NULL),(22687827,'PABLO ALEJANDRO ','GIULIANI','03573 - 453649',NULL,1,NULL),(22772274,'CARINA ALEJANDRA ','LEAL','0351 - 4921227 ',NULL,1,NULL),(22772363,'LLERMO JOSE','SEMA','0351 - 155597304',NULL,1,NULL),(22774442,'MAGDALENA','GONZALEZ','0351 155938967',NULL,1,NULL),(22796360,'MAGDALENA CLARA','PAEZ ALLENDE','0351 - 156716368',NULL,1,NULL),(23006883,'CLAUDIA ANABEL ','FLORES','4771655',NULL,1,NULL),(23105745,'SANDRA VIVIANA','CASTRO','3514565810',NULL,1,NULL),(23171060,'IVANA MARIA ','ROLDAN','0351 - 153883852',NULL,1,NULL),(23197551,'PABLO ALBERTO ','ASHUR','03516152478',NULL,1,NULL),(23198487,'ANGEL','GORMAZ','4556103',NULL,1,NULL),(23198672,'PAULA MARIA','BARCENA','0351 - 155635861',NULL,1,NULL),(23229358,'DANIELA FABIOLA ','LOMBARDI,','03549 - 15468300',NULL,1,NULL),(23278605,' MARIBEL','GONZALEZ','0351-153884632',NULL,1,NULL),(23422343,'JULIO HERNAN ','BALDI','03541 - 425739',NULL,1,NULL),(23460987,'PAULA ANDREA','GARCIA FICARRA','4876045',NULL,1,NULL),(23507718,'NATACHA ADRIANA','LESCANO','0351-4517370',NULL,1,NULL),(23527216,'JUAN MARCELO ','BOXLER','03574 - 15418721',NULL,1,NULL),(23543283,' VANESSA ','CRAVERO','155338620',NULL,1,NULL),(23684700,'NANCY','ROCABADO','4620814',NULL,1,NULL),(23686949,'MARIA SOLEDAD ','CAMERA','03564 - 15502528',NULL,1,NULL),(23763210,'KARINA','PAVON','4769259',NULL,1,NULL),(23763625,'ALBERTO METREB','BARACAT','03543403189',NULL,1,NULL),(23796543,'VERONICA NATALIA ','SANSALONE','03541 - 15548313',NULL,1,NULL),(23823771,'VANINA ESTHER ','SEGUI','03543 - 15534234',NULL,1,NULL),(23836736,'LUCAS EZEQUIEL','MOYANO ','0351 4240228',NULL,1,NULL),(24119130,'MATIAS ESTEBAN','VICENTINI','0351-155947490',NULL,1,NULL),(24188468,'ADRIAN ERICO ','BULEY','03564  - 15413751',NULL,1,NULL),(24281154,'LUIS MARTIN','RUBIOLI','4716551',NULL,1,NULL),(24318057,'JESSICA','ROLANDO','03546-15519261',NULL,1,NULL),(24318318,'aldana','cima','0351 - 155207428',NULL,1,NULL),(24352491,'MELINA FERNANDA ','BAROLO','0358 - 15430622',NULL,1,NULL),(24368605,'CLAUDIO FERNANDO ','OCANO','0351 - 152467725',NULL,1,NULL),(24456726,'NILO EDUARDO','GACITUA,','0358-154293643',NULL,1,NULL),(24457159,'VIRGINIA','OLIVERO','4772885',NULL,1,NULL),(24473918,'MARIA EUGENIA ','KADEK','0351 - 155066865',NULL,1,NULL),(24521581,'JORGE OSVALDO ','ESQUIVEL','0358 - 4634780',NULL,1,NULL),(24523073,'DIEGO MIGUEL ','ABACA','0351 152440057',NULL,1,NULL),(24739972,'ROSANA ALEJANDRA ','GUILLEN ','0353 - 4534461',NULL,1,NULL),(24769389,'MARCELA KARINA ',' VALVERDE ESTRADA','0351 - 5230446',NULL,1,NULL),(25068041,' MONICA FABIOLA ',' CASTRO,,','0351-156321521',NULL,1,NULL),(25068070,'MARIA FERNANDA ','MANCILLA','0351 - 3937285',NULL,1,NULL),(25196625,'MARIA FLORENCIA ','LUDUENA','03564 - 15620738',NULL,1,NULL),(25247325,'ROMINA','MOYANO','3514743741',NULL,1,NULL),(25267384,'MARIA DE LOS ANGELES','TEJADA',' / 3513181129 / 3515933464',NULL,1,NULL),(25267430,'LUIS EDUARDO','PEREA','0351153850740',NULL,1,NULL),(25268733,'JOSEFINA','IBANEZ','3543445023',NULL,1,NULL),(25286156,'VERONICA CECILIA ','ALMADA','0351 - 155188550',NULL,1,NULL),(25363046,'Marcela Veronica','Burgos','0351-4458420',NULL,1,NULL),(25363630,'RUTH NOEMI','ARMENDARIZ','0351 - 155745596',NULL,1,NULL),(25423789,'Ivana','Braga','0351-156242579',NULL,1,NULL),(25455738,'LUCIANA','TOLEDO','3543407041',NULL,1,NULL),(25456051,'OSCAR EDUARDO','VEGA','0351-4270452',NULL,1,NULL),(25582022,'NATALIA ','MARENGO','03541 - 15572129',NULL,1,NULL),(25609690,' ANDREA ALEJANDRA ','MARTINEZ ','0351 - 4893352',NULL,1,NULL),(25634245,'ESTELA MARISA ','VIJARRA, ','352 - 15537060',NULL,1,NULL),(25652536,'RODOLFO CRISTIAN  ',' ANGONA, ','0351 - 156415757',NULL,1,NULL),(25688940,'NATALIA DEL CARMEN ','PALACIO','03544 - 15568321',NULL,1,NULL),(25834908,'CARLOS MIGUEL','PEDRAZA','03532 15437341',NULL,1,NULL),(25875939,' SILVANA PAOLA ',' BRUNM OJEDA','03541 - 15220269',NULL,1,NULL),(25896574,'Alguno','Alguien','(351)886-9555','alguno@alguien.com',8,'Calle 45'),(25917199,'ANALIA SUSANA ','PAREDES','0351 4620399',NULL,1,NULL),(26071442,'MARTIN ','BENAVIDES, ','0351 - 152799485',NULL,1,NULL),(26177330,'MARCELO','GUILLERNA','3514848909',NULL,1,NULL),(26181237,'MARIA VERONICA  ','PALAVECINO        ','0351 156647979',NULL,1,NULL),(26181517,'MARIA BELEN','GONZALEZ CONTESTABIL','4842297',NULL,1,NULL),(26309488,'JAVIER DIEGO ',' MACHADO','03564  - 15666290',NULL,1,NULL),(26314340,'PABLO ADRIAN   ','HEREDIA','00351 - 157615262',NULL,1,NULL),(26329969,'BARBARA','CASERES','03546 - 15409667',NULL,1,NULL),(26385574,'VIVIANA','PEREYRA','4115002',NULL,1,NULL),(26480501,'SANTIAGO','DIAZ','3514658746',NULL,1,NULL),(26646497,'LUCIANA ','VINANTI','0353 - 154208766',NULL,1,NULL),(26817251,'MAURO DAMIAN','DELUGO, ','0351 - 156351919',NULL,1,NULL),(26902533,'FRANCO NAZARENO','MORENO,','0353  - 154174175',NULL,1,NULL),(26992982,'DAMIAN JAVIER','BUSTOS','00358 154817107',NULL,1,NULL),(27077459,'OSCAR HUGO ','BARRETO','03574 - 15454333',NULL,1,NULL),(27078660,' ANDRES ADOLFO AGUSTI ','ALTAMIRA','0351 - 4759181',NULL,1,NULL),(27102364,' MARCOS ESTEBAN ','GYSIN','3548 - 434488',NULL,1,NULL),(27173000,'NATALIA SOLEDAD','HEREDIA ','0351 - 155643674',NULL,1,NULL),(27197795,'PAULA VALENTINA','SUAREZ, ','0351 - 4781637',NULL,1,NULL),(27247998,'MARIO ALBERTO ','VIVAS','0351 - 4892259',NULL,1,NULL),(27249586,'ALBERTO BERNABE','ENRRICO','0351 - 157575150',NULL,1,NULL),(27444861,'VALERIA ','BROMBIN','0351 153254807',NULL,1,NULL),(27517657,', GUSTAVO ERNESTO','HERRERA','0351 - 156141714',NULL,1,NULL),(27633486,' JUAN JOSE ','ROJAS','03544 - 15433575',NULL,1,NULL),(27654926,'JUAN','SANGOY','4559011',NULL,1,NULL),(27655519,'CLAUDIA ELIZABETH ','CHASAMPI','0351 - 157617683',NULL,1,NULL),(27735172,'LAURA PATRICIA','MUNOZ','03385 15446525',NULL,1,NULL),(27735247,'ANA CAROLINA ','BARZOLA','03385  - 15431967',NULL,1,NULL),(27877401,'HECTOR DANIEL ','NUNEZ ','03549469607',NULL,1,NULL),(27921263,'CORNU','MANUEL','0351-153135635',NULL,1,NULL),(27921602,'DAMIAN VICTOR ','CUBA','0351 - 155597949',NULL,1,NULL),(28114263,'ROMINA PAOLA ','MACHUCA','0351 - 153010091',NULL,1,NULL),(28115615,'ROQUE ANTONIO ','MONTENEGRO','0351 - 158064613',NULL,1,NULL),(28115924,'FERNANDO ARIEL ','VILLA ','0351 - 157560133',NULL,1,NULL),(28117314,'MAURICIO ENRIQUE','SANCHEZ','152547733',NULL,1,NULL),(28270284,', CRISTIAN LUCAS ','LORENC','0351 - 155098370',NULL,1,NULL),(28433618,'NOELIA ANAHI ','JAIME','0354815509645',NULL,1,NULL),(28502407,'ESTEBAN ELISANDRO ','AVILA','0351 - 153262300',NULL,1,NULL),(28529363,'MARIANO DARIO','MARIN','03546497050',NULL,1,NULL),(28849811,' MARIA SILVANA','BUSTO','0351-4700926',NULL,1,NULL),(28851359,'MARIANO JAVIER','BILBAO','153972851',NULL,1,NULL),(28854675,'MARIA SOLEDAD','CASTILLO','28854675',NULL,1,NULL),(28992880,'RODRIGO GONZALO ','SALINA','0351153079296',NULL,1,NULL),(29252604,'francisco daniel','davies','0351 - 158016971',NULL,1,NULL),(29252842,'ALEJANDRO','FARRE','155240223',NULL,1,NULL),(29253654,'MARTIN EZEQUIEL ','VIEYRA LUDUENA','0351  - 153870802',NULL,1,NULL),(29590244,'RITA SILVINA','HERRERA','0351 - 152078864',NULL,1,NULL),(29606457,'SABRINA DEL VALLE','CEBALLOS','0351 - 152328839',NULL,1,NULL),(29606507,'CRISTIAN DANIEL ','ABREGU','0351 - 153688213',NULL,1,NULL),(29733872,'CECILIA ','NUCCELLI','03537 - 430505',NULL,1,NULL),(29755589,'MARIA','GARRIBIA','4221981',NULL,1,NULL),(29968535,'SILVINA NATALI','RAMALLO',' /  / ',NULL,1,NULL),(30110662,'ARTURO ALFREDO','FERREYRA','03856 15439848',NULL,1,NULL),(30121604,'ALEJANDRA','MERCADO','0351 - 4935619',NULL,1,NULL),(30311047,'RODRIGO EZEQUIEL','silva','03549 - 15435015',NULL,1,NULL),(30328504,'LUCAS MARTIN','ACEVEDO, ','03543-434684 / 0351 - 155189711',NULL,1,NULL),(30347266,'ROMAN','ROSALES','03467 - 15436119',NULL,1,NULL),(30382488,'JUAN CARLOS ','PAREDES','03549492115',NULL,1,NULL),(30407144,'WALTER WILSON','SARU GUEVARA','0351 - 155910526  ',NULL,1,NULL),(30471792,'SONIA DOLORES','ORDONEZ ROMERO','0351152467332',NULL,1,NULL),(30722506,'JORGE ISMAEL ','CHAVEZ','03541 - 155458557',NULL,1,NULL),(30727901,'AGUSTINA ','ORREGO','000-000',NULL,1,NULL),(30813284,' MARIA FLORENCIA ','MACCARI','0353 - 154125078',NULL,1,NULL),(30843324,' PATRICIA CAROLINA','LOPEZ,','0351153021908 ',NULL,1,NULL),(30844568,'JORGE','AZPILICUETA','4240328',NULL,1,NULL),(30900780,'AGUSTINA ','LOPEZ REVOL','0351 - 153233366',NULL,1,NULL),(30901737,'DANIEL MATIAS ','GUTIERREZ','0351 - 153941313',NULL,1,NULL),(30965816,'CLAUDIO  RAMON ARNALDO ',' JUAREZ','03549-15505868',NULL,1,NULL),(30995230,'CRISTIAN FERNANDO ',' SOSA','0351 - 4505099',NULL,1,NULL),(31142828,'ROSANA CECILIA ','BALDONCINI','03572  - 15441480',NULL,1,NULL),(31218185,'GISELA SILVIA LORENA ','FERREYRA','0351 - 156619835',NULL,1,NULL),(31220146,'YANINA SOLEDAD ','PEREYRA','0351 - 152340030',NULL,1,NULL),(31266709,'ANAHI GABRIELA','MARTINEZ','0351 156284083',NULL,1,NULL),(31357183,'MARIA','RELLA','4576086',NULL,1,NULL),(31402798,'GONZALO','ONOPREJCZUK','3514860381',NULL,1,NULL),(31587762,'FERNANDO ADRIAN','MOYANO','03572 - 15444488',NULL,1,NULL),(31668310,'GUSTAVO','GIORDANO','4621652',NULL,1,NULL),(31901902,'PABLO','COLAZO','4522175',NULL,1,NULL),(31919705,'RUBEN MAXIMILIANO','SUAREZ','03541 - 15621896',NULL,1,NULL),(32015590,'ROMINA CELESTE ','VIALE','0353 - 154186900',NULL,1,NULL),(32030011,' MARTIN MIGUEL','GUEMES','0358-4632543',NULL,1,NULL),(32151514,'DAMIAN ALBERTO ','RODRIGUEZ','0351 - 152604070',NULL,1,NULL),(32204454,'ANA MERCEDES ','FIZ','152299797',NULL,1,NULL),(32208171,'DELFINA','MUGNAINI','03584626821',NULL,1,NULL),(32281653,'CAROLINA A ','CALDERON,','0351 - 4630041',NULL,1,NULL),(32389016,'YOHANA GISEL ','RIVADERO','03543 - 467880',NULL,1,NULL),(32430674,'SERGIO ADRIAN','ACEVEDO','03521 - 15439131',NULL,1,NULL),(32492565,'MARIA FLORENCIA ','FERREYRA ','0351 - 155297167',NULL,1,NULL),(32549148,'gonzalo','marquez','0352415494425',NULL,1,NULL),(32579957,'ELIZABETH SUSANA ',' SANTILLAN','03576 - 451234',NULL,1,NULL),(32771847,'DANIELA GRISELDA ','LOPEZ','0353 - 154592005',NULL,1,NULL),(32787086,'HUGO RICARDO ',' BARRIOS','0351 - 157664447',NULL,1,NULL),(32925213,'CYNTHIA YOHANA','CRAVERO','03514215498',NULL,1,NULL),(32979705,'MAURICIO RICARDO ','SANCHEZ','03544 - 15465192',NULL,1,NULL),(33270835,'Maximiliano','Bustos','03571-410811',NULL,1,NULL),(33278077,' WALTER','SOMMI','0353154068808',NULL,1,NULL),(33359745,'MARIA JUSTINA DE LAS MERCEDES ','SORONDO OVANDO','0358 - 4647899',NULL,1,NULL),(33659553,'NOELIA BEATRIZ ',' MAINERO','03564 - 471741',NULL,1,NULL),(33750328,'LUCIA','BONAFE','0351 - 153494066',NULL,1,NULL),(33923490,'JESICA CECILIA','JUAN','0356415578257',NULL,1,NULL),(33976343,'CAROLINA ','RODRIGUEZ','0351 - 2332118',NULL,1,NULL),(34162103,'CESAR LUIS ','ORONO, ','0351 - 152016259',NULL,1,NULL),(34284676,'Nicolas Eduardo','Chol','03524 - 405750',NULL,1,NULL),(34359532,'ALEXIS EZEQUIEL ','DE VECCHI','3573 - 405289',NULL,1,NULL),(34414633,'FRANCISCO ANTONIO ','MANASSERO','0358 - 154907389',NULL,1,NULL),(34440323,'JOHANA SOFIA','CUEVAS','152094298',NULL,1,NULL),(34446744,'GABRIEL ','DELLA PORTA,','03571 - 15320750 / 03571 - 427388',NULL,1,NULL),(34456187,'NATALIA CECILIA','GIUBILEO','153295838',NULL,1,NULL),(34590665,'ANA LUCIA ',' MEDINA','0358 - 154378246',NULL,1,NULL),(34762902,'ANAHI','SANTILLAN','03541-15682647',NULL,1,NULL),(34840019,'FLORENCIA MELINA','GOMEZ',' /  / ',NULL,1,NULL),(34884494,' PABLO NICOLAS ','SARACHO','157559150',NULL,1,NULL),(34908545,'MARCOS LUIS','BERTELLO LIGORRIA','0351 - 2268359',NULL,1,NULL),(35089382,'marina gisel','alvarez ','0351 - 155331204',NULL,1,NULL),(35108599,'JORGE ADRIAN ','HAHN','0351 - 157653745',NULL,1,NULL),(35314848,' MARIA MACARENA','GIMENEZ','265715307339',NULL,1,NULL),(35471385,'ROCIO JACQUELINE ','OSSES','03572 - 15585254',NULL,1,NULL),(35894991,' MARIA NERINA ','BENAVIDEZ','03468 - 15415692',NULL,1,NULL),(36142363,'CESAR FEDERICO','rossi ','0351157594038',NULL,1,NULL),(36187664,'MAXIMILIANO JOSUE','LOPEZ','03525 15517445',NULL,1,NULL),(37156318,'YAHIA SOLEDAD ','ANTONIO, ','0351 - 156130919',NULL,1,NULL),(37193316,' YAMIL EDUARDO ','SANTILLAN,','03549 15538815',NULL,1,NULL),(37524492,'LUIS ANGEL','LESCANO','0352515414202',NULL,1,NULL),(38329600,'Silvia','Maldonado','0351-4554467',NULL,1,NULL),(38645666,'CELESTE JANET ','SORIA','0351 - 4707603/0351 - 156512964',NULL,1,NULL),(39325424,'JUAN MARTIN ','CASTRO','03385 - 15435347',NULL,1,NULL),(39419488,'YAMILA DEL VALLE','TELLO','0353 154134155',NULL,1,NULL),(39967617,'DANIEL ALEJANDRO ','AVENDANO','0353 - 155656000',NULL,1,NULL),(40204329,'FACUNDO GUSTAVO ','OYARZABAL','0358 - 154300940',NULL,1,NULL),(94209792,'CLAUDIA MARGOT ','JARA YANEZ','03571 - 506872',NULL,1,NULL),(94993576,' ODILE','GLORIEUX','0351-155572861 / 0351-4600263',NULL,1,NULL),(2147483647,'xxx','xxx','456431312',NULL,1,NULL);
/*!40000 ALTER TABLE `cliente` ENABLE KEYS */;
UNLOCK TABLES;

--
-- Table structure for table `compra`
--

DROP TABLE IF EXISTS `compra`;
/*!40101 SET @saved_cs_client     = @@character_set_client */;
 SET character_set_client = utf8mb4 ;
CREATE TABLE `compra` (
  `id_compra` int(10) unsigned NOT NULL AUTO_INCREMENT,
  `fecha_hora` timestamp NOT NULL DEFAULT CURRENT_TIMESTAMP ON UPDATE CURRENT_TIMESTAMP,
  `proveedor_cuit` bigint(20) unsigned NOT NULL,
  `id_usuario` int(11) DEFAULT NULL,
  `numero_comprobante` int(11) DEFAULT NULL,
  `total` float DEFAULT NULL,
  PRIMARY KEY (`id_compra`,`proveedor_cuit`),
  KEY `fk_compra_proveedor1_idx` (`proveedor_cuit`),
  KEY `fk_compra_usuario1_idx` (`id_usuario`),
  CONSTRAINT `fk_compra_proveedor1` FOREIGN KEY (`proveedor_cuit`) REFERENCES `proveedor` (`cuit`),
  CONSTRAINT `fk_compra_usuario1` FOREIGN KEY (`id_usuario`) REFERENCES `usuario` (`id_usuario`)
) ENGINE=InnoDB AUTO_INCREMENT=18 DEFAULT CHARSET=utf8;
/*!40101 SET character_set_client = @saved_cs_client */;

--
-- Dumping data for table `compra`
--

LOCK TABLES `compra` WRITE;
/*!40000 ALTER TABLE `compra` DISABLE KEYS */;
INSERT INTO `compra` VALUES (6,'2019-05-22 19:22:00',1234567,1,4321,20),(7,'2019-05-22 19:23:00',1234567,1,1222,46),(8,'2019-05-22 19:37:00',1234567,1,123,1),(9,'2019-05-22 20:59:00',1234567,1,3456789,50),(10,'2019-05-22 20:17:00',1234567,1,123,1),(11,'2019-05-22 20:27:00',1234567,1,123123,5),(12,'2019-05-22 20:50:00',1234567,1,123123,600),(13,'2019-05-22 20:29:00',1234567,1,123123,4920),(14,'2019-05-22 20:23:00',1234567,1,123,40),(15,'2019-06-20 01:50:00',2010156957,26,547682321,1100),(16,'2019-06-20 01:56:00',2011569857,26,123123123,1680),(17,'2019-06-20 01:18:00',1234567,26,123123123,1040);
/*!40000 ALTER TABLE `compra` ENABLE KEYS */;
UNLOCK TABLES;

--
-- Table structure for table `cuenta_corriente`
--

DROP TABLE IF EXISTS `cuenta_corriente`;
/*!40101 SET @saved_cs_client     = @@character_set_client */;
 SET character_set_client = utf8mb4 ;
CREATE TABLE `cuenta_corriente` (
  `id_cuenta` int(10) unsigned NOT NULL AUTO_INCREMENT,
  `balance` float DEFAULT NULL,
  `limite_credito` float DEFAULT NULL,
  PRIMARY KEY (`id_cuenta`)
) ENGINE=InnoDB AUTO_INCREMENT=10 DEFAULT CHARSET=utf8;
/*!40101 SET character_set_client = @saved_cs_client */;

--
-- Dumping data for table `cuenta_corriente`
--

LOCK TABLES `cuenta_corriente` WRITE;
/*!40000 ALTER TABLE `cuenta_corriente` DISABLE KEYS */;
INSERT INTO `cuenta_corriente` VALUES (1,0,1000),(2,0,1000),(3,0,1000),(4,0,1000),(5,0,1000),(6,0,100),(7,0,100),(8,0,10000),(9,0,10000);
/*!40000 ALTER TABLE `cuenta_corriente` ENABLE KEYS */;
UNLOCK TABLES;

--
-- Table structure for table `detalle_compra`
--

DROP TABLE IF EXISTS `detalle_compra`;
/*!40101 SET @saved_cs_client     = @@character_set_client */;
 SET character_set_client = utf8mb4 ;
CREATE TABLE `detalle_compra` (
  `id_detalle_compra` int(11) NOT NULL AUTO_INCREMENT,
  `id_producto` bigint(20) NOT NULL,
  `cantidad` int(11) DEFAULT NULL,
  `costo` float DEFAULT NULL,
  `porc_iva` float DEFAULT NULL,
  `id_compra` int(10) unsigned NOT NULL,
  PRIMARY KEY (`id_detalle_compra`,`id_producto`,`id_compra`),
  KEY `fk_detalle_compra_producto1_idx` (`id_producto`),
  KEY `fk_id_compra_idx` (`id_compra`)
) ENGINE=InnoDB AUTO_INCREMENT=24 DEFAULT CHARSET=utf8;
/*!40101 SET character_set_client = @saved_cs_client */;

--
-- Dumping data for table `detalle_compra`
--

LOCK TABLES `detalle_compra` WRITE;
/*!40000 ALTER TABLE `detalle_compra` DISABLE KEYS */;
INSERT INTO `detalle_compra` VALUES (6,1,23,2,1,7),(7,1,1,1,1,8),(8,1,1,50,5,9),(9,1,1,1,1,10),(10,1,1,5,1,11),(11,1,50,12,2,12),(12,1,40,123,1,13),(13,1,40,1,1,14),(14,1503,5,180,21,15),(15,1506,2,100,21,15),(16,1079,12,50,21,16),(17,1082,24,45,21,16),(18,296,4,15,21,17),(19,332,10,20,21,17),(20,4493,30,5,21,17),(21,2005,10,10,21,17),(22,548,30,1,21,17),(23,736,500,1,21,17);
/*!40000 ALTER TABLE `detalle_compra` ENABLE KEYS */;
UNLOCK TABLES;

--
-- Table structure for table `detalle_venta`
--

DROP TABLE IF EXISTS `detalle_venta`;
/*!40101 SET @saved_cs_client     = @@character_set_client */;
 SET character_set_client = utf8mb4 ;
CREATE TABLE `detalle_venta` (
  `id_detalle_venta` int(11) NOT NULL AUTO_INCREMENT,
  `cantidad` int(10) unsigned DEFAULT NULL,
  `precio_historico` float DEFAULT NULL,
  `id_producto` bigint(20) NOT NULL,
  PRIMARY KEY (`id_detalle_venta`,`id_producto`),
  KEY `fk_detalle_venta_producto1_idx` (`id_producto`),
  CONSTRAINT `fk_detalle_venta_producto1` FOREIGN KEY (`id_producto`) REFERENCES `producto` (`id_producto`)
) ENGINE=InnoDB AUTO_INCREMENT=15 DEFAULT CHARSET=utf8;
/*!40101 SET character_set_client = @saved_cs_client */;

--
-- Dumping data for table `detalle_venta`
--

LOCK TABLES `detalle_venta` WRITE;
/*!40000 ALTER TABLE `detalle_venta` DISABLE KEYS */;
INSERT INTO `detalle_venta` VALUES (1,4,45,1),(2,5,45,1),(3,5,45,1),(4,1,45,1),(4,5,200,123),(5,4,45,1),(5,1,200,123),(6,2,34,296),(6,3,39,3483),(7,5,36,301),(8,2,60,427),(9,10,180,918),(10,2,20,1080),(10,1,257,1503),(11,1,36,302),(11,5,49,2747),(12,1,34,1958),(12,2,46,3184),(12,5,71,3223),(12,2,46,3988),(13,1,210,2777),(13,4,67,3522),(13,1,108,4572),(13,2,99,4622),(13,4,72,4736),(14,1,26,322);
/*!40000 ALTER TABLE `detalle_venta` ENABLE KEYS */;
UNLOCK TABLES;

--
-- Table structure for table `forma_pago`
--

DROP TABLE IF EXISTS `forma_pago`;
/*!40101 SET @saved_cs_client     = @@character_set_client */;
 SET character_set_client = utf8mb4 ;
CREATE TABLE `forma_pago` (
  `id_forma_pago` int(10) unsigned NOT NULL AUTO_INCREMENT,
  `descripcion` varchar(200) DEFAULT NULL,
  PRIMARY KEY (`id_forma_pago`)
) ENGINE=InnoDB AUTO_INCREMENT=3 DEFAULT CHARSET=utf8;
/*!40101 SET character_set_client = @saved_cs_client */;

--
-- Dumping data for table `forma_pago`
--

LOCK TABLES `forma_pago` WRITE;
/*!40000 ALTER TABLE `forma_pago` DISABLE KEYS */;
INSERT INTO `forma_pago` VALUES (1,'Tarjeta de Credito'),(2,'Efectivo');
/*!40000 ALTER TABLE `forma_pago` ENABLE KEYS */;
UNLOCK TABLES;

--
-- Table structure for table `movimiento_cuenta_corriente`
--

DROP TABLE IF EXISTS `movimiento_cuenta_corriente`;
/*!40101 SET @saved_cs_client     = @@character_set_client */;
 SET character_set_client = utf8mb4 ;
CREATE TABLE `movimiento_cuenta_corriente` (
  `id_movimiento` int(11) NOT NULL,
  `fecha_hora` date DEFAULT NULL,
  `descripcion` varchar(200) DEFAULT NULL,
  `monto` float DEFAULT NULL,
  `id_cuenta` int(10) unsigned NOT NULL,
  `id_detalle_venta` int(11) NOT NULL,
  `id_usuario` int(11) NOT NULL,
  PRIMARY KEY (`id_movimiento`,`id_cuenta`,`id_detalle_venta`,`id_usuario`),
  KEY `fk_movimiento_cuenta_corriente_cuenta_corriente1_idx` (`id_cuenta`),
  KEY `fk_movimiento_cuenta_corriente_venta1_idx` (`id_detalle_venta`),
  KEY `fk_movimiento_cuenta_corriente_usuario1_idx` (`id_usuario`),
  CONSTRAINT `fk_movimiento_cuenta_corriente_cuenta_corriente1` FOREIGN KEY (`id_cuenta`) REFERENCES `cuenta_corriente` (`id_cuenta`),
  CONSTRAINT `fk_movimiento_cuenta_corriente_usuario1` FOREIGN KEY (`id_usuario`) REFERENCES `usuario` (`id_usuario`),
  CONSTRAINT `fk_movimiento_cuenta_corriente_venta1` FOREIGN KEY (`id_detalle_venta`) REFERENCES `venta` (`id_detalle_venta`)
) ENGINE=InnoDB DEFAULT CHARSET=utf8;
/*!40101 SET character_set_client = @saved_cs_client */;

--
-- Dumping data for table `movimiento_cuenta_corriente`
--

LOCK TABLES `movimiento_cuenta_corriente` WRITE;
/*!40000 ALTER TABLE `movimiento_cuenta_corriente` DISABLE KEYS */;
/*!40000 ALTER TABLE `movimiento_cuenta_corriente` ENABLE KEYS */;
UNLOCK TABLES;

--
-- Table structure for table `producto`
--

DROP TABLE IF EXISTS `producto`;
/*!40101 SET @saved_cs_client     = @@character_set_client */;
 SET character_set_client = utf8mb4 ;
CREATE TABLE `producto` (
  `id_producto` bigint(20) NOT NULL,
  `tipo_producto` int(10) unsigned NOT NULL,
  `precio` float DEFAULT NULL,
  `stock` int(11) DEFAULT '0',
  `descripcion` varchar(200) DEFAULT NULL,
  PRIMARY KEY (`id_producto`),
  KEY `fk_producto_tipo_producto_idx` (`tipo_producto`),
  CONSTRAINT `fk_producto_tipo_producto` FOREIGN KEY (`tipo_producto`) REFERENCES `tipo_producto` (`id_tipo_producto`)
) ENGINE=InnoDB DEFAULT CHARSET=utf8;
/*!40101 SET character_set_client = @saved_cs_client */;

--
-- Dumping data for table `producto`
--

LOCK TABLES `producto` WRITE;
/*!40000 ALTER TABLE `producto` DISABLE KEYS */;
INSERT INTO `producto` VALUES (1,1,45,40,'Leche'),(10,6,18,9,'  CARAMELOS MENTHOPLUS 2 MENTHOL'),(11,6,198,22,'ABRILLANTADOR FINISH'),(12,7,108,49,'ACEIT. NEGRAS/VERDE SUELTAS ES'),(15,4,523,41,'ACEITE DE MAIZ ABEDUL INDIVIDUAL'),(16,4,124,50,'ACEITE DE MAIZ ARCOR'),(17,4,1397,27,'ACEITE DE MANI KING'),(18,4,940,1,'ACEITE DE OLIVA ABEDUL INDIVIDUAL'),(19,4,156,7,'ACEITE DE OLIVA CASALTA'),(20,4,237,35,'ACEITE DE OLIVA CON AJO LA TOSCANA'),(21,4,237,26,'ACEITE DE OLIVA CON ALBAHACA LA TOSCANA'),(22,4,237,39,'ACEITE DE OLIVA CON LIMON LA TOSCANA'),(23,4,165,47,'ACEITE DE OLIVA DON NICOLAS'),(24,4,295,42,'ACEITE DE OLIVA DON NICOLAS'),(25,4,38,23,'ACEITE DE OLIVA DON NICOLAS'),(26,4,120,10,'ACEITE DE OLIVA EL GRINGO'),(27,4,354,35,'ACEITE DE OLIVA EL GRINGO'),(28,4,532,33,'ACEITE DE OLIVA EL GRINGO'),(29,4,68,47,'ACEITE DE OLIVA EL GRINGO'),(30,4,135,1,'ACEITE DE OLIVA EXTRA VIRGEN AGROSABOR'),(31,4,574,18,'ACEITE DE OLIVA EXTRA VIRGEN SAN JUAN DE ULLUM'),(32,4,181,21,'ACEITE DE OLIVA EXTRA VIRGEN SAN JUAN DE ULLUM'),(33,4,245,35,'ACEITE DE OLIVA EXTRA VIRGEN SAN JUAN DE ULLUM'),(34,4,133,27,'ACEITE DE OLIVA LA ALMAZARA'),(35,4,74,40,'ACEITE DE OLIVA LA ALMAZARA'),(36,4,203,43,'ACEITE DE OLIVA LA TOSCANA'),(37,4,276,21,'ACEITE DE OLIVA LA TOSCANA LATA'),(38,4,362,47,'ACEITE GIRASOL IDEAL'),(39,4,72,32,'ACEITE GRANO DE ORO GIRASOL'),(40,4,690,31,'ACEITE INDIVIDUAL ARISCO'),(41,4,560,42,'ACEITE INDIVIDUAL CONRAY'),(42,4,123,9,'ACEITE NATURA'),(43,4,265,6,'ACEITE NATURA'),(44,4,85,34,'ACEITE NATURA'),(45,4,429,32,'ACEITE NATURA BIDON'),(46,4,114,21,'ACEITE PATITO GIRASOL'),(47,4,71,44,'ACEITE PATITO GIRASOL'),(48,4,366,6,'ACEITE SAN BERNARDINO'),(49,4,73,26,'ACEITE SAN BERNARDINO'),(50,7,154,35,'ACEITUNAS DESCAROZADAS VERDES EL GRINGO'),(51,7,182,49,'ACEITUNAS NEGRAS 0 EL GRINGO'),(52,7,343,10,'ACEITUNAS NEGRAS 0 EL GRINGO'),(53,7,83,4,'ACEITUNAS NEGRAS 0 EL GRINGO'),(54,7,765,44,'ACEITUNAS NEGRAS 0 EL GRINGO'),(55,7,102,43,'ACEITUNAS NEGRAS 0 EL GRINGO'),(56,7,103,45,'ACEITUNAS NEGRAS 00 EL GRINGO'),(57,7,294,14,'ACEITUNAS NEGRAS 000 EL GRINGO'),(58,7,519,30,'ACEITUNAS NEGRAS 000 EL GRINGO'),(59,7,1337,20,'ACEITUNAS NEGRAS 000 EL GRINGO'),(60,7,579,2,'ACEITUNAS NEGRAS 000 EZEQUIEL'),(61,7,163,32,'ACEITUNAS NEGRAS 1 EL GRINGO'),(62,7,632,29,'ACEITUNAS NEGRAS 1 EL GRINGO'),(63,7,139,28,'ACEITUNAS NEGRAS 2 EL GRINGO'),(64,7,69,3,'ACEITUNAS NEGRAS CONDIMENTADAS EL GRINGO'),(65,7,134,18,'ACEITUNAS NEGRAS FILETEADAS EL GRINGO'),(66,7,83,22,'ACEITUNAS NEGRAS FILETEADAS EL GRINGO'),(67,7,113,47,'ACEITUNAS NEGRAS RODAJAS EZEQUIEL'),(68,7,150,17,'ACEITUNAS RELLENAS EL GRINGO'),(69,7,96,33,'ACEITUNAS RELLENAS EL GRINGO'),(70,7,147,49,'ACEITUNAS VERDES 0 EL GRINGO'),(71,7,284,36,'ACEITUNAS VERDES 0 EL GRINGO'),(72,7,546,40,'ACEITUNAS VERDES 0 EL GRINGO'),(73,7,87,41,'ACEITUNAS VERDES 0 EL GRINGO'),(74,7,76,36,'ACEITUNAS VERDES 0 LA TOTI'),(75,7,124,39,'ACEITUNAS VERDES 0 LA TOTI'),(76,7,348,40,'ACEITUNAS VERDES 00 DON NICOLAS'),(77,7,64,31,'ACEITUNAS VERDES 00 EL GRINGO'),(78,7,986,11,'ACEITUNAS VERDES 000 EL GRINGO'),(79,7,123,9,'ACEITUNAS VERDES 000 EL GRINGO'),(80,7,161,40,'ACEITUNAS VERDES 1 BACARUDA'),(81,7,106,3,'ACEITUNAS VERDES 1 EL GRINGO'),(82,7,195,41,'ACEITUNAS VERDES 1 EL GRINGO'),(83,7,38,16,'ACEITUNAS VERDES 1 EL GRINGO'),(84,7,362,13,'ACEITUNAS VERDES 1 EL GRINGO'),(85,7,58,9,'ACEITUNAS VERDES 1 EL GRINGO'),(86,7,219,37,'ACEITUNAS VERDES 2 DON NICOLAS'),(87,7,107,48,'ACEITUNAS VERDES 2 EL GRINGO'),(88,7,143,37,'ACEITUNAS VERDES 2 EL GRINGO'),(89,7,287,21,'ACEITUNAS VERDES 3 DON NICOLAS'),(90,7,96,16,'ACEITUNAS VERDES 3 EL GRINGO'),(91,7,218,7,'ACEITUNAS VERDES 3 EL GRINGO'),(92,7,51,19,'ACEITUNAS VERDES 3 EL GRINGO'),(93,7,45,18,'ACEITUNAS VERDES ALMAZARA FRASCO'),(94,7,62,13,'ACEITUNAS VERDES BORDI FRASCO'),(95,7,25,49,'ACEITUNAS VERDES BORDI SACHET'),(96,7,53,49,'ACEITUNAS VERDES DESCAROZADAS EL GRINGO'),(97,7,292,32,'ACEITUNAS VERDES DESTRUIDAS EL GRINGO'),(98,7,45,30,'ACEITUNAS VERDES FILETEADAS'),(99,7,141,43,'ACEITUNAS VERDES FILETEADAS EL GRINGO'),(100,7,209,4,'ACEITUNAS VERDES FILETEADAS EL GRINGO'),(101,7,519,16,'ACEITUNAS VERDES FILETEADAS EL GRINGO'),(102,7,64,47,'ACEITUNAS VERDES FILETEADAS EL GRINGO'),(103,7,88,38,'ACEITUNAS VERDES N1 LA TOTI'),(104,7,211,31,'ACEITUNAS VERDES N1 LA TOTI'),(105,7,86,23,'ACEITUNAS VERDES N2 LA TOTI'),(106,7,197,17,'ACEITUNAS VERDES N2 LA TOTI'),(107,7,145,18,'ACEITUNAS VERDES N3 EZEQUIEL'),(108,7,299,30,'ACEITUNAS VERDES RELLENAS EL GRINGO'),(109,7,290,4,'ACEITUNAS VERDES ROTAS EL GRINGO'),(110,8,54,4,'ACONDICIONADOR PANTENE SUMMER RESTAURACION'),(111,8,74,15,'ACONDICIONADOR PLUSBELLE ANTIOXIDANTE'),(112,8,57,20,'ACONDICIONADOR PLUSBELLE BRILLO LUMINOSO'),(113,8,41,38,'ACONDICIONADOR PLUSBELLE BRILLO LUMINOSO'),(114,8,57,10,'ACONDICIONADOR PLUSBELLE CABELLO GRASO'),(115,8,74,31,'ACONDICIONADOR PLUSBELLE HIDRATACION AMINOBIO ACT.'),(116,8,57,18,'ACONDICIONADOR PLUSBELLE KIDS CON QUASSIA AMARGA'),(117,8,57,19,'ACONDICIONADOR PLUSBELLE KIDS FACIL PEINADO'),(118,8,44,43,'ACONDICIONADOR PLUSBELLE KIDS FRAGANCIA DURADERA'),(119,8,41,49,'ACONDICIONADOR PLUSBELLE NUTRICION CREME'),(120,8,74,21,'ACONDICIONADOR PLUSBELLE SUAVIDAD Y CUIDADO'),(121,8,114,10,'ACONDICIONADOR RESTAURACION PANTENE MAX PRO-V'),(122,8,93,13,'ACONDICIONADOR RIZOS DEFINIDOS PANTENE MAX PRO-V'),(123,2,200,0,'Fernet chico'),(124,8,71,48,'ACONDICIONADOR SEDAL CERAMIDAS'),(125,8,44,34,'ACONDICIONADOR SEDAL COLOR VITAL'),(126,8,71,7,'ACONDICIONADOR SEDAL CRECIMIENTO SALUDABLE'),(127,8,61,40,'ACONDICIONADOR SEDAL RIZOS OBEDIENTES'),(128,8,67,41,'ACONDICIONADOR SUAVE COCO Y LECHE'),(129,8,34,6,'ACONDICIONADOR SUAVE COCO Y LECHE CUIDADO INTENSO'),(130,8,47,45,'ACONDICIONADOR SUAVE JAZMIN'),(131,8,67,2,'ACONDICIONADOR SUAVE MANZANA VERDE'),(132,8,170,22,'ACTIMEL LA SERENISIMA FRUTILLA PACK'),(133,8,164,17,'ACTIMEL LA SERENISIMA MULTIFRUTA PACK'),(134,8,41,18,'ADEREZO PARA ENSALADAS SUAVE TAHITI'),(135,2,65,18,'AGUA BIDON VILLA DEL SUR'),(136,2,55,23,'AGUA MINERAL BIDON DE LAS ESTRELLAS'),(137,2,70,12,'AGUA MINERAL BIDON NESTLE'),(138,2,49,44,'AGUA MINERAL BIDON SPECIAL WATER'),(139,2,46,8,'AGUA MINERAL BON AQUA'),(140,2,60,22,'AGUA MINERAL BON AQUA'),(141,2,64,32,'AGUA MINERAL BON AQUA'),(142,2,30,10,'AGUA MINERAL BON AQUA'),(143,2,32,49,'AGUA MINERAL DE LAS ESTRELLAS'),(144,2,17,1,'AGUA MINERAL DE LAS ESTRELLAS'),(145,2,27,0,'AGUA MINERAL ECO DE LOS ANDES'),(146,2,30,11,'AGUA MINERAL ECO DE LOS ANDES'),(147,2,25,13,'AGUA MINERAL ECO DE LOS ANDES'),(148,2,27,9,'AGUA MINERAL GLACIAR'),(149,2,45,5,'AGUA MINERAL GLACIAR'),(150,2,111,18,'AGUA MINERAL GLACIAR'),(151,2,37,3,'AGUA MINERAL KIN'),(152,2,29,19,'AGUA MINERAL KIN'),(153,2,18,27,'AGUA MINERAL NESTLE'),(154,2,38,41,'AGUA MINERAL NESTLE'),(155,2,33,11,'AGUA MINERAL SAN REMO'),(156,2,34,4,'AGUA MINERAL SAN REMO'),(157,2,20,20,'AGUA MINERAL SAN REMO'),(158,2,21,18,'AGUA MINERAL SIERRA DE LOS PADRES'),(159,2,12,50,'AGUA MINERAL SPECIAL WATER'),(160,2,32,0,'AGUA MINERAL VILLA DEL SUR'),(161,2,35,7,'AGUA MINERAL VILLA DEL SUR'),(162,2,22,12,'AGUA MINERAL VILLA DEL SUR'),(163,2,13,28,'AGUA MINERAL VILLA DEL SUR FLIP'),(164,2,35,24,'AGUA MINERAL VILLAVICENCIO'),(165,2,25,47,'AGUA MINERAL VILLAVICENCIO'),(166,2,22,16,'AGUA MINERAL VILLAVICENCIO SPORT'),(167,2,33,34,'AGUA MINERAL VILLAVICENCIO.'),(168,2,11,2,'AGUA OXIGENADA EN CREMA HIERBAS DR.20 DE 20VOLUMEN'),(169,2,30,2,'AGUA SABORIZADA  MANDARINA LEVITE'),(170,2,45,9,'AGUA SABORIZADA ANANA LEVITE'),(171,2,55,37,'AGUA SABORIZADA ANANA LEVITE'),(172,2,60,49,'AGUA SABORIZADA ANANA LEVITE'),(173,2,30,28,'AGUA SABORIZADA ANANA LEVITE'),(174,2,53,42,'AGUA SABORIZADA AQUARIUS CITRUS CERO'),(175,2,62,47,'AGUA SABORIZADA AQUARIUS CITRUS CERO'),(176,2,27,1,'AGUA SABORIZADA AQUARIUS CITRUS CERO'),(177,2,54,14,'AGUA SABORIZADA AQUARIUS LIMONADA'),(178,2,62,9,'AGUA SABORIZADA AQUARIUS LIMONADA'),(179,2,26,48,'AGUA SABORIZADA AQUARIUS LIMONADA'),(180,2,54,15,'AGUA SABORIZADA AQUARIUS LIMONADA CERO'),(181,2,62,9,'AGUA SABORIZADA AQUARIUS LIMONADA CERO'),(182,2,24,7,'AGUA SABORIZADA AQUARIUS LIMONADA CERO'),(183,2,54,26,'AGUA SABORIZADA AQUARIUS MANZANA'),(184,2,62,3,'AGUA SABORIZADA AQUARIUS MANZANA'),(185,2,29,41,'AGUA SABORIZADA AQUARIUS MANZANA'),(186,2,54,24,'AGUA SABORIZADA AQUARIUS MARACUYA CERO'),(187,2,58,17,'AGUA SABORIZADA AQUARIUS NARANJA'),(188,2,62,24,'AGUA SABORIZADA AQUARIUS NARANJA'),(189,2,22,1,'AGUA SABORIZADA AQUARIUS NARANJA'),(190,2,59,2,'AGUA SABORIZADA AQUARIUS PERA'),(191,2,63,43,'AGUA SABORIZADA AQUARIUS PERA'),(192,2,29,49,'AGUA SABORIZADA AQUARIUS PERA'),(193,2,43,12,'AGUA SABORIZADA AQUARIUS POMELO'),(194,2,70,12,'AGUA SABORIZADA AQUARIUS POMELO'),(195,2,29,13,'AGUA SABORIZADA AQUARIUS POMELO'),(196,2,33,35,'AGUA SABORIZADA AWAFRUT NARANJA DURAZNO'),(197,2,19,12,'AGUA SABORIZADA AWAFRUT POMELO'),(198,2,16,50,'AGUA SABORIZADA CITRUS SIERRA DE LOS PADRES'),(199,2,45,37,'AGUA SABORIZADA FRUTILLA LIMON DOBLE SABOR LEVITE'),(200,2,60,12,'AGUA SABORIZADA FRUTILLA LIMON DOBLE SABOR LEVITE'),(201,2,30,40,'AGUA SABORIZADA FRUTILLA LIMON DOBLE SABOR LEVITE'),(202,2,45,12,'AGUA SABORIZADA LEVITE'),(203,2,60,22,'AGUA SABORIZADA LEVITE'),(204,2,30,23,'AGUA SABORIZADA LEVITE'),(205,2,45,6,'AGUA SABORIZADA LIMON CERO LEVITE'),(206,2,30,8,'AGUA SABORIZADA LIMON CERO LEVITE'),(207,2,60,21,'AGUA SABORIZADA LIMONADA CERO LEVITE'),(208,2,45,38,'AGUA SABORIZADA LIMONADA CLASICA LEVITE'),(209,2,60,11,'AGUA SABORIZADA LIMONADA CLASICA LEVITE'),(210,2,30,2,'AGUA SABORIZADA LIMONADA CLASICA LEVITE'),(211,2,45,45,'AGUA SABORIZADA LIMONADA FRUTILLA LEVITE'),(212,2,30,2,'AGUA SABORIZADA LIMONADA FRUTILLA LEVITE'),(213,2,40,32,'AGUA SABORIZADA LIVRA MANZANA'),(214,2,26,39,'AGUA SABORIZADA LIVRA MANZANA'),(215,2,40,45,'AGUA SABORIZADA LIVRA MANZANA CERO'),(216,2,40,7,'AGUA SABORIZADA LIVRA NARANJA'),(217,2,40,5,'AGUA SABORIZADA LIVRA PERA'),(218,2,40,11,'AGUA SABORIZADA LIVRA POMELO'),(219,2,26,31,'AGUA SABORIZADA LIVRA POMELO'),(220,2,40,27,'AGUA SABORIZADA LIVRA POMELO PINK CERO'),(221,2,32,46,'AGUA SABORIZADA MAGNA CITRUS'),(222,2,32,41,'AGUA SABORIZADA MAGNA NARANJA'),(223,2,32,44,'AGUA SABORIZADA MAGNA POMELO'),(224,2,45,11,'AGUA SABORIZADA MANDARI LIMON  DOBLE SABOR LEVITE'),(225,2,45,17,'AGUA SABORIZADA MANGO NARANJA DOBLE SABOR LEVITE'),(226,2,65,34,'AGUA SABORIZADA MANGO NARANJA DOBLE SABOR LEVITE'),(227,2,30,16,'AGUA SABORIZADA MANGO NARANJA DOBLE SABOR LEVITE'),(228,2,45,8,'AGUA SABORIZADA MANZANA CERO LEVITE'),(229,2,45,23,'AGUA SABORIZADA MANZANA CERO LEVITE'),(230,2,60,50,'AGUA SABORIZADA MANZANA CERO LEVITE'),(231,2,30,3,'AGUA SABORIZADA MANZANA CERO LEVITE'),(232,2,21,24,'AGUA SABORIZADA MANZANA FLIP'),(233,2,45,11,'AGUA SABORIZADA MANZANA LEVITE'),(234,2,55,41,'AGUA SABORIZADA MANZANA LEVITE'),(235,2,60,40,'AGUA SABORIZADA MANZANA LEVITE'),(236,2,12,48,'AGUA SABORIZADA MANZANA LEVITE'),(237,2,30,29,'AGUA SABORIZADA MANZANA LEVITE'),(238,2,15,17,'AGUA SABORIZADA MANZANA SIERRA DE LOS PADRES'),(239,2,16,3,'AGUA SABORIZADA MULTIFRUTA SIERRA DE LOS PADRES'),(240,2,60,38,'AGUA SABORIZADA NARANJA CERO LEVITE'),(241,2,45,1,'AGUA SABORIZADA NARANJA CERO LEVITE'),(242,2,30,10,'AGUA SABORIZADA NARANJA CERO LEVITE'),(243,2,55,49,'AGUA SABORIZADA NARANJA LEVITE'),(244,2,60,12,'AGUA SABORIZADA NARANJA LEVITE'),(245,2,12,47,'AGUA SABORIZADA NARANJA LEVITE'),(246,2,30,33,'AGUA SABORIZADA NARANJA LEVITE'),(247,2,45,6,'AGUA SABORIZADA NARANJA LEVITE'),(248,2,18,25,'AGUA SABORIZADA NARANJA LEVITE FLIP'),(249,2,16,29,'AGUA SABORIZADA NARANJA SIERRA DE LOS PADRES'),(250,2,45,8,'AGUA SABORIZADA NARANJADAS CLASICA LEVITE'),(251,2,30,47,'AGUA SABORIZADA NARANJADAS CLASICA LEVITE'),(252,2,45,29,'AGUA SABORIZADA NARANJADAS HIERBAS LEVITE'),(253,2,45,21,'AGUA SABORIZADA PERA CERO LEVITE'),(254,2,30,15,'AGUA SABORIZADA PERA CERO LEVITE'),(255,2,60,2,'AGUA SABORIZADA PERA LEVITE'),(256,2,30,41,'AGUA SABORIZADA PERA LEVITE'),(257,2,55,40,'AGUA SABORIZADA PERA LEVITE'),(258,2,45,17,'AGUA SABORIZADA PERA LEVITE'),(259,2,16,7,'AGUA SABORIZADA PERA SIERRA DE LOS PADRES'),(260,2,17,0,'AGUA SABORIZADA PLACER ANANA'),(261,2,17,38,'AGUA SABORIZADA PLACER MANZANA'),(262,2,17,0,'AGUA SABORIZADA PLACER NARANJA'),(263,2,17,20,'AGUA SABORIZADA PLACER PERA'),(264,2,17,34,'AGUA SABORIZADA PLACER POMELO'),(265,2,55,42,'AGUA SABORIZADA POMELO CERO LEVITE'),(266,2,45,25,'AGUA SABORIZADA POMELO CERO LEVITE'),(267,2,30,10,'AGUA SABORIZADA POMELO CERO LEVITE'),(268,2,60,9,'AGUA SABORIZADA POMELO CERO LEVITE'),(269,2,55,46,'AGUA SABORIZADA POMELO LEVITE'),(270,2,12,33,'AGUA SABORIZADA POMELO LEVITE'),(271,2,45,11,'AGUA SABORIZADA POMELO LEVITE'),(272,2,30,3,'AGUA SABORIZADA POMELO LEVITE'),(273,2,60,20,'AGUA SABORIZADA POMELO LEVITE'),(274,2,16,12,'AGUA SABORIZADA POMELO SIERRA DE LOS PADRES'),(275,2,16,29,'AGUA SABORIZADA POMELO ZERO C/GAS SIERRA DE LOS PA'),(276,2,37,22,'AGUA SABORIZADA SANDIA FRAMBUESA DOBLE SABOR LEVIT'),(277,2,23,21,'AGUA SABORIZADA SANDIA FRAMBUESA DOBLE SABOR LEVIT'),(278,2,30,18,'AGUA SABORIZADA SER MANZANA'),(279,2,30,32,'AGUA SABORIZADA SER NARANJA'),(280,2,30,1,'AGUA SABORIZADA SER POMELO'),(281,2,49,38,'AGUA TONICA PASO DE LOS TOROS'),(282,2,30,38,'AGUAS SABORIZADAS NARANJADAS CLASICA LEVITE'),(283,2,85,3,'ALCOHOL DE QUEMAR PORTA'),(284,2,77,14,'ALCOHOL EN GEL ALOE VERA PORTA'),(285,2,57,12,'ALCOHOL EN GEL BIALCOHOL PORTA'),(286,2,32,34,'ALCOHOL EN GEL BIALCOHOL PORTA'),(287,2,94,20,'ALCOHOL EN GEL CREMA PORTA'),(288,2,28,16,'ALCOHOL EN GEL EVO BACTERICIDA  INSTANTANEO'),(289,2,74,3,'ALCOHOL EN GEL KIDS BLUE PORTA'),(290,2,74,22,'ALCOHOL EN GEL PINK KIDS PORTA'),(291,2,39,7,'ALCOHOL ETILICO BIALCOHOL PORTA'),(292,2,69,3,'ALCOHOL ETILICO PORTA USO INSTITUCIONAL'),(293,2,146,21,'ALCOHOL EXTRA NEUTRO PORTA'),(294,2,95,50,'ALCOHOL PURO PORTA'),(295,2,60,13,'ALCOHOL PURO PORTA PVC'),(296,1,34,7,'ALFAJOR B Y N TRIPLE BLANCO'),(297,1,34,35,'ALFAJOR B Y N TRIPLE NEGRO'),(298,1,34,32,'ALFAJOR BLOCK'),(299,1,22,9,'ALFAJOR BON O BON LECHE'),(300,1,34,32,'ALFAJOR BON O BON TRIPLE'),(301,1,36,45,'ALFAJOR CERRO AZUL DULCE DE LECHE SIN TACC'),(302,1,36,2,'ALFAJOR CERRO AZUL MOUSSE DE CHOCOLATE ORIGEN ANIM'),(303,1,36,18,'ALFAJOR CERRO AZUL MOUSSE DE CHOCOLATE SIN TACC'),(304,1,36,24,'ALFAJOR CERRO AZUL MOUSSE DE LIMON ORIGEN ANIMAL'),(305,1,36,44,'ALFAJOR CERRO AZUL MOUSSE DE LIMON SIN TACC'),(306,1,49,15,'ALFAJOR CERRO AZUL SIN AZUCAR DULCE DE LECHE'),(307,1,18,24,'ALFAJOR DE ARROZ DOS HERMANOS BLANCO'),(308,1,18,48,'ALFAJOR DE ARROZ DOS HERMANOS LIMON'),(309,1,18,9,'ALFAJOR DE ARROZ DOS HERMANOS NEGRO'),(310,1,15,29,'ALFAJOR FANTOCHE SIMPLE NIGHT'),(311,1,19,42,'ALFAJOR FANTOCHE TRIPLE BLANCO'),(312,1,21,5,'ALFAJOR FANTOCHE TRIPLE CHOCOLATE'),(313,1,18,38,'ALFAJOR FANTOCHE TRIPLE DAY'),(314,1,18,8,'ALFAJOR FANTOCHE TRIPLE NIGHT'),(315,1,4,35,'ALFAJOR FULBITO CHOCOLATE'),(316,1,4,14,'ALFAJOR FULBITO MANI'),(317,1,8,5,'ALFAJOR GRANDOTE TRIPLE NEGRO'),(318,1,21,9,'ALFAJOR MILKA SIMPLE MOUSSE BLANCO'),(319,1,19,22,'ALFAJOR MILKA SIMPLE MOUSSE NEGRO'),(320,1,26,41,'ALFAJOR MILKA TORTA OREO C/VAINILLA Y DULCE LECHE'),(321,1,26,8,'ALFAJOR MILKA TRIPLE DULCE DE LECHE'),(322,1,26,36,'ALFAJOR MILKA TRIPLE MOUSSE'),(323,1,28,23,'ALFAJOR MILKA TRIPLE MOUSSE BLANCO'),(324,1,50,41,'ALFAJOR MINI TOFI GLASEADO X 6'),(325,1,48,49,'ALFAJOR MINI TOFI NEGRO X 6'),(326,1,34,18,'ALFAJOR MINI TORTA AGUILA BROWNIE'),(327,1,34,3,'ALFAJOR MINI TORTA AGUILA CLASICA'),(328,1,34,1,'ALFAJOR MINI TORTA AGUILA COCO'),(329,1,34,13,'ALFAJOR MINI TORTA AGUILA FRUTOS ROJOS'),(330,1,4,4,'ALFAJOR MOGY NEGRO'),(331,1,27,16,'ALFAJOR OREO TRILOGIA'),(332,1,26,16,'ALFAJOR OREO TRIPLE'),(333,1,27,3,'ALFAJOR PEPITOS TRIPLE'),(334,1,6,50,'ALFAJOR POLVORITA NEGRO'),(335,1,27,42,'ALFAJOR SER'),(336,1,27,19,'ALFAJOR SHOT TRIPLE'),(337,1,23,25,'ALFAJOR SUCHARD RELLENO DE MOUSSE'),(338,1,10,24,'ALFAJOR TATIN BLANCO'),(339,1,10,32,'ALFAJOR TATIN NEGRO'),(340,1,18,40,'ALFAJOR TATIN TRIPLE BLANCO'),(341,1,18,23,'ALFAJOR TATIN TRIPLE NEGRO'),(342,1,27,40,'ALFAJOR TERRABUSI TRIPLE C/DULCE DE LECHE'),(343,1,18,11,'ALFAJOR TERRABUSSI SIMPLE CLASICO'),(344,1,18,48,'ALFAJOR TERRABUSSI SIMPLE GLASEADO'),(345,1,17,0,'ALFAJOR TITA'),(346,1,34,6,'ALFAJOR TOFI BLANCO TRIPLE'),(347,1,17,49,'ALFAJOR TOFI GLASEADO'),(348,1,34,7,'ALFAJOR TOFI NEGRO'),(349,1,15,48,'ALFAJOR TOFI NEGRO'),(350,1,27,15,'ALFAJOR TORTA TERRABUSI X3'),(351,1,15,38,'ALFAJOR TRIPLE GUAYMALLEN NEGRO'),(352,1,29,14,'ALGODON DONCELLA CLASICO'),(353,1,425,4,'ALMENDRAS FRACCIONADAS'),(354,1,12,16,'ALMIDON DE MAIZ EGRAN'),(355,1,47,27,'ALMIDON DE MAIZ VELEZ'),(356,1,78,10,'ALMIDON DE MAIZ VELEZ'),(357,1,202,38,'ALMOHADITAS SUELTO'),(358,1,90,17,'AMERICANO LIVIANO CAZALIS'),(359,1,130,0,'ANANA BAHIA EN RODAJAS'),(360,1,85,35,'ANANA EN RODAJAS BAHIA'),(361,1,95,26,'ANANA EN RODAJAS CANNED FOOD'),(362,1,315,21,'ANANA EN RODAJAS TERRAMARE'),(363,1,45,42,'ANANA FIZZ RAMA CAIDA'),(364,1,60,26,'ANANA FIZZ REAL'),(365,1,163,46,'ANANA LA CAMPAGNOLA'),(366,1,66,0,'ANANA RODAJAS CARACAS'),(367,1,1925,8,'ANCHOAS EN ACEITE BALDE SOL DEL MAR'),(368,1,245,2,'ANCHOAS EN SALMUERA SOBRE MARFOR'),(369,1,25,35,'ANIS EN GRANO ALICANTE'),(370,1,19,32,'ANIS EN GRANO VELEZ'),(371,1,157,34,'ANIS SHAMI'),(372,1,378,41,'ANTIGRASA MAVAX'),(373,1,28,37,'ANTORCHITA BROOMY'),(374,1,55,3,'APERITIVO AMERICANO EL ABUELO'),(375,1,146,27,'APERITIVO RED BITTER GANCIA'),(376,1,63,20,'APERITIVO VERMOUTH EL ABUELO'),(377,1,292,22,'APEROL'),(378,1,87,27,'APRESTO KLARO EN AEROSOL'),(379,1,83,36,'APRESTO KLARO LIQUIDO EN GATILLO'),(380,1,42,14,'APRESTO ROBIN C/SILICONA A GATILLO'),(381,1,42,25,'APRESTO ROBIN PARA LA ROPA DP'),(382,1,84,5,'ARANDANOS ENTEROS BAHIA'),(383,1,38,2,'ARITOS CON MIEL GRANIX'),(384,1,20,18,'ARITOS DE ARROZ DOS HERMANOS  CREMA CON CEBOLLA'),(385,1,39,4,'ARITOS DE ARROZ DOS HERMANOS CREMA CON CEBOLLA'),(386,1,38,2,'ARITOS FRUTALES GRANIX'),(387,1,161,1,'ARITOS FRUTALES GRANIX'),(389,1,163,7,'ARROPE DE TUNA CON CASCO CUESTA DEL PORTEZUELO'),(390,1,130,39,'ARROPE DE TUNA CUESTA DEL PORTEZUELO'),(391,1,59,23,'ARROZ CARNAROLI DOS HERMANOS'),(392,1,495,22,'ARROZ CARNAROLI DOS HERMANOS'),(393,1,175,18,'ARROZ CARNAROLI SUELTO'),(394,1,31,22,'ARROZ CON LECHE TREGAR CANELA'),(395,1,31,30,'ARROZ CON LECHE TREGAR CHOCOLATE'),(396,1,31,6,'ARROZ CON LECHE TREGAR CLASICO'),(397,1,31,19,'ARROZ CON LECHE TREGAR DULCE DE LECHE'),(398,1,31,22,'ARROZ CON LECHE TREGAR LIGHT'),(399,1,35,2,'ARROZ DOBLE CAROLINA DOS HERMANOS'),(400,1,66,48,'ARROZ DOBLE CAROLINA DOS HERMANOS'),(401,1,54,33,'ARROZ INTEGRAL DOS HERMANOS'),(402,1,56,6,'ARROZ KOSHIHIKARI DOS HERMANOS'),(403,1,472,4,'ARROZ KOSHIKARI DOS HERMANOS'),(404,1,47,36,'ARROZ LARGO FINO  DOS HERMANOS'),(405,1,15,18,'ARROZ LARGO FINO CAROGRAN'),(406,1,194,28,'ARROZ LARGO FINO DOS HERMANOS'),(407,1,24,23,'ARROZ LARGO FINO DOS HERMANOS'),(408,1,56,24,'ARROZ LARGO FINO ORGANICO DOS HERMANOS'),(409,1,37,39,'ARROZ MANDISOVI LARGO ANCHO'),(410,1,63,24,'ARROZ MANDISOVI LARGO ANCHO'),(411,1,45,17,'ARROZ MANDISOVI LARGO FINO'),(412,1,25,9,'ARROZ MANDISOVI LARGO FINO'),(413,1,24,41,'ARROZ PARBOIL DOS HERMANOS'),(414,1,47,17,'ARROZ PARBOIL DOS HERMANOS'),(415,1,221,49,'ARROZ PARBOILIZADO DOS HERMANOS'),(416,1,23,12,'ARROZ PELEADOR'),(417,1,14,22,'ARROZ PELEADOR'),(418,1,53,7,'ARROZ YAMANI DOS HERMANOS'),(419,1,55,12,'ARVEJAS EGRAN SECAS PARTIDAS'),(420,1,8,19,'ARVEJAS ENTERAS LAYA'),(421,1,57,50,'ARVEJAS INALPA'),(422,1,18,37,'ARVEJAS INALPA'),(423,1,196,2,'ARVEJAS INALPA'),(424,1,50,47,'ARVEJAS LA CAMPAGNOLA'),(425,1,10,22,'ARVEJAS PARTIDAS LAYA'),(426,1,28,4,'ARVEJAS SECAS ARCOR'),(427,1,60,4,'ARVEJAS VERDES MEDIANAS ARCOR'),(428,1,59,12,'ATUN DESMENUZADO BAHIA ACEITE Y AGUA'),(429,1,59,9,'ATUN DESMENUZADO BAHIA AL NATURAL'),(430,1,92,41,'ATUN ENTERO BAHIA ACEITE Y AGUA'),(431,1,92,36,'ATUN ENTERO BAHIA NATURAL'),(432,1,148,20,'ATUN LA CAMPAGNOLA AL NATURAL'),(433,1,252,20,'ATUN LA CAMPAGNOLA AL NATURAL'),(434,1,252,48,'ATUN LA CAMPAGNOLA EN ACEITE'),(435,1,148,16,'ATUN LA CAMPAGNOLA EN ACEITE'),(436,1,189,38,'ATUN LA CAMPAGNOLA EN ACEITE DE OLIVA'),(437,1,78,50,'ATUN NEREIDA DESMENUZADO ACEITE Y AGUA'),(438,1,75,18,'ATUN NEREIDA DESMENUZADO AL NATURAL'),(439,1,22,20,'AVENA ARROLLADA TRA/INSTAN LA NONNA'),(440,1,64,40,'AVENA ARROLLADA TRADICIONAL EGRAN'),(441,1,41,25,'AVENA EXTRA FINA 3 ARROYOS'),(442,1,41,50,'AVENA INSTANTANEA 3 ARROYOS'),(443,1,66,50,'AVENA INSTANTANEA EGRAN'),(444,1,70,49,'AVENA QUAKER INSTANTANEA'),(445,1,78,32,'AVENA QUAKER TRADICIONAL'),(446,1,41,35,'AVENA SALVADO 3 ARROYOS'),(447,1,54,9,'AVENA TRADICIONAL 3 ARROYOS'),(448,1,63,27,'AVENA TRADICIONAL GRANIX'),(449,1,49,44,'AYUDIN ANTIHONGOS C/LAVANDINA REPUESTO DP'),(450,1,20,0,'AYUDIN ANTIHONGOS CON LAVANDINA DOY PACK'),(451,1,20,48,'AYUDIN BANO DP'),(452,1,38,48,'AYUDIN BANO DP'),(453,1,63,10,'AYUDIN ROPA COLOR SIN LAVANDINA DOY PACK'),(454,1,20,28,'AYUDIN ROPA COLOR SIN LAVANDINA DP'),(455,1,69,10,'AZAFRAN CAPSULAS ALICANTE'),(456,1,27,40,'AZUCAR 4:13'),(457,1,29,11,'AZUCAR AZUC-OR'),(458,1,34,22,'AZUCAR EL VALLE DEL SENOR'),(459,1,24,11,'AZUCAR ESPE'),(460,1,46,41,'AZUCAR FRONTERITA'),(461,1,15,26,'AZUCAR IMPALPABLE GLORIA'),(462,5,39,25,'AZUCAR IMPALPABLE GLORIA'),(463,7,64,23,'AZUCAR IMPALPABLE GLORIA'),(464,1,22,42,'AZUCAR IMPALPABLE VELEZ'),(465,8,77,46,'AZUCAR IMPALPABLE VELEZ'),(466,5,474,34,'AZUCAR INDIVIDUAL VELEZ'),(467,8,49,38,'AZUCAR LEDESMA INDIVIDUAL'),(468,6,527,48,'AZUCAR LEDESMA INDIVIDUAL'),(469,1,171,3,'AZUCAR LEDESMA INDIVIDUAL'),(470,6,33,14,'AZUCAR LEDESMA TIPO A'),(471,4,32,28,'AZUCAR LIGHT HILERET'),(472,8,52,12,'AZUCAR LIGHT HILERET'),(473,2,46,45,'AZUCAR NEGRA GLORIA'),(474,1,80,42,'AZUCAR ORGANICA LEDESMA'),(475,6,36,14,'AZUCAR PEDEMONTE'),(476,1,27,17,'AZUCAR SAN AGUSTIN'),(477,7,31,2,'AZUCAR SANTA BARBARA'),(478,5,74,17,'BALDE CON ESCURRIDOR BROOMY'),(479,2,33,31,'BALDE MEDIANO BROOMY'),(480,5,88,48,'BALDE PREMIUM BROOMY X 13 LT'),(481,4,50,5,'BALONCITOS CHOCOLATADOS GRANIX'),(482,7,16,1,'BARRA DE ARROZ CON CHOCOLATE ARCOR'),(483,2,17,15,'BARRA DE CEREAL 3 ARROYOS CHOCOLATE'),(484,8,15,19,'BARRA DE CEREAL 3 ARROYOS DULCE DE LECHE'),(485,4,20,13,'BARRA DE CEREAL 3 ARROYOS FRUTAS Y FIBRAS'),(486,4,15,11,'BARRA DE CEREAL 3 ARROYOS FRUTOS DEL BOSQUE'),(487,1,17,9,'BARRA DE CEREAL 3 ARROYOS GRANOLA CRUJIENTE'),(488,7,13,20,'BARRA DE CEREAL 3 ARROYOS LIGHT MANZANA Y DURAZNO'),(489,5,15,43,'BARRA DE CEREAL 3 ARROYOS YOGUR FRUTILLA'),(490,8,15,20,'BARRA DE CEREAL 3 ARROYOS YOGUR FRUTILLA LIGHT'),(491,2,10,9,'BARRA DE CEREAL EGRAN CHOCOLATE'),(492,8,31,7,'BARRA DE CEREAL EGRAN MANI Y MIEL'),(493,2,13,30,'BARRA DE CEREAL EGRAN SPORT NARANJA'),(494,6,10,14,'BARRA DE CEREAL EGRAN TRADICIONAL'),(495,4,13,9,'BARRA DE CEREAL EGRAN TUTTI FRUTTI'),(496,8,19,13,'BARRA DE CEREAL FLOW'),(497,1,42,20,'BARRA DE CEREAL NATURAL BREAK ALMENDRAS CASTANAS'),(498,3,42,2,'BARRA DE CEREAL NATURAL BREK FRUTOS ROJOS'),(499,6,23,2,'BARRA DE CEREAL SER FRUTILLA'),(500,2,23,20,'BARRA DE CEREAL SER MANZANA'),(501,7,23,47,'BARRA DE CEREAL SER YOGHURT FRUTILLA'),(502,4,29,15,'BARRA QUITAMANCHAS GIGANTE'),(503,2,24,30,'BARRAS DE CEREAL CEREAL MIX CHOCO Y ALME'),(504,6,26,32,'BARRAS DE CEREAL CEREAL MIX GRANOLA'),(505,8,24,9,'BARRAS DE CEREAL CEREAL MIX LIGHT MANZANA'),(506,2,26,16,'BARRAS DE CEREAL CEREAL MIX ORIGINAL'),(507,1,27,28,'BARRAS DE CEREAL CEREAL MIX PASION DE CHOCOLATE'),(508,7,27,2,'BARRAS DE CEREAL CEREAL MIX PROTEINA'),(509,6,27,0,'BARRAS DE CEREAL CEREAL MIX PROTEINA'),(510,6,24,24,'BARRAS DE CEREAL CEREAL MIX YOGHURT FRUTILLA'),(511,1,24,42,'BARRAS DE CEREAL CEREAL MIX YOGHURT FRUTILLA LIGHT'),(512,1,18,4,'BARRITA DE ARROZ CROWIE CHOCOLATE'),(513,5,18,30,'BARRITA DE ARROZ CROWIE CHOCOLATE BLANCO'),(514,1,18,24,'BARRITA DE ARROZ CROWIE COCO'),(515,6,18,11,'BARRITA DE ARROZ CROWIE LIMON'),(516,1,18,29,'BARRITA DE ARROZ CROWIE MARROC'),(517,4,18,23,'BARRITA DE ARROZ CROWIE YOGHURT DE FRUTILLA'),(518,1,13,2,'BARRITA DE CHOCOLATE AGUILA'),(519,7,14,10,'BARRITA DE CHOCOLATE AGUILA CACAO'),(520,1,71,10,'BATATAS QUENTO'),(521,2,196,35,'BATATITAS EN ALMIBAR CUESTA DEL PORTEZUELO'),(522,3,186,3,'BATATITAS EN ALMIBAR LE CHARBONNIER'),(523,6,36,7,'BAY BISCUIT CON CHIPS DE CHOCOLATE'),(524,1,99,14,'BANO DE REPOSTERIA BLANCO AGUILA'),(525,7,97,0,'BANO DE REPOSTERIA CON LECHE AGUILA'),(526,6,57,34,'BANO DE REPOSTERIA LECHE AGUILA MOLDEO'),(527,6,97,17,'BANO DE REPOSTERIA SEMIAMARGO AGUILA'),(528,3,78,48,'BERENJENAS CONDIMENTADAS SAN JUAN DE ULLUM'),(529,2,18,30,'BICARBONATO DE SODIO ALICANTE'),(530,4,14,3,'BICARBONATO DE SODIO VELEZ'),(531,5,129,18,'BICARBONATO VELEZ'),(532,8,23,25,'BIZCOCHITOS DE GRASA CILO'),(533,3,32,21,'BIZCOCHOS 9 DE ORO AGRIDULCES'),(534,5,28,44,'BIZCOCHOS 9 DE ORO AZUCARADOS'),(535,3,32,45,'BIZCOCHOS 9 DE ORO CLASICOS'),(536,5,39,37,'BIZCOCHOS GRANIX LINO'),(537,2,39,27,'BIZCOCHOS GRANIX SEMILLAS DE GIRASOL'),(538,6,39,5,'BIZCOCHOS GRANIX TRADICIONALES'),(539,2,30,35,'BIZCOCHOS HOJALMAR RONDA'),(540,5,86,34,'BIZCOCHUELO GODET CHOCOLATE'),(541,7,79,14,'BIZCOCHUELO GODET MARMOLADO'),(542,8,70,20,'BIZCOCHUELO GODET NARANJA'),(543,6,73,30,'BIZCOCHUELO GODET VAINILLA'),(544,2,72,20,'BIZCOCHUELO REDONDO LYVIAN'),(545,8,140,45,'BIZCOCHUELO VALENTE CHOCOLATE REDONDO'),(546,6,140,11,'BIZCOCHUELO VALENTE VAINILLA REDONDO'),(547,2,17,35,'BOCADITO DE CHOCOLATE SIN AZUCAR CERRO AZUL'),(548,6,325,36,'BOCADITOS CHOCOMANI ARCOR'),(549,5,69,50,'BOCADITOS DE CEREALES GRANIX RELLENO AVELLANA'),(550,2,69,31,'BOCADITOS DE CEREALES GRANIX RELLENOS FRUTILLA'),(551,8,176,40,'BOCADITOS DRUPI'),(552,6,270,48,'BOCADITOS RELLENOS C/CREMA DE AVELLANA GRANIX'),(553,1,50,26,'BOLITAS CROCANTES PAI'),(554,3,22,3,'BOLITAS CROCANTES PAI'),(555,1,14,12,'BOLLITO DE ACERO INOXIDABLE BROOMY'),(556,4,0,40,'BOLSA CAMISETA'),(557,5,44,33,'BOLSA DE RESIDUO SUN SHINE 50 X 55'),(558,8,57,23,'BOLSA DE RESIDUO SUN SHINE 60 X 70'),(559,1,0,28,'BOLSA RECICLABLE'),(560,2,39,36,'BOLSAS DE CONSORCIO ROSARIO 60 x 90'),(561,2,85,0,'BOLSAS DE CONSORCIO ROSARIO 85 X 110'),(562,2,42,25,'BOLSAS RESIDUOS ROSARIO 45 X 60'),(563,5,49,40,'BOLSON CANINO'),(564,2,42,3,'BOMBILLA CHARRUA'),(565,6,33,24,'BOMBILLA COMUN'),(566,6,9,15,'BOMBON  BON O BON  BLANCO'),(567,6,14,2,'BOMBON BON O BON AGUILA'),(568,5,14,39,'BOMBON BON O BON CHOCOLINAS'),(569,6,14,6,'BOMBON BON O BON CON LECHE'),(570,1,164,8,'BOMBON BON O BON MOUSSE DE LIMON'),(571,3,151,10,'BOMBON BON O BON SURTIDO'),(572,2,14,47,'BOMBON DE CHOCOLATE COFLER'),(573,5,44,33,'BOMBON FERRERO ROCHER'),(574,1,14,32,'BOMBON TOFI'),(575,1,280,28,'BOMBONES BON O BON'),(576,2,340,11,'BOMBONES BON O BON BLANCO'),(577,2,340,18,'BOMBONES BON O BON C/LECHE'),(578,5,131,21,'BOMBONES BON O BON CON CHOCOLINAS'),(579,4,399,27,'BOMBONES DE FRUTA CERRO AZUL'),(580,7,10,3,'BOMBONES DE FRUTA CERRO AZUL'),(581,6,110,27,'BOMBONES SURTIDOS GAROTO'),(582,5,155,46,'BOMBONES SURTIDOS SELECCION ARCOR'),(583,4,214,12,'BONDIOLA DON JUAN'),(584,4,267,40,'BONDIOLA DON JUAN'),(585,7,326,47,'BONDIOLA EL COLONIAL'),(586,4,257,28,'BONDIOLA EL COLONIAL'),(587,1,391,5,'BONDIOLA FETEADA AL VACIO CERDOS Y CIA'),(588,7,640,28,'BONDIOLA PALADINI VACIO'),(589,2,735,28,'BONDIOLA PALADINI VACIO'),(590,2,28,47,'BOWL DE POSTRE GALAXIA RIGOLLEAU'),(591,4,30,49,'BROCHES DE PLASTICO BROOMY'),(592,7,94,11,'BROWNIE AGUILA'),(593,6,76,19,'BUDIN AGUILA BLACK NAVIDAD'),(594,2,76,3,'BUDIN AGUILA MIX NAVIDAD'),(595,6,63,23,'BUDIN ARCOR CON FRUTAS'),(596,2,63,25,'BUDIN ARCOR CON TROCITOS DE CHOCOLATE'),(597,6,63,7,'BUDIN ARCOR MARMOLADO'),(598,7,63,31,'BUDIN ARCOR SIN FRUTAS'),(599,3,82,13,'BUDIN BAGLEY SIN FRUTAS'),(600,2,19,39,'BUDIN BUDINAZO MARMOLADO'),(601,2,19,50,'BUDIN BUDINAZO VAINILLA'),(602,4,58,1,'BUDIN VALENTE BANANA CON DULCE DE LECHE'),(603,6,58,25,'BUDIN VALENTE CON CHIPS'),(604,5,58,41,'BUDIN VALENTE CON FRUTAS'),(605,3,58,5,'BUDIN VALENTE DULCE DE LECHE'),(606,1,58,34,'BUDIN VALENTE LIMON'),(607,5,58,4,'BUDIN VALENTE MARMOLADO'),(608,7,58,35,'BUDIN VALENTE VAINILLA'),(609,5,23,25,'BUDIN ZUPAY CON CHIPS CHOCOLATE'),(610,3,23,32,'BUDIN ZUPAY CON CHIPS DE DULCE DE LECHE'),(611,8,23,38,'BUDIN ZUPAY CON FRUTAS'),(612,3,23,14,'BUDIN ZUPAY MARMOLADO'),(613,8,23,42,'BUDIN ZUPAY VAINILLA'),(614,6,52,31,'BURLETE DE GOMA BROOMY'),(615,7,123,21,'CABALLA AL NATURAL LA CAMPAGNOLA'),(616,1,95,18,'CABALLA BAHIA AL NATURAL'),(617,4,102,26,'CABALLA BAHIA EN ACEITE Y AGUA'),(618,8,157,8,'CABALLA EN ACEITE Y AGUA LA CAMPAGNOLA'),(619,8,137,11,'CABALLA LA CAMPAGNOLA EN SALSA DE TOMATE'),(620,6,39,35,'CABO DE MADERA BROOMY'),(621,6,46,38,'CABO DE MADERA FORRADO SUN SHINE'),(622,5,72,41,'CACAO ARCOA'),(623,3,33,50,'CACAO ARCOA'),(624,8,199,40,'CACAO CON LECHE NESTLE'),(625,3,23,32,'CACAO SPEEDY VELEZ'),(626,7,124,33,'CACAO SPEEDY VELEZ'),(627,6,43,28,'CACAO SPEEDY VELEZ'),(628,7,49,13,'CAFE AL CHOCOLATE TRES PLUMAS'),(629,7,114,28,'CAFE ARLISTAN'),(630,3,158,12,'CAFE ARLISTAN'),(631,2,67,46,'CAFE ARLISTAN'),(632,6,140,29,'CAFE DESCAFEINADO KALMA'),(633,7,205,1,'CAFE DESCAFEINADO KALMA'),(634,4,183,3,'CAFE DOLCA  INSTANTANEO NESCAFE DP'),(635,5,246,10,'CAFE DOLCA INSTANTANEO NESCAFE'),(636,6,156,31,'CAFE DOLCA INSTANTANEO NESCAFE'),(637,6,91,39,'CAFE DOLCA INSTANTANEO NESCAFE'),(638,5,175,25,'CAFE DOLCA INSTANTANEO NESCAFE SUAVE DP'),(639,7,77,38,'CAFE DOLCA SUAVE CHICO'),(640,8,218,9,'CAFE DOLCA SUAVE INSTANTANEO NESCAFE'),(641,4,137,49,'CAFE DOLCA SUAVE INSTANTANEO NESCAFE'),(642,2,73,30,'CAFE EN SAQUITO ENSOBRADO VELEZ'),(643,1,152,36,'CAFE EN SAQUITOS ENSOBRADOS VELEZ'),(644,1,282,42,'CAFE EN SAQUITOS ENSOBRADOS VELEZ'),(645,8,85,6,'CAFE EN SAQUITOS LA MORENITA CLASICO'),(646,3,154,32,'CAFE EN SAQUITOS MI CAFE LA VIRGINIA'),(647,3,52,22,'CAFE EN SAQUITOS VELEZ S/ENSOBRAR'),(648,7,149,1,'CAFE INSTANTANEO LA VIRGINIA CLASICO EN SOBRES'),(649,7,108,13,'CAFE INSTANTANEO LA VIRGINIA CLASICO EQUILIBRADO'),(650,8,176,11,'CAFE INSTANTANEO LA VIRGINIA CLASICO EQUILIBRADO'),(651,7,59,49,'CAFE INSTANTANEO LA VIRGINIA CLASICO EQUILIBRADO'),(652,2,135,24,'CAFE INSTANTANEO LA VIRGINIA SELECCION GRANULADO'),(653,3,108,20,'CAFE INSTANTANEO LA VIRGINIA SUAVE BALANCEADO'),(654,4,59,6,'CAFE INSTANTANEO LA VIRGINIA SUAVE BALANCEADO'),(655,2,176,1,'CAFE INSTANTANEO LA VIRGINIA SUAVE BALANCEADO'),(656,8,126,10,'CAFE INSTANTANEO SUAVE SOBRE LA VIRGINIA'),(657,8,182,13,'CAFE INSTANTANEO VELEZ'),(658,4,63,1,'CAFE INSTANTANEO VELEZ'),(659,2,118,41,'CAFE INSTANTANEO VELEZ'),(660,8,97,30,'CAFE LA VIRGINIA SAQUITOS'),(661,2,90,25,'CAFE MOLIDO LA MORENITA CLASICO TORRADO BALANCEADO'),(662,4,361,41,'CAFE MOLIDO LA MORENITA CLASICO TORRADO BALANCEADO'),(663,1,50,18,'CAFE MOLIDO LA MORENITA CLASICO TORRADO BALANCEADO'),(664,3,182,14,'CAFE MOLIDO LA MORENITA CLASICO TORRADO BALANCEADO'),(665,8,54,11,'CAFE MOLIDO LA VIRGINIA TORRADO CLASICO'),(666,4,89,6,'CAFE MOLIDO LA VIRGINIA TORRADO CLASICO'),(667,8,195,25,'CAFE MOLIDO LA VIRGINIA TORRADO CLASICO'),(668,6,356,44,'CAFE MOLIDO LA VIRGINIA TORRADO CLASICO'),(669,4,170,39,'CAFE MOLIDO VELEZ'),(670,2,83,28,'CAFE MOLIDO VELEZ'),(671,4,47,33,'CAFE MOLIDO VELEZ'),(672,2,329,44,'CAFE MOLIDO VELEZ'),(673,8,105,36,'CAFE NESCAFE CLASICO'),(674,5,156,30,'CAFE NESCAFE CLASICO DP'),(675,4,303,4,'CAFE NESCAFE ESPRESSO'),(676,5,69,25,'CAFE VERDE EN SAQUITOS ENSOBRADOS VELEZ'),(677,8,94,23,'CAJA BON O BON'),(678,4,161,50,'CAJA BON O BON AGUILA'),(679,5,280,4,'CAJA NAVIDENA 2'),(680,5,340,33,'CAJA NAVIDENA 3'),(681,8,520,4,'CAJA NAVIDENA 5'),(682,1,189,22,'CAJA NAVIDENA ECONOMICA'),(683,8,53,50,'CALDO DE CARNE KNORR X 12'),(684,1,13,37,'CALDO DE CARNE KNORR X 2'),(685,5,37,9,'CALDO DE CARNE KNORR X 6'),(686,2,33,18,'CALDO DE CARNE MAGGI X 12'),(687,2,10,21,'CALDO DE CARNE MAGGI X2'),(688,6,68,45,'CALDO DE GALLINA KNORR X 12'),(689,7,16,50,'CALDO DE GALLINA KNORR X 2'),(690,5,36,37,'CALDO DE GALLINA KNORR X 6'),(691,8,42,2,'CALDO DE GALLINA MAGGI X 12'),(692,4,10,14,'CALDO DE GALLINA MAGGI X 2'),(693,4,27,42,'CALDO DE GALLINA MAGGI X6'),(694,4,68,14,'CALDO DE VERDURA KNORR X 12'),(695,2,16,26,'CALDO DE VERDURA KNORR X 2'),(696,1,36,9,'CALDO DE VERDURA KNORR X 6'),(697,6,45,42,'CALDO DE VERDURA MAGGI X 12'),(698,8,10,35,'CALDO DE VERDURA MAGGI X 2'),(699,5,27,33,'CALDO DE VERDURA MAGGI X 6'),(700,7,9,34,'CALDO DE VERDURA WILDE X 2'),(701,1,23,46,'CALDO DE VERDURA WILDE X 6'),(702,4,42,26,'CALDO DE VERDURAS WILDE X 12'),(703,4,225,26,'CAMPARI'),(704,4,26,6,'CANELA EN POLVO VELEZ'),(705,7,58,42,'CANELA EN RAMA DE CEYLAN ALICANTE'),(706,1,42,14,'CANELA MOLIDA ALICANTE'),(707,2,235,10,'CANELA MOLIDA DEAN FUNES'),(708,8,392,36,'CANELA MOLIDA SUELTO'),(709,1,68,13,'CAPELLETTIS JAMON Y MUZZARELLA LA SALTENA'),(710,2,109,41,'CAPPELLETIS LUCCHETTINIS'),(711,7,85,0,'CAPPELLETTIS DI PASCUALLE RICOTTA JAMON Y QUESO'),(712,3,45,30,'CAPPELLETTIS DI PASCUALLE RICOTTA JAMON Y QUESO'),(713,7,180,6,'CAPPUCCINO INSTANTANEO LA VIRGINIA TRADICIONAL'),(714,5,106,41,'CAPPUCCINO LA VIRGINIA DULCE DE LECHE DP'),(715,8,106,40,'CAPPUCCINO LA VIRGINIA ESPUMA DE VAINILLA DP'),(716,6,88,12,'CAPPUCCINO LA VIRGINIA LIGHT DP'),(717,2,106,21,'CAPPUCCINO LA VIRGINIA MOUSSE DE CHOC. Y AVELL. DP'),(718,1,83,15,'CAPPUCCINO LA VIRGINIA TRADICIONAL DP'),(719,8,121,23,'CAPPUCCINO LA VIRGINIA TRADICIONAL X10U'),(720,5,128,6,'CAPPUCCINO LIGHT LA VIRGINIA SOBRES'),(721,1,210,32,'CAPSULAS ARIEL 3 EN 1'),(722,1,423,32,'CAPSULAS DOLCE GUSTO CAFE AU LAIT NESCAFE'),(723,1,423,50,'CAPSULAS DOLCE GUSTO CAPPUCCINO'),(724,1,465,18,'CAPSULAS DOLCE GUSTO CORTADO'),(725,6,423,40,'CAPSULAS DOLCE GUSTO ESPRESSO'),(726,1,423,30,'CAPSULAS DOLCE GUSTO ESPRESSO INTENSO'),(727,7,423,45,'CAPSULAS DOLCE GUSTO LUNGO'),(728,7,423,12,'CAPSULAS DOLCE GUSTO NESQUIK'),(729,8,224,7,'CARAMELOS ALKA BOLSA'),(730,3,51,0,'CARAMELOS BUTTER TOFFEES CHOCOLATE ARCOR'),(731,6,51,9,'CARAMELOS BUTTER TOFFEES LECHE ARCOR'),(732,5,16,30,'CARAMELOS CLIGHT FRAMBUESA'),(733,2,50,43,'CARAMELOS DE MENTA Y CHOCOLATE ARCOR'),(734,4,50,7,'CARAMELOS DE MIEL ARCOR'),(735,4,80,46,'CARAMELOS FLYNN PAFF'),(736,7,121,508,'CARAMELOS GAJOS ACIDOS MARENGO'),(737,2,125,27,'CARAMELOS GAJOS FRUTALES ARCOR'),(738,1,13,46,'CARAMELOS HALLS CHERRY LYPTUS'),(739,6,13,31,'CARAMELOS HALLS COLORS'),(740,1,13,20,'CARAMELOS HALLS CREAMY MORA'),(741,3,17,7,'CARAMELOS HALLS FREE STRONG LYPTUS'),(742,3,13,18,'CARAMELOS HALLS FRUTILLA VITA-C'),(743,3,13,8,'CARAMELOS HALLS HONEY LEMON FRUIT SENSATIONS'),(744,4,13,23,'CARAMELOS HALLS NARANJA VITA-C'),(745,1,13,39,'CARAMELOS HALLS PEPPERMINT-LYPTUS'),(746,5,13,2,'CARAMELOS HALLS STRONG-LYPTUS'),(747,2,173,16,'CARAMELOS MASTICABLES ARCOR'),(748,4,138,24,'CARAMELOS MASTICABLES BILLIKEN YOGUR MAS'),(749,8,160,35,'CARAMELOS MASTICABLES FRUTALES ARCOR'),(750,6,127,44,'CARAMELOS MASTICABLES MISKY'),(751,3,251,44,'CARAMELOS MASTICABLES PALITOS DE LA SELVA'),(752,7,53,12,'CARAMELOS MASTICABLES PAYSANDU'),(753,5,38,12,'CARAMELOS MASTICABLES PAYSANDU'),(754,7,21,44,'CARAMELOS MENTHOPLUS ACIDOS BLACKCHERRY'),(755,4,19,10,'CARAMELOS MENTHOPLUS ACIDOS NARANJA'),(756,8,21,22,'CARAMELOS MENTHOPLUS CAFE LATTE REDUCIDO EN AZUCAR'),(757,2,17,40,'CARAMELOS MENTHOPLUS CHERRY'),(758,8,21,25,'CARAMELOS MENTHOPLUS LIMONADA MENTA Y JENGIBRE'),(759,4,17,43,'CARAMELOS MENTHOPLUS MENTA'),(760,1,17,10,'CARAMELOS MENTHOPLUS MENTOL'),(761,4,17,28,'CARAMELOS MENTHOPLUS STRON'),(762,8,20,5,'CARAMELOS MENTHOPLUS TE +LIMON+MIEL'),(763,2,22,31,'CARAMELOS MENTHOPLUS ZERO CEREZA'),(764,8,22,30,'CARAMELOS MENTHOPLUS ZERO DURAZNO'),(765,4,22,2,'CARAMELOS MENTHOPLUS ZERO MENTOL'),(766,7,21,36,'CARAMELOS MENTHOPLUS ZERO STRONG'),(767,6,50,35,'CARAMELOS RELLENOS FRUTALES ARCOR'),(768,6,326,11,'CARAMELOS RODAJAS ACIDAS ARCOR'),(769,5,276,37,'CARNE ENTRANA PREMIUM'),(770,1,77,39,'CARPANO ROSSO'),(771,7,500,9,'CARRITO DE COMPRAS'),(772,8,222,3,'CARTUCHOS GILLETTE MACH 3'),(773,2,52,33,'CARTUCHOS GILLETTE VENUS'),(774,1,95,12,'CASCARONES PAI'),(775,7,183,45,'CASCARONES PAI'),(776,3,766,15,'CASTANA DE CAJU DEAN FUNES'),(777,8,554,27,'CASTANA DE CAJU SUELTO'),(778,4,186,33,'CAYOTE EN ALMIBAR CUESTA DEL PORTEZUELO'),(779,2,111,13,'CAYOTE EN ALMIBAR CUESTA DEL PORTEZUELO'),(780,4,209,45,'CAYOTE EN FIBRAS CUESTA DE PORTEZUELO'),(781,1,111,11,'CAYOTE EN FIBRAS CUESTA DEL PORTEZUELO'),(782,7,103,21,'CANA PIRAGUA'),(783,2,95,46,'CANA RANCHO'),(784,2,54,28,'CANA RANCHO CON MIEL'),(785,8,73,37,'CEBO PARA CUCARACHAS CUCA TRAP'),(786,1,43,11,'CEBOLLA DESHIDRATADA ALICANTE'),(787,4,220,2,'CEBOLLA EN ESCAMA DEAN FUNES'),(788,4,138,15,'CEBOLLITAS EL GRINGO'),(789,2,262,24,'CEBOLLITAS EL GRINGO'),(790,4,19,44,'CEPILLO DE DIENTES ORAL-B 1.2.3'),(791,2,50,39,'CEPILLO DE DIENTES ORAL-B 2 X 1'),(792,6,69,9,'CEPILLO DE DIENTES ORAL-B 3 X 2'),(793,5,49,20,'CEPILLO DE MANO BROOMY'),(794,4,61,44,'CEPILLO DE MANO PLANCHITA'),(795,5,51,28,'CEPILLO DE ROPA BROOMY'),(796,8,153,7,'CEPILLOS DE DIENTE COLGATE 360 INTERDENTAL'),(797,6,56,31,'CEPILLOS DE DIENTE COLGATE EXTRA CLEAN SUAVE'),(798,3,25,21,'CEPILLOS DE DIENTE COLGATE PREMIER CLEAN MEDIO'),(799,5,117,1,'CEPILLOS DE DIENTE COLGATE TWISTER'),(800,6,117,14,'CERA BLEM AUTOBRILLO NEGRO'),(801,6,175,22,'CERA BLEM INCOLORO BOTELLA'),(802,6,107,9,'CERA BLEM INCOLORO DOY PACK'),(803,6,175,40,'CERA BLEM NEGRO BOTELLA'),(804,6,175,31,'CERA BLEM ROJO BOTELLA'),(805,6,72,21,'CERA BLEM ROJO C/DURASIL AUTOBRILLO DP'),(806,2,114,15,'CERA BLEM ROJO DOY PACK'),(807,5,109,18,'CERA CERAMICOL INCOLORO'),(808,1,107,46,'CERA CERAMICOL INCOLORO DOY PACK'),(809,8,109,37,'CERA CERAMICOL NEGRO'),(810,4,33,12,'CERA ORLEP NATURAL'),(811,1,74,50,'CERA POLYCERA INCOLORO DP'),(812,2,49,44,'CERA POLYCERA NEGRA DP'),(813,8,49,12,'CERA POLYCERA ROJO DP'),(814,3,38,45,'CERA SUIZA NEGRO'),(815,3,108,36,'CEREAL NESQUIK NESTLE'),(816,6,108,41,'CEREAL TRIX NESTLE'),(817,2,103,40,'CEREALES SUELTOS'),(818,3,231,38,'CEREZAS EN ALMIBAR CARLETI'),(819,7,92,29,'CEREZAS EN ALMIBAR CARLETI'),(820,4,322,19,'CEREZAS EN ALMIBAR MARANELLO'),(821,3,67,44,'CEREZAS MARASCHINO TSUANI'),(822,4,90,49,'CERVEZA AMSTEL'),(823,6,36,27,'CERVEZA AMSTEL LATA'),(824,6,52,44,'CERVEZA ANDES IPA'),(825,1,85,30,'CERVEZA ANDES NEGRA'),(826,7,52,0,'CERVEZA ANDES NEGRA LATA'),(827,3,26,39,'CERVEZA ANDES NEGRA MONJITA'),(828,1,85,31,'CERVEZA ANDES ORIGEN VENDIMIA'),(829,3,85,9,'CERVEZA ANDES ROJA'),(830,8,52,40,'CERVEZA ANDES ROJA LATA'),(831,1,26,1,'CERVEZA ANDES ROJA MONJITA'),(832,5,52,36,'CERVEZA ANDES RUBIA'),(833,2,80,10,'CERVEZA ANDES RUBIA'),(834,6,26,32,'CERVEZA ANDES RUBIA MONJITA'),(835,7,49,28,'CERVEZA BECKS'),(836,6,61,22,'CERVEZA BRAHMA'),(837,4,20,10,'CERVEZA BRAHMA BRAHMITA CHOPP'),(838,8,20,18,'CERVEZA BRAHMA CHOPP MONJITA'),(839,2,34,14,'CERVEZA BRAHMA LATA'),(840,2,80,4,'CERVEZA BUDWEISER'),(841,1,37,46,'CERVEZA BUDWEISER LATA GDE'),(842,7,32,31,'CERVEZA CORDOBA LATA GRANDE'),(843,6,110,42,'CERVEZA CORONA'),(844,3,63,18,'CERVEZA CORONA BOTELLITA'),(845,1,95,49,'CERVEZA HEINEKEN'),(846,4,55,45,'CERVEZA HEINEKEN H41'),(847,2,57,31,'CERVEZA HEINEKEN LATA'),(848,5,55,19,'CERVEZA IGUANA'),(849,7,80,22,'CERVEZA IMPERIAL CREAM STOUT'),(850,6,50,47,'CERVEZA IMPERIAL CREAM STOUT LATA'),(851,5,120,44,'CERVEZA IMPERIAL IPA'),(852,1,65,18,'CERVEZA IMPERIAL LAGER'),(853,3,40,25,'CERVEZA IMPERIAL LATA'),(854,3,80,17,'CERVEZA IMPERIAL SCOCH ALE/AMBER LAG'),(855,7,80,44,'CERVEZA IMPERIAL WEISSBIER'),(856,5,58,7,'CERVEZA ISENBECK'),(857,5,30,19,'CERVEZA ISENBECK DARK'),(858,2,33,26,'CERVEZA ISENBECK DESCARTABLE'),(859,7,32,33,'CERVEZA ISENBECK LATA'),(860,3,68,2,'CERVEZA KUNSTMANN ANWANDTER VALDIVIA'),(861,4,160,35,'CERVEZA KUNSTMANN GRAN TOROBAYO'),(862,1,68,1,'CERVEZA KUNSTMANN TOROBAYO'),(863,7,67,8,'CERVEZA LEFFE'),(864,5,39,44,'CERVEZA MILLER LATA'),(865,6,80,35,'CERVEZA MILLER RETORNABLE'),(866,1,105,2,'CERVEZA PATAGONIA 24.7'),(867,1,80,10,'CERVEZA PATAGONIA 24.7 LATA'),(868,8,75,44,'CERVEZA PATAGONIA AMBER LAGER'),(869,8,105,17,'CERVEZA PATAGONIA AMBER LAGER'),(870,2,105,6,'CERVEZA PATAGONIA BOHEMIAN PILSENER'),(871,3,105,2,'CERVEZA PATAGONIA KUNE'),(872,6,99,35,'CERVEZA PATAGONIA PORTER'),(873,4,75,36,'CERVEZA PATAGONIA WEISSE'),(874,2,99,37,'CERVEZA PATAGONIA WEISSE'),(875,2,65,23,'CERVEZA QUILMES'),(876,8,70,25,'CERVEZA QUILMES 1890'),(877,1,42,5,'CERVEZA QUILMES 1890 LATA'),(878,8,23,14,'CERVEZA QUILMES 1890 MONJITA'),(879,5,59,10,'CERVEZA QUILMES BAJO CERO'),(880,4,45,30,'CERVEZA QUILMES BLOCK'),(881,5,73,1,'CERVEZA QUILMES BOCK'),(882,2,19,34,'CERVEZA QUILMES CRISTAL MONJITA'),(883,7,42,32,'CERVEZA QUILMES LATA'),(884,8,73,15,'CERVEZA QUILMES STOUT'),(885,6,42,19,'CERVEZA QUILMES STOUT LATA'),(886,1,25,46,'CERVEZA QUILMES STOUT MONJITA RETORNABLE'),(887,5,50,41,'CERVEZA SCHNEIDER LATA'),(888,6,35,21,'CERVEZA SCHNEIDER LATA'),(889,3,46,49,'CERVEZA SKOL LATA'),(890,3,46,23,'CERVEZA SOL'),(891,6,83,14,'CERVEZA SOL'),(892,1,50,24,'CERVEZA SOL LATA'),(893,4,95,33,'CERVEZA STELLA ARTOIS'),(894,5,459,29,'CERVEZA STELLA ARTOIS FIESTA'),(895,3,55,1,'CERVEZA STELLA ARTOIS LATA'),(896,8,95,39,'CERVEZA STELLA ARTOIS NOIR'),(897,5,43,43,'CERVEZA STELLA ARTOIS NOIRE LATA'),(898,8,80,17,'CERVEZA WARSTEINER'),(899,8,742,33,'CERVEZA WARSTEINER BARRIL PREMIUM BEER'),(900,4,35,22,'CHALITAS PANADERIA EN CASA ALBAHACA'),(901,7,35,50,'CHALITAS PANADERIA EN CASA CHIA'),(902,5,35,47,'CHALITAS PANADERIA EN CASA CLASICAS'),(903,6,35,17,'CHALITAS PANADERIA EN CASA INTEGRALES'),(904,3,35,42,'CHALITAS PANADERIA EN CASA LINO'),(905,1,138,43,'CHAMPAGNE BLANCO DULCE DILEMA'),(906,7,125,12,'CHAMPAGNE CANCILLER BRUT'),(907,7,125,21,'CHAMPAGNE CANCILLER DEMI SEC'),(908,1,125,27,'CHAMPAGNE CANCILLER EXTRA BRUT'),(909,6,363,2,'CHAMPAGNE CHANDON BRUE NATURE'),(910,6,322,35,'CHAMPAGNE CHANDON DEMI SEC'),(911,1,349,8,'CHAMPAGNE CHANDON EXTRA BRUT'),(912,2,98,36,'CHAMPAGNE DULCE TOCORNAL'),(913,1,150,34,'CHAMPAGNE ESTANCIA MENDOZA BRUE NATURE'),(914,8,150,12,'CHAMPAGNE ESTANCIA MENDOZA BRUT ROSE'),(915,3,150,2,'CHAMPAGNE ESTANCIA MENDOZA EXTRA BRUT'),(916,2,169,21,'CHAMPAGNE MERCIER'),(917,7,245,39,'CHAMPAGNE MONTCHENOT EXTRA BRUT'),(918,1,180,14,'CHAMPAGNE NAVARRO CORREAS'),(919,1,349,18,'CHAMPAGNE PANNUNZIO EXTRA BRUT PINOT NOIR'),(920,8,83,5,'CHAMPAGNE SUTER EXTRA BRUT'),(921,3,98,38,'CHAMPAGNE TOCORNAL EXTRA BRUT'),(922,2,138,19,'CHAMPIGNON EN TROZOS BAHIA'),(923,1,195,17,'CHAMPIGNON ENTERO BAHIA'),(924,5,97,35,'CHAMPIGNONES BAHIA ENTERO'),(925,8,60,29,'CHAMPIGNONES EN TROZO CANNED FOOD'),(926,7,65,18,'CHAMPIGNONES EN TROZOS BAHIA'),(927,8,115,43,'CHAMPIGNONES EN TROZOS CANNED FOOD'),(928,5,36,41,'CHANTILLY ROYAL'),(929,3,7,5,'CHICLE BAZOOKA JIRAFA TUTTI FRUTTI'),(930,8,179,17,'CHICLES BAZOOKA MENTA'),(931,3,120,32,'CHICLES BAZOOKA TUTTI FRUTTI'),(932,2,16,46,'CHICLES BELDENT FRUTILLA'),(933,4,44,8,'CHICLES BELDENT INFINIT SWEET BERRY'),(934,4,16,27,'CHICLES BELDENT INFINIT WOW MINT'),(935,8,16,47,'CHICLES BELDENT MENTA FUERTE'),(936,3,16,2,'CHICLES BELDENT MENTOL'),(937,6,15,11,'CHICLES BELDENT TUTTI FRUTTI'),(938,2,19,30,'CHICLES BELDENT X FRESH GREEN SPEARMINT'),(939,5,23,34,'CHICLES BELDENT X FRESH PEPPERMINT EXPLOSION'),(940,4,4,11,'CHICLES MIGLOBS TUTTI FRUTTI'),(941,3,11,17,'CHICLES TOPLINE CRAZY TUTTI'),(942,4,8,44,'CHICLES TOPLINE EXTREME BLUBERRY'),(943,5,9,5,'CHICLES TOPLINE FRUTA'),(944,2,11,21,'CHICLES TOPLINE FUSION FRUTAL'),(945,4,11,28,'CHICLES TOPLINE MENTA'),(946,7,11,3,'CHICLES TOPLINE SANDIA'),(947,6,25,15,'CHICLES TOPLINE SEVEN CLICK FRESH SOUND MINT'),(948,6,22,2,'CHICLES TOPLINE SEVEN MANDARINA'),(949,5,23,46,'CHICLES TOPLINE SEVEN MENTA'),(950,2,23,16,'CHICLES TOPLINE SEVEN MENTHOL'),(951,3,22,13,'CHICLES TOPLINE SEVEN SANDIAMANIA'),(952,6,23,31,'CHICLES TOPLINE SEVEN STRONG X-BOMBS'),(953,3,23,32,'CHICLES TOPLINE SEVEN VIBRANT STRAWBERRY'),(954,2,23,5,'CHICLES TOPLINE SEVEN VIOLET CHERRY'),(955,7,11,40,'CHICLES TOPLINE STRONG'),(956,4,11,18,'CHICLES TOPLINE ULTRA DEFENSE'),(957,7,45,37,'CHICLES TOPLINE ULTRA SEVEN CLEAN MINT'),(958,6,45,27,'CHICLES TOPLINE ULTRA SEVEN RED BERRY'),(959,2,55,31,'CHIMICHURRI ALICANTE'),(960,6,30,15,'CHIMICHURRI ALICANTE'),(961,6,121,38,'CHIMICHURRI DEAN FUNES'),(962,7,115,17,'CHIMICHURRI SUELTO'),(963,1,33,46,'CHIMICHURRI TAHITI'),(964,7,35,39,'CHIMICHURRI TIPO CASERO TAHITI'),(965,3,255,0,'CHIMICHURRI VELEZ'),(966,5,23,26,'CHIMICHURRI VELEZ'),(967,1,78,47,'CHIZITOS PAI'),(968,4,18,4,'CHIZITOS PAI'),(969,4,33,6,'CHIZITOS PAI'),(970,2,27,35,'CHOCLO AMARILLO EN GRANO CANNED FOOD'),(971,2,47,11,'CHOCLO CREMOSO AMARILLO ARCOR'),(972,4,22,21,'CHOCLO CREMOSO AMARILLO INALPA'),(973,7,57,47,'CHOCLO CREMOSO AMARILLO INALPA'),(974,8,69,3,'CHOCLO CREMOSO BLANCO INALPA'),(975,6,28,41,'CHOCLO CREMOSO BLANCO INALPA'),(976,8,49,37,'CHOCLO EN GRANO AMARILLO ARCOR'),(977,3,340,45,'CHOCLO EN GRANO AMARILLO GENTELMAN'),(978,6,314,44,'CHOCLO EN GRANO AMARILLO INALPA'),(979,2,43,39,'CHOCLO EN GRANO AMARILLO INALPA'),(980,3,90,42,'CHOCLO EN GRANO AMARILLO INALPA'),(981,7,290,27,'CHOCLO EN GRANO CANNED FOOD'),(982,1,315,26,'CHOCLO EN GRANO GENTLEMAN'),(983,6,172,33,'CHOCOLATE AGUILA 3 EN 1'),(984,3,148,7,'CHOCOLATE AGUILA EXTRA FINO'),(985,7,133,7,'CHOCOLATE AGUILA TABLETA'),(986,4,101,0,'CHOCOLATE AGUILA TABLETA'),(987,6,19,15,'CHOCOLATE ARCOR 50 % CACAO'),(988,8,19,1,'CHOCOLATE ARCOR BLANCO'),(989,6,19,22,'CHOCOLATE ARCOR NEGRO'),(990,6,10,20,'CHOCOLATE BATON BLANCO GARATO'),(991,7,10,21,'CHOCOLATE BATON CREME GAROTO'),(992,3,10,15,'CHOCOLATE BATON NEGRO GAROTO'),(993,6,68,16,'CHOCOLATE BLANCO AGUILA TABLETA'),(994,7,55,9,'CHOCOLATE CADBURY ALMENDRAS'),(995,7,64,33,'CHOCOLATE CADBURY DAIRY MILK'),(996,8,26,18,'CHOCOLATE CADBURY TRES SUENOS'),(997,1,55,36,'CHOCOLATE CADBURY TRES SUENOS'),(998,6,26,22,'CHOCOLATE CADBURY YOGHURT FRUTILLA'),(999,6,62,20,'CHOCOLATE CADBURY YOGHURT FRUTILLA'),(1000,6,59,19,'CHOCOLATE COFLER AIR BON O BON'),(1001,4,50,25,'CHOCOLATE COFLER AIR LECHE'),(1002,1,55,20,'CHOCOLATE COFLER ALMENDRAS'),(1003,6,14,48,'CHOCOLATE COFLER BLOCK'),(1004,2,81,14,'CHOCOLATE COFLER BLOCK'),(1005,1,34,32,'CHOCOLATE COFLER BLOCK'),(1006,2,143,15,'CHOCOLATE COFLER BLOCK'),(1007,7,37,43,'CHOCOLATE COFLER GRAFFITI'),(1008,5,46,31,'CHOCOLATE COFLER LECHE'),(1009,6,56,13,'CHOCOLATE COFLER ROCKLETS'),(1010,8,55,20,'CHOCOLATE COFLER TOFI RELLENO DULCE DE LECHE'),(1011,8,56,8,'CHOCOLATE COFLER TRES PALCERES'),(1012,2,19,28,'CHOCOLATE DAQUI'),(1013,5,48,38,'CHOCOLATE MILKA ALMENDRAS'),(1014,3,47,20,'CHOCOLATE MILKA CHOCO PAUSE'),(1015,7,24,28,'CHOCOLATE MILKA LECHE'),(1016,8,48,39,'CHOCOLATE MILKA LECHE'),(1017,6,76,42,'CHOCOLATE MILKA LEGER'),(1018,6,47,48,'CHOCOLATE MILKA LEGER ALMENDRAS'),(1019,4,24,2,'CHOCOLATE MILKA LEGER COMBINADO'),(1020,4,47,47,'CHOCOLATE MILKA LEGER COMBINADO'),(1021,1,28,1,'CHOCOLATE MILKA LEGER LECHE'),(1022,5,47,47,'CHOCOLATE MILKA LEGER LECHE'),(1023,5,48,48,'CHOCOLATE MILKA OREO'),(1024,8,24,21,'CHOCOLATE MILKA OREO'),(1025,5,66,0,'CHOCOLATE PARA TAZA GODET'),(1026,7,11,50,'CHOCOLATE ROCKLETON'),(1027,1,113,34,'CHOCOLATE SAPITO'),(1028,2,28,40,'CHOCOLATE SHOT'),(1029,6,61,30,'CHOCOLATE SHOT'),(1030,6,34,31,'CHOCOLATE SUFLAIR'),(1031,2,23,32,'CHOCOLATE TOFI BLANCO'),(1032,5,29,38,'CHOCOLATE TOFI NEGRO'),(1033,6,90,27,'CHOCOLINO LA VIRGINIA'),(1034,2,41,42,'CHOCOLINO LA VIRGINIA'),(1035,2,86,41,'CHOCOLITOS AGUILA SEIAMARGO'),(1036,2,150,8,'CHUPETINES MIGLOBS MUNDIAL'),(1037,2,141,49,'CHUPETINES MR POP FRUTAL'),(1038,2,141,29,'CHUPETINES MR POPS TROMPITO TWISTER'),(1039,7,66,9,'CHUPETINES WAMIS'),(1040,7,72,50,'CHUTNEY DE PIMIENTOS ANTOMEX'),(1041,5,52,46,'CIF ANTIGRASA DOY PACK'),(1042,2,66,0,'CIF ANTIGRASA DOY PACK'),(1043,6,103,20,'CIF ANTIGRASA GATILLO'),(1044,7,52,47,'CIF BANO DOY PACK'),(1045,4,103,11,'CIF BANO GATILLO ANTI-HONGOS'),(1046,2,32,18,'CIF CREMA FLORES DE NARANJO C/MICROPARTICULAS'),(1047,1,70,19,'CIF CREMA FLORES DE NARANJO C/MICROPARTICULAS'),(1048,2,75,17,'CIF CREMA LIMON C/MICROPARTICULAS'),(1049,5,44,28,'CIF CREMA LIMON C/MICROPARTICULAS'),(1050,8,44,18,'CIF CREMA ORIGINAL C/MICROPARTICULAS'),(1051,7,73,18,'CIF CREMA ORIGINAL C/MICROPARTICULAS'),(1052,6,44,47,'CIF CREMA ULTRA BLANCO C/LAVANDINA/CLORO'),(1053,3,75,34,'CIF CREMA ULTRA BLANCO CON LAVANDINA'),(1054,1,60,21,'CIF CREMA ULTRA HIGIENE'),(1055,2,50,11,'CIF VIDRIOS Y SUPERFICIES DELICADAS DP'),(1056,3,55,24,'CIF VIDRIOS Y SUPERFICIES GATILLO'),(1057,8,100,12,'CINTA DE EMBALAR'),(1058,6,137,8,'CINZANO ROSSO'),(1059,7,19,20,'CIOCCORELLAS VALENTE'),(1060,8,565,4,'CIRUELAS DESCAROZADAS D AGEN DEAN FUNES'),(1061,4,48,4,'COCA COLA DESCARTABLE'),(1062,4,99,20,'COCA COLA DESCARTABLE'),(1063,1,95,14,'COCA COLA DESCARTABLE'),(1064,6,80,10,'COCA COLA DESCARTABLE'),(1065,8,33,34,'COCA COLA DESCARTABLE'),(1066,5,19,43,'COCA COLA DESCARTABLE CHICA'),(1067,4,31,20,'COCA COLA LATA'),(1068,1,21,24,'COCA COLA LATA CHICA'),(1069,2,24,9,'COCA COLA LATA GRANDE'),(1070,8,107,4,'COCA COLA LIGHT'),(1071,2,80,11,'COCA COLA LIGHT'),(1072,2,32,14,'COCA COLA LIGHT DESCARTABLE'),(1073,6,23,17,'COCA COLA LIGHT LATA'),(1074,3,31,36,'COCA COLA LIGHT LATA'),(1075,5,56,15,'COCA COLA LIGHT RETORNABLE'),(1076,4,466,3,'COCA COLA LIGHT VIDRIO RETORNABLE'),(1077,4,83,37,'COCA COLA RETORNABLE'),(1078,5,70,33,'COCA COLA RETORNABLE'),(1079,6,51,29,'COCA COLA RETORNABLE VIDRIO'),(1080,8,20,40,'COCA COLA VIDRIO DESCARTABLE'),(1081,6,581,13,'COCA COLA VIDRIO RETORNABLE'),(1082,1,105,44,'COCA COLA ZERO'),(1083,6,80,39,'COCA COLA ZERO'),(1084,2,105,48,'COCA COLA ZERO'),(1085,1,32,24,'COCA COLA ZERO'),(1086,4,25,4,'COCA COLA ZERO LATA'),(1087,1,26,9,'COCA COLA ZERO LATA'),(1088,5,15,27,'COCA COLA ZERO LATA CHICA'),(1089,8,70,28,'COCA COLA ZERO RETORNABLE'),(1090,4,18,16,'COCA COLA ZERO VIDRIO DESCARTABLE'),(1091,6,534,17,'COCA COLA ZERO VIDRIO RETORNABLE'),(1092,3,52,25,'COCA COLA ZERO VIDRIO RETORNABLE'),(1093,4,48,47,'COCINA EN BOLSA ALICANTE BARBACOA'),(1094,6,48,22,'COCINA EN BOLSA ALICANTE CARNE AL PIMENTON'),(1095,4,48,31,'COCINA EN BOLSA ALICANTE CARNE TIPO CRIOLLA'),(1096,3,48,14,'COCINA EN BOLSA ALICANTE MOSTAZA Y MIEL'),(1097,6,48,17,'COCINA EN BOLSA ALICANTE PAPAS Y VEGETALES'),(1098,3,48,46,'COCINA EN BOLSA ALICANTE POLLO A LAS FINAS HIERBAS'),(1099,4,48,5,'COCINA EN BOLSA ALICANTE POLLO ALBAHACA Y AJO'),(1100,3,30,9,'COCKTAILS BAHIA BLUE HAWAIAN CON ALCOHOL'),(1101,4,30,5,'COCKTAILS BAHIA DAIKIRI CON ALCOHOL'),(1102,8,30,36,'COCKTAILS BAHIA DAIKIRI MARACUYA CON ALCOHOL'),(1103,8,30,32,'COCKTAILS BAHIA PASSION COOLER SIN ALCOHOL'),(1104,8,30,1,'COCKTAILS BAHIA PRIMAVERA SIN ALCOHOL'),(1105,2,30,39,'COCKTAILS BAHIA SUN ON THE BEACH'),(1106,2,36,40,'COCO RALLADO ALICANTE'),(1107,1,368,33,'COCO RALLADO DEAN FUNES'),(1108,1,182,36,'COCO RALLADO SUELTO'),(1109,3,19,14,'COCO RALLADO VELEZ'),(1110,4,129,15,'COCTEL DE FRUTA LA CAMPAGNOLA'),(1111,4,71,23,'COCTEL DE FRUTAS COPA DE ORO'),(1112,6,65,44,'COCTEL DE FRUTAS LIGHT COPA DE ORO'),(1113,6,110,10,'COFFEE MATE LIVIANO'),(1114,8,108,40,'COFFEE MATE ORIGINAL'),(1115,4,62,31,'COLONIA BABY JOHNSON S DULCES SUENOS'),(1116,7,93,12,'COLONIA COQUETERIAS'),(1117,3,196,2,'COLORANTE EL POLLUELO AMARILLO'),(1118,6,100,15,'COMBO LOCRO GRANDE'),(1119,6,43,3,'COMINO  VELEZ'),(1120,5,55,16,'COMINO ALICANTE'),(1121,5,185,49,'COMINO DEAN FUNES'),(1122,1,30,49,'COMINO MOLIDO ALICANTE'),(1123,6,23,38,'COMINO MOLIDO VELEZ'),(1124,5,428,48,'COMINO MOLIDO VELEZ'),(1125,8,92,0,'COMINO SUELTO'),(1126,4,70,38,'CON TUTTI FUSILLI FILETTO'),(1127,6,70,13,'CON TUTTI FUSILLI HONGOS'),(1128,7,70,14,'CON TUTTI MACARONI POLLO'),(1129,5,30,23,'CONDIMENTO EMPANADAS ALICANTE'),(1130,6,21,39,'CONDIMENTO PARA ARROZ ALICANTE'),(1131,7,24,37,'CONDIMENTO PARA ARROZ PERGOLA'),(1132,1,18,47,'CONDIMENTO PARA ARROZ VELEZ'),(1133,1,29,18,'CONDIMENTO PARA AVES ALICANTE'),(1134,2,26,30,'CONDIMENTO PARA CARNES ALICANTE'),(1135,7,27,0,'CONDIMENTO PARA MILANESAS SUPREMAS ALICANTE'),(1136,6,29,11,'CONDIMENTO PARA PESCADOS ALICANTE'),(1137,3,26,35,'CONDIMENTO PARA PIZZA ALICANTE'),(1138,4,100,46,'CONDIMENTO PARA PIZZA DEAN FUNES'),(1139,5,18,45,'CONDIMENTO PARA PIZZA VELEZ'),(1140,8,236,1,'CONDIMENTO PARA PIZZA VELEZ'),(1141,6,26,49,'CONDIMENTO PARA TUCOS Y GUISOS ALICANTE'),(1142,7,103,4,'CONDIMENTO PIZZA SUELTO'),(1143,2,111,47,'CONEJO DE CHOCOLATE BON O BON'),(1144,3,42,32,'CONEJO DE CHOCOLATE BON O BON'),(1145,5,65,16,'CONOS QUENTO'),(1146,4,273,16,'COPAS DE VIDRIO BAIRES AGUA RIGOLLEAU'),(1147,2,272,33,'COPAS DE VIDRIO CHAMPAGNE RIGOLLEAU'),(1148,5,219,4,'COPAS DE VIDRIO NORUEGA POSTRE RIGOLLEAU'),(1149,5,28,48,'COPOS DE MAIZ GRANIX TRADICIONALES'),(1150,8,54,2,'COPOS DE MAIZ GRANIX TRADICIONALES'),(1151,3,85,10,'CORAZON BON O BON'),(1152,6,68,41,'CORAZON BON O BON AGUILA'),(1153,7,137,34,'CORAZONES DE ALCAUCILES SAN JUAN DE ULLUM'),(1154,4,88,26,'CORTADO LA VIRGINIA'),(1155,8,270,19,'CONAC RESERVA DE SAN JUAN'),(1156,8,78,22,'CREMA ANTITRANSPIRANTE REXONA ODORONO'),(1157,1,150,19,'CREMA CHANTILLY CHOCOLATE TREGAR'),(1158,6,272,34,'CREMA CHANTILLY LA SERENISIMA'),(1159,6,230,0,'CREMA CHANTILLY LIGHT TREGAR'),(1160,3,265,2,'CREMA CHANTILLY TREGAR'),(1161,2,618,8,'CREMA DE LECHE COLONIA ORCOVI'),(1162,4,89,16,'CREMA DE LECHE DOBLE ILOLAY'),(1163,2,666,7,'CREMA DE LECHE ILOLAY'),(1164,3,49,32,'CREMA DE LECHE ILOLAY'),(1165,5,47,23,'CREMA DE LECHE LA NUEVA'),(1166,4,74,33,'CREMA DE LECHE LA NUEVA'),(1167,7,1388,27,'CREMA DE LECHE LA NUEVA'),(1168,5,60,17,'CREMA DE LECHE LA PAULINA TRADICIONAL'),(1169,2,92,0,'CREMA DE LECHE LA PAULINA TRADICIONAL'),(1170,8,64,24,'CREMA DE LECHE LA SERENISIMA LARGA VIDA CARTON'),(1171,8,68,1,'CREMA DE LECHE LA SERENISIMA LIGHT TETRA TOP'),(1172,4,69,14,'CREMA DE LECHE LA SERENISIMA LIGHT VIT A-E'),(1173,6,110,22,'CREMA DE LECHE LA SERENISIMA TETRA TOP'),(1174,7,69,50,'CREMA DE LECHE LA SERENISIMA TETRA TOP'),(1175,2,67,14,'CREMA DE LECHE LA SERENISIMA VIT A-E'),(1176,3,114,8,'CREMA DE LECHE LA SERENISIMA VIT A-E'),(1177,2,41,39,'CREMA DE LECHE PRIMER PREMIO'),(1178,8,71,41,'CREMA DE LECHE PRIMER PREMIO'),(1179,7,64,7,'CREMA DE LECHE SANCOR MULTIVITAMINAS A,D,E'),(1180,8,105,36,'CREMA DE LECHE SANCOR MULTIVITAMINAS A,D,E'),(1181,3,101,39,'CREMA DE LECHE SANTA BRIGIDA'),(1182,6,76,30,'CREMA DE LECHE TONADITA'),(1183,5,615,36,'CREMA DE LECHE TONADITA'),(1184,7,45,27,'CREMA DE LECHE TONADITA'),(1185,3,63,48,'CREMA DE LECHE TREGAR'),(1186,7,66,24,'CREMA DEPILATORIA EMAL DIAMAN FLORAL'),(1187,2,80,18,'CREMA PONDS CON EXTRACTO DE PEPINO'),(1188,7,62,34,'CRISTAL DE SODA MAVAX'),(1189,2,23,24,'CROCANTE DE MANI KING'),(1190,6,16,11,'CROKOLO ARCOR'),(1191,6,59,8,'CRUSH LIMA LIMON'),(1192,2,59,30,'CRUSH NARANJA'),(1193,2,59,32,'CRUSH POMELO'),(1194,1,129,33,'CUBANITOS AGUILA NAVIDAD'),(1195,3,72,30,'CUBANITOS CHOCOSTAR'),(1196,3,97,18,'CUBANITOS OBLITA CHOCOLATE'),(1197,7,86,9,'CUBANITOS RELLENOS CHOCOSTAR'),(1198,1,120,43,'CURCUMA DEAN FUNES'),(1199,4,262,1,'CURCUMA VELEZ'),(1200,6,200,26,'CYNAR'),(1201,5,47,26,'DENTIFRICO COLGATE HERBAL BLANCO BRILLANTE'),(1202,6,51,39,'DENTIFRICO COLGATE HERBAL WHITE BLANQUEDORA'),(1203,5,79,44,'DENTIFRICO COLGATE LUMINOUS WHITE'),(1204,6,115,4,'DENTIFRICO COLGATE PROTECCION ANTICARIES'),(1205,2,48,2,'DENTIFRICO COLGATE PROTECCION ANTICARIES'),(1206,1,48,33,'DENTIFRICO COLGATE PROTECCION ANTICARIES'),(1207,2,89,3,'DENTIFRICO COLGATE TOTAL 12 CLEAN MINT'),(1208,3,50,44,'DENTIFRICO COLGATE TRIPLE ACCION XTREME'),(1209,1,51,24,'DENTIFRICO KOLYNOS FRESCURA INTENSA'),(1210,1,34,18,'DENTIFRICO KOLYNOS FRESCURA INTENSA'),(1211,2,40,20,'DENTIFRICO KOLYNOS LIMPIEZA COMPLETA'),(1212,1,30,25,'DENTIFRICO KOLYNOS LIMPIEZA COMPLETA'),(1213,5,34,12,'DENTIFRICO ODOL DIENTES BLANCOS'),(1214,7,44,41,'DENTIFRICO ODOL DIENTES BLANCOS'),(1215,6,44,7,'DENTIFRICO ORAL B 1.2.3 ANTICARIES'),(1216,4,99,19,'DENTIFRICO SENSODYNE ORIGINAL'),(1217,8,68,28,'DESENGRASANTE GATILLO MAVAX'),(1218,5,22,20,'DESINFECTANTE DETTOL ESPADOL CITRUS DP'),(1219,6,59,47,'DESINFECTANTE LYSOFORM AEROSOL BEBE'),(1220,6,96,50,'DESINFECTANTE LYSOFORM AEROSOL CITRICA'),(1221,4,77,50,'DESINFECTANTE LYSOFORM AEROSOL LAVANDA'),(1222,7,94,41,'DESINFECTANTE LYSOFORM EN AEROSOL AIRE DE MONTANA'),(1223,5,96,2,'DESINFECTANTE LYSOFORM EN AEROSOL ORIGINAL'),(1224,8,100,34,'DESODORANTE AXE APOLLO ANTITRANSPIRANTE'),(1225,7,100,8,'DESODORANTE AXE BLACK'),(1226,5,100,20,'DESODORANTE AXE COLLISION FRESH'),(1227,4,68,46,'DESODORANTE AXE MARINE'),(1228,4,84,7,'DESODORANTE COLBERT NOIR'),(1229,5,57,10,'DESODORANTE DE AMBIENTE GLADE BRISA DE LAS CUMBRES'),(1230,4,51,41,'DESODORANTE DE AMBIENTE GLADE CAMPOS DE JAZMIN'),(1231,6,45,47,'DESODORANTE DE AMBIENTE GLADE CAMPOS DE LAVANDA'),(1232,1,51,17,'DESODORANTE DE AMBIENTE GLADE CARICIAS DE ALGODON'),(1233,4,53,30,'DESODORANTE DE AMBIENTE GLADE CARICIAS DE BEBE'),(1234,8,60,16,'DESODORANTE DE AMBIENTE GLADE FLORAL PERFECTION'),(1235,8,51,29,'DESODORANTE DE AMBIENTE GLADE I LOVE YOU'),(1236,8,51,26,'DESODORANTE DE AMBIENTE GLADE LIMON REFRESCANTE'),(1237,5,57,46,'DESODORANTE DE AMBIENTE GLADE PLACER FLORAL Y FR'),(1238,2,57,1,'DESODORANTE DE AMBIENTE POETT BEBE'),(1239,7,38,49,'DESODORANTE DE AMBIENTE POETT BOSQUE DE BAMBU'),(1240,8,50,28,'DESODORANTE DE AMBIENTE POETT DEJA VU'),(1241,5,52,46,'DESODORANTE DE AMBIENTE POETT ESPIRITU JOVEN'),(1242,4,57,50,'DESODORANTE DE AMBIENTE POETT LAVANDA'),(1243,1,57,50,'DESODORANTE DE AMBIENTE POETT LOV(E)VOLUTION'),(1244,6,38,0,'DESODORANTE DE AMBIENTE POETT MOMENTOS D. VAINILLA'),(1245,8,50,28,'DESODORANTE DE AMBIENTE POETT PRIMAVERA'),(1246,7,52,30,'DESODORANTE DE AMBIENTE POETT SOLO PARA TI'),(1247,1,50,11,'DESODORANTE DE AMBIENTE POETT SUAVIDAD ALGODON'),(1248,4,119,1,'DESODORANTE DOVE WOMEN GO FRESH POMELO/LIMON'),(1249,6,130,9,'DESODORANTE DOVE WOMEN ORIGINAL ANTITRANSPIRANTE'),(1250,1,105,15,'DESODORANTE DOVE WOMEN ORIGINAL ROLL-ON'),(1251,6,104,11,'DESODORANTE IMPULSE FEM TRUE LOVE'),(1252,5,104,15,'DESODORANTE IMPULSE FEM VERY PINK'),(1253,2,126,5,'DESODORANTE KEVIN ORIGINAL'),(1254,6,57,50,'DESODORANTE KOSIUKO FEM CALIFORNIA VALLEY'),(1255,4,54,9,'DESODORANTE MUJERCITAS SPRAY'),(1256,1,106,6,'DESODORANTE REXONA ANT.XTRACOOL'),(1257,1,106,22,'DESODORANTE REXONA MEN CLASICO MOTIONSENSE'),(1258,6,63,4,'DESODORANTE REXONA MEN INVISIBLE'),(1259,8,51,33,'DESODORANTE REXONA MEN ROLL-ON SENSITIVE'),(1260,7,65,19,'DESODORANTE REXONA WOMAN AP INVISIBLE'),(1261,5,53,26,'DESODORANTE REXONA WOMEN ANTIBACTERIAL FRESH'),(1262,8,66,24,'DESODORANTE REXONA WOMEN COTTON DRY'),(1263,3,84,11,'DESTAPA CANERIAS MAVAX'),(1264,3,102,18,'DESTAPACANERIAS PLOMERO LIQUIDO AYUDIN'),(1265,7,62,26,'DESTAPACANERIAS SOLIDO MAVAX'),(1266,1,46,8,'DETERGENTE ALA PLUS CREMOSO ALOE VERA'),(1267,5,46,28,'DETERGENTE ALA PLUS CREMOSO CON COLAGENO'),(1268,8,46,48,'DETERGENTE ALA PLUS CREMOSO CON GLICERINA'),(1269,7,46,9,'DETERGENTE ALA PLUS FRUTAS CITRICAS'),(1270,2,46,4,'DETERGENTE ALA PLUS LIMON'),(1271,1,46,30,'DETERGENTE ALA PLUS PODER DE LA NATURALEZA TE VERD'),(1272,3,47,17,'DETERGENTE ALA ULTRA LIMON'),(1273,6,25,41,'DETERGENTE CAMELLITO ALA'),(1274,4,75,18,'DETERGENTE CIF ACTIVE GEL CITRICA'),(1275,2,55,22,'DETERGENTE CIF ACTIVE GEL CITRICA'),(1276,5,55,49,'DETERGENTE CIF ACTIVE GEL LIMON'),(1277,6,75,22,'DETERGENTE CIF ACTIVE GEL LIMON'),(1278,7,55,28,'DETERGENTE CIF ACTIVE GEL LIMON VERDE'),(1279,4,66,33,'DETERGENTE CIF ACTIVE GEL LIMON VERDE'),(1280,6,34,39,'DETERGENTE GIGANTE ALOE VERA'),(1281,6,23,50,'DETERGENTE GIGANTE AMANECER'),(1282,4,34,20,'DETERGENTE GIGANTE ANTIBACTERIAL 3 EN 1 TOQ. ALM.'),(1283,2,41,6,'DETERGENTE GIGANTE CON LIMON'),(1284,6,41,39,'DETERGENTE GIGANTE GLICERINA'),(1285,5,39,28,'DETERGENTE GIGANTE LIMON'),(1286,5,23,1,'DETERGENTE GIGANTE MANOS SUAVES'),(1287,6,23,15,'DETERGENTE GIGANTE MANZANILLA'),(1288,4,34,12,'DETERGENTE GIGANTE MORAS DEL BOSQUE'),(1289,1,35,12,'DETERGENTE GIGANTE POMELO'),(1290,7,35,49,'DETERGENTE GIGANTE ULTRA FRUTILLA'),(1291,6,35,31,'DETERGENTE GIGANTE ULTRA KIWI'),(1292,7,35,49,'DETERGENTE GIGANTE ULTRA LIMON'),(1293,1,35,26,'DETERGENTE GIGANTE ULTRA POMELO'),(1294,5,70,37,'DETERGENTE MAGISTRAL ALOE PIEL SENSIBLE'),(1295,2,82,35,'DETERGENTE MAGISTRAL LIMON'),(1296,1,60,13,'DETERGENTE MAGISTRAL LIMON ESPUMA ACTIVA'),(1297,5,96,18,'DETERGENTE MAGISTRAL MANZANA'),(1298,4,97,29,'DETERGENTE MAGISTRAL MARINA'),(1299,1,60,29,'DETERGENTE MAGISTRAL MARINA'),(1300,1,68,29,'DETERGENTE MAGISTRAL NARANJA'),(1301,1,37,24,'DETERGENTE MAGISTRAL POWER CLEAN LIMON'),(1302,8,32,22,'DETERGENTE MAVAX'),(1303,4,150,40,'DETERGENTE MAVAX'),(1304,5,26,20,'DETERGENTE ZORRO ULTRA NARANJA'),(1305,4,85,42,'DISCOS ACTIVOS LYSOFORM FULL CITRICA'),(1306,7,77,21,'DISCOS ACTIVOS LYSOFORM FULL LAVANDA'),(1307,5,20,39,'DISCOS DE ARROZ  DOS HERMANOS ASADO'),(1308,7,39,26,'DISCOS DE ARROZ  DOS HERMANOS ASADO'),(1309,3,30,26,'DISCOS DE ARROZ DOS HERMANOS CON SAL'),(1310,5,30,6,'DISCOS DE ARROZ DOS HERMANOS DULCES'),(1311,4,20,10,'DISCOS DE ARROZ DOS HERMANOS JAMON'),(1312,3,39,12,'DISCOS DE ARROZ DOS HERMANOS JAMON'),(1313,3,30,6,'DISCOS DE ARROZ DOS HERMANOS SIN SAL'),(1314,8,33,29,'DISCOS DE ARROZ RINCON INTEGRAL DULCE'),(1315,3,30,12,'DISCOS DE ARROZ RINCON INTEGRAL SALADOS'),(1316,5,30,8,'DISCOS DE ARROZ RINCON INTEGRAL SIN SAL'),(1317,1,35,25,'DR LEMON CON LIMON BOTELLA'),(1318,2,66,34,'DR LEMON CON VODKA BOTELLA'),(1319,3,86,5,'DR LEMON CON VODKA BOTELLA'),(1320,8,23,48,'DR LEMON CON VODKA LATA'),(1321,7,76,19,'DR LEMON CON VODKA NARANJA'),(1322,6,51,13,'DR MOJITO BOTELLA'),(1323,6,38,27,'DR MOJITO BOTELLA'),(1324,4,60,22,'DULCE DE BATATA ARCOR ESTUCHE'),(1325,2,34,15,'DULCE DE BATATA BELTOP'),(1326,2,301,40,'DULCE DE BATATA CAROYENSE'),(1327,7,36,7,'DULCE DE BATATA CAROYENSE'),(1328,3,58,36,'DULCE DE BATATA CON CHOCOLATE ARCOR ESTUCHE'),(1329,6,52,26,'DULCE DE BATATA CON CHOCOLATE ORIETA'),(1330,3,17,39,'DULCE DE BATATA DULCOR ESTUCHE'),(1331,6,165,41,'DULCE DE BATATA LATA BELTOP'),(1332,3,52,8,'DULCE DE BATATA ORIETA'),(1333,7,32,13,'DULCE DE LECHE ARRODUL'),(1334,7,48,23,'DULCE DE LECHE CLASICO ARROYO CABRAL'),(1335,3,92,7,'DULCE DE LECHE CLASICO ESTILO REAL'),(1336,7,69,25,'DULCE DE LECHE CLASICO LA SERENISIMA'),(1337,2,77,1,'DULCE DE LECHE DE CAMPO SANCOR'),(1338,6,61,26,'DULCE DE LECHE ESTILO COLONIAL LA SERENISIMA'),(1339,8,77,30,'DULCE DE LECHE ESTILO COLONIAL LA SERENISIMA'),(1340,8,172,16,'DULCE DE LECHE ESTILO COLONIAL LA SERENISIMA'),(1341,5,68,37,'DULCE DE LECHE ILOLAY'),(1342,5,36,45,'DULCE DE LECHE ILOLAY'),(1343,4,159,7,'DULCE DE LECHE ILOLAY'),(1344,8,146,16,'DULCE DE LECHE ILOLAY REPOSTERO'),(1345,8,75,28,'DULCE DE LECHE ILOLAY REPOSTERO'),(1346,5,738,38,'DULCE DE LECHE INDIVIDUAL ILOLAY'),(1347,4,492,43,'DULCE DE LECHE INDIVIDUAL SANCOR'),(1348,4,188,2,'DULCE DE LECHE LA PAULINA'),(1349,3,50,25,'DULCE DE LECHE LA PAULINA'),(1350,4,75,24,'DULCE DE LECHE LA PAULINA'),(1351,5,165,7,'DULCE DE LECHE PONCHO NEGRO'),(1352,3,49,19,'DULCE DE LECHE RAULITO'),(1353,6,54,49,'DULCE DE LECHE REPOSTERO ESTILO REAL'),(1354,6,150,38,'DULCE DE LECHE REPOSTERO LA PAULINA'),(1355,3,94,12,'DULCE DE LECHE REPOSTERO LA PAULINA'),(1356,8,93,3,'DULCE DE LECHE REPOSTERO LA SERENISIMA'),(1357,3,80,48,'DULCE DE LECHE SANCOR 0% GRASA Y COLESTEROL'),(1358,8,165,6,'DULCE DE LECHE SANCOR LIBRE DE GLUTEN'),(1359,1,85,47,'DULCE DE LECHE SANCOR REPOSTERO TRADICIONAL'),(1360,2,69,3,'DULCE DE LECHE SANCOR TRADICIONAL'),(1361,4,56,7,'DULCE DE LECHE SANCOR TRADICIONAL SIN T.A.C.C'),(1362,2,64,21,'DULCE DE LECHE SER'),(1363,3,96,1,'DULCE DE LECHE SER 0% GRASA Y COLESTEROL'),(1364,4,74,44,'DULCE DE MEMBRILLO ARCOR ESTUCHE'),(1365,2,39,41,'DULCE DE MEMBRILLO BELTOP'),(1366,4,320,21,'DULCE DE MEMBRILLO CAROYENSE'),(1367,3,165,46,'DULCE DE MEMBRILLO LATA ARCOR'),(1368,2,187,22,'DULCE DE MEMBRILLO LATA BELTOP'),(1369,3,92,12,'DURAZNO EN CUBOS ARCOR'),(1370,3,97,27,'DURAZNOS CUARESMILLOS CUESTA DEL PORTEZUELO'),(1371,6,181,1,'DURAZNOS CUARESMILLOS CUESTA DEL PORTEZUELO'),(1372,7,49,38,'DURAZNOS EN CUBOS AGROSABOR'),(1373,5,42,35,'DURAZNOS EN CUBOS COPA DE ORO'),(1374,8,45,14,'DURAZNOS EN MITADES AGROSABOR'),(1375,2,200,31,'DURAZNOS EN MITADES AGROSABOR'),(1376,8,92,9,'DURAZNOS EN MITADES ARCOR'),(1377,5,120,39,'DURAZNOS EN MITADES BC'),(1378,3,48,3,'DURAZNOS EN MITADES COPA DE ORO'),(1379,2,101,45,'DURAZNOS EN MITADES LA CAMPAGNOLA'),(1380,8,57,18,'DURAZNOS EN MITADES LIGHT AGROSABOR'),(1381,8,46,17,'DURAZNOS EN MITADES LIGHT COPA DE ORO'),(1382,4,49,1,'DURAZNOS EN MITADES MOLINO ROJO'),(1383,1,70,10,'EDULCORANTE BARNY'),(1384,2,41,22,'EDULCORANTE BARNY'),(1385,2,84,6,'EDULCORANTE CHUKER CON STEVIA'),(1386,4,58,5,'EDULCORANTE CHUKER CON STEVIA'),(1387,4,69,16,'EDULCORANTE CHUKER LIQUIDO'),(1388,4,48,36,'EDULCORANTE CHUKER LIQUIDO'),(1389,3,109,38,'EDULCORANTE CHUKER TABLETAS'),(1390,5,73,8,'EDULCORANTE EQUALSWEET CLASICO'),(1391,7,51,44,'EDULCORANTE HILERET LIGHT SOBRES'),(1392,7,71,29,'EDULCORANTE HILERET LIQUIDO 1 A 10'),(1393,6,47,18,'EDULCORANTE HILERET LIQUIDO 1 A 10'),(1394,8,51,32,'EDULCORANTE HILERET LIQUIDO SWEET'),(1395,3,72,42,'EDULCORANTE HILERET LIQUIDO SWEET'),(1396,8,271,16,'EDULCORANTE HILERET SOBRES CLASICO'),(1397,8,122,5,'EDULCORANTE HILERET SOBRES CLASICO'),(1398,6,49,39,'EDULCORANTE HILERET SOBRES CLASICO'),(1399,4,33,22,'EDULCORANTE HILERET SOBRES CLASICO'),(1400,1,39,48,'EDULCORANTE HILERET SWEET'),(1401,8,69,14,'EDULCORANTE HILERET SWEET'),(1402,5,63,3,'EDULCORANTE HILERET ZUCRA LIQUIDO'),(1403,8,105,18,'EDULCORANTE HILERET ZUCRA LIQUIDO'),(1404,6,77,22,'EDULCORANTE HILERET ZUCRA SOBRES'),(1405,4,44,1,'EDULCORANTE HILERET ZUCRA SOBRES'),(1406,5,112,1,'EDULCORANTE LEDESMA'),(1407,8,48,13,'EDULCORANTE LIQUIDO BELDIET'),(1408,3,38,30,'EDULCORANTE LIQUIDO BELDIET'),(1409,3,42,47,'EDULCORANTE LIQUIDO VELEZ'),(1410,4,70,40,'EDULCORANTE SI DIET'),(1411,4,92,18,'EDULCORANTE SI DIET'),(1412,7,55,43,'EDULCORANTE SI DIET'),(1413,8,89,35,'EDULCORANTE SI DIET'),(1414,4,84,2,'EDULCORANTE STEVIA HILERET LIQUIDO'),(1415,5,98,21,'EDULCORANTE STEVIA HILERET SOBRES'),(1416,1,56,42,'EDULCORANTE STEVIA HILERET SOBRES'),(1417,7,118,18,'EDULCORANTE STEVIA LIQUIDO VELEZ'),(1418,4,75,19,'EDULCORANTE STEVIA LIQUIDO VELEZ'),(1419,4,68,23,'EDULCORANTE SWEET GENSER'),(1420,4,233,47,'EDULCORANTE SWEET GENSER'),(1421,4,167,49,'EDULCORANTE SWEET GENSER'),(1422,2,113,15,'EDULCORANTE SWEET GENSER'),(1423,1,64,28,'EDULCORANTE TUY LIQUIDO'),(1424,3,102,40,'EDULCORANTE TUY LIQUIDO'),(1425,6,91,39,'EDULCORANTE TUY STEVIA'),(1426,4,49,32,'EDULCORANTE TUY STEVIA'),(1427,7,172,25,'EDULCORANTE TUY SUCRA LA VIRGINIA'),(1428,2,98,41,'EDULCORANTE TUY SUCRA LA VIRGINIA'),(1429,3,53,4,'EDULCORANTE TUY SUCRA LA VIRGINIA'),(1430,2,204,36,'EDULCORANTE TUY SWEET'),(1431,7,89,43,'EDULCORANTE TUY SWEET SOBRES LA VIRGINIA'),(1432,2,48,35,'EDULCORANTE TUY SWEET SOBRES LA VIRGINIA'),(1433,5,27,38,'EMULSION EVO REPARADORA P MANOS Y CUERPO'),(1434,7,10,14,'ENCENDEDOR BIC BX7'),(1435,3,12,13,'ENCENDEDOR CANDELA'),(1436,1,32,13,'ENERGIZANTE EVERLAST'),(1437,4,55,20,'ENERGIZANTE MONSTER'),(1438,3,64,45,'ENERGIZANTE MONSTER ULTRA SIN AZUCAR'),(1439,1,60,15,'ENERGIZANTE RED BULL'),(1440,3,60,27,'ENERGIZANTE RED BULL SUGAR FREE'),(1441,5,38,13,'ENERGIZANTE ROCKSTAR'),(1442,1,47,2,'ENERGIZANTE SPEED'),(1443,6,34,27,'ENERGIZANTE SPEED'),(1444,2,30,47,'ENERGIZANTE Z AZUL'),(1445,1,33,27,'ENERGIZANTE Z VERDE'),(1446,4,63,12,'ENSALADERA DE VIDRIO GALAXIA RIGOLLEAU'),(1447,3,17,0,'ESCARBADIENTE SUN SHINE'),(1448,8,30,8,'ESCARBADIENTES BROOMY'),(1449,7,105,14,'ESCARBADIENTES ENSOBRADOS COCKTAIL'),(1450,1,84,42,'ESCOBA FARID BROOMY'),(1451,5,35,28,'ESCOBILLA DE BANO BROOMY'),(1452,1,77,25,'ESCOBILLON BICOLOR BROOMY'),(1453,1,94,33,'ESCOBILLON GONDOLA BROOMY'),(1454,4,74,14,'ESCOBILLON LAQUEADO BROOMY'),(1455,8,69,33,'ESCOBILLON OFERTA'),(1456,4,56,45,'ESENCIA DE VAINILLA  ALICANTE'),(1457,1,50,24,'ESENCIA DE VAINILLA TAHITI'),(1458,4,115,23,'ESENCIA DE VAINILLA VELEZ'),(1459,7,207,22,'ESPARRAGOS SAN JUAN DE ULLUM'),(1460,8,73,19,'ESPECIAS DE CAMPO'),(1461,8,23,40,'ESPECIAS SURTIDAS VELEZ'),(1462,8,121,16,'ESPINACA INALPA'),(1463,8,11,25,'ESPIRALES FUYI'),(1464,8,54,39,'ESPIRALES FUYI'),(1465,4,21,0,'ESPIRALES MOSQUI TRAP AHUYENTA MOSQUITOS'),(1466,8,48,8,'ESPIRALES RAID'),(1467,3,10,20,'ESPIRALES RAID'),(1468,3,16,0,'ESPONJA CON FIBRA PEGADA BROOMY'),(1469,3,12,9,'ESPONJA CUADRICULADA BROOMY'),(1470,8,18,38,'ESPONJA DE ACERO SUN SHINE'),(1471,7,25,18,'ESPONJA DE BRONCE  MORTIMER'),(1472,8,43,26,'ESPONJA DOBLE ACCION BROOMY'),(1473,3,34,8,'ESPONJA DOBLE CARA MORTIMER'),(1474,4,39,39,'ESPONJA DORADA BROOMY'),(1475,4,25,6,'ESPONJA DORADA BROOMY'),(1476,6,27,23,'ESPONJA GIGANTE BROOMY'),(1477,1,20,40,'ESPONJA MORTIMER ANTIBACTERIAL CUADRICULADA'),(1478,1,13,17,'ESPONJA MORTIMER CUADRICULADA'),(1479,3,22,30,'ESPONJA MORTIMER CUADRICULADA ABRASIVA'),(1480,4,80,5,'ESPUMA DE AFEITAR NIIVEA MEN HIDRATANTE'),(1481,3,17,50,'ESTRAGON ALICANTE'),(1482,2,57,33,'EXTRACTO TRIPLE DE TOMATE LA CAMPAGNOLA'),(1483,4,27,47,'FAJITAS FERMAR BLANCAS'),(1484,4,27,15,'FAJITAS FERMAR SALVADO'),(1485,1,99,41,'FANTA DESCARTABLE'),(1486,7,86,42,'FANTA LIMON DESCARTABLE'),(1487,7,33,12,'FANTA NARANJA DESCARTABLE'),(1488,7,78,25,'FANTA NARANJA DESCARTABLE'),(1489,3,28,43,'FANTA NARANJA LATA'),(1490,3,24,41,'FANTA NARANJA LATA GRANDE'),(1491,4,73,40,'FANTA NARANJA RETORNABLE'),(1492,2,78,44,'FANTA NARANJA ZERO'),(1493,1,32,35,'FANTA NARANJA ZERO'),(1494,2,21,1,'FANTA NARANJA ZERO LATA'),(1495,4,22,9,'FANTA VIDRIO DESCARTABLE'),(1496,7,500,1,'FANTA VIDRIO RETORNABLE'),(1497,2,53,46,'FANTA VIDRIO RETORNABLE'),(1498,3,97,16,'FANTA ZERO GRANDE'),(1499,5,114,37,'FECULA DE MAIZ GLORIANA'),(1500,4,31,31,'FECULA DE MAIZ GLORIANA'),(1501,1,161,5,'FERNET 1882'),(1502,4,180,10,'FERNET BRANCA'),(1503,1,257,14,'FERNET BRANCA'),(1504,6,325,13,'FERNET BRANCA ESTUCHE COSQUIN C/VASOS'),(1505,5,392,10,'FERNET BRANCA GRANDE'),(1506,3,130,40,'FERNET BRANCA MENTA'),(1507,8,70,50,'FERNET LISTO 1882'),(1508,1,98,24,'FERNET OTTONE'),(1509,7,45,8,'FERNET OTTONE'),(1510,3,55,43,'FERNET VITTONE'),(1511,7,110,49,'FERNET VITTONE'),(1512,5,89,25,'FERNET VITTONE'),(1513,8,168,2,'FIAMBRE CERDO PIAMONTESA'),(1514,3,52,50,'FIAMBRE PARA EMP. DON JUAN'),(1515,2,44,12,'FIAMBRE PARA EMP. DON JUAN'),(1516,8,20,17,'FIBRA ESPONJA ACANALADA BROOMY'),(1517,8,11,2,'FIBRA ESPONJA PARA TEFLON SUN SHINE'),(1518,2,23,6,'FIDEOS  AVE MARIA LUCCHETTI'),(1519,5,20,10,'FIDEOS  AVE MARIA SBIROLI'),(1520,3,40,21,'FIDEOS AVE MARIA KNORR'),(1521,6,17,27,'FIDEOS AVE MARIA QUE RICO'),(1522,6,26,4,'FIDEOS BUCATTINI LUCCHETTI'),(1523,2,38,2,'FIDEOS CABELLO DE ANGEL FAVORITA'),(1524,1,45,5,'FIDEOS CABELLO DE ANGEL KNORR'),(1525,8,42,38,'FIDEOS CABELLO DE ANGEL SBIROLI'),(1526,5,52,2,'FIDEOS CARACOLES KNOR'),(1527,5,30,34,'FIDEOS CODITOS DON BERNABEN'),(1528,8,52,23,'FIDEOS CODITOS KNORR'),(1529,6,30,5,'FIDEOS CODITOS LA SALTENA'),(1530,6,23,27,'FIDEOS CODO VERIZZIA'),(1531,8,27,15,'FIDEOS CODOS FIDELLI'),(1532,4,13,20,'FIDEOS CODOS MEDIANOS QUE RICO'),(1533,4,13,49,'FIDEOS CODOS QUE RICO'),(1534,8,25,10,'FIDEOS DEDALITOS CAPANNOLI'),(1535,6,45,42,'FIDEOS DEDALITOS KNORR'),(1536,2,28,49,'FIDEOS DEDALITOS MATARAZZO'),(1537,2,19,41,'FIDEOS DEDALITOS SBIROLI'),(1538,7,25,33,'FIDEOS DIETETICOS QUE RICO CLASICOS'),(1539,5,25,14,'FIDEOS DIETETICOS QUE RICO SALVADO DE AVENA'),(1540,5,13,35,'FIDEOS EL COLONO GUISEROS'),(1541,2,115,45,'FIDEOS EL COLONO GUISEROS Y SOPEROS 5 KG'),(1542,1,11,14,'FIDEOS EL COLONO SOPEROS'),(1543,6,26,1,'FIDEOS ENTREFINO SBIROLI'),(1544,1,52,25,'FIDEOS FETUCCINI KNORR'),(1545,2,30,37,'FIDEOS FORATINI MATARAZZO'),(1546,5,47,41,'FIDEOS FORATTI KNORR'),(1547,6,51,44,'FIDEOS LA BUONA PASTA'),(1548,3,40,29,'FIDEOS LETRAS KNORR'),(1549,6,28,40,'FIDEOS MACARRONE SBIROLI'),(1550,3,30,7,'FIDEOS MOSTACHOL DON BERNABEN'),(1551,1,22,14,'FIDEOS MOSTACHOL FIDELLI'),(1552,5,40,41,'FIDEOS MOSTACHOL KNORR'),(1553,5,21,6,'FIDEOS MOSTACHOL SBIROLI'),(1554,5,25,33,'FIDEOS MOSTACHOLE QUE RICO'),(1555,7,30,34,'FIDEOS MOSTACHOLES LA SALTENA'),(1556,6,42,32,'FIDEOS MONITO SBIROLI'),(1557,3,42,38,'FIDEOS MONO SBIROLI'),(1558,3,71,13,'FIDEOS MONOS AL HUEVO MALENA ARTESANALES'),(1559,3,48,35,'FIDEOS MONOS KNORR'),(1560,4,33,7,'FIDEOS MONOS LA MOROCHA'),(1561,7,38,35,'FIDEOS MONOS LA SALTENA'),(1562,8,30,35,'FIDEOS MUNICIONES LA SALTENA'),(1563,6,38,25,'FIDEOS NIDOS AL HUEVO SBIROLI'),(1564,3,52,43,'FIDEOS NIDOS CABELLOS DE ANGEL MATARAZZO'),(1565,1,23,19,'FIDEOS RIGATONI VERIZZIA'),(1566,2,25,33,'FIDEOS RIGATTI DON BERNABEN'),(1567,6,45,46,'FIDEOS RIGATTI KNORR'),(1568,8,24,33,'FIDEOS SPAGHETTI CANALE'),(1569,6,25,39,'FIDEOS SPAGHETTI CAPANNOLI'),(1570,3,30,27,'FIDEOS SPAGHETTI DON BERNABEU'),(1571,3,48,37,'FIDEOS SPAGHETTI KNORR'),(1572,4,30,22,'FIDEOS SPAGHETTI LA SALTENA'),(1573,3,27,13,'FIDEOS SPAGHETTI LUCCHETTI'),(1574,6,51,7,'FIDEOS SPAGHETTI MATARAZZO'),(1575,7,23,47,'FIDEOS SPAGHETTI VERIZZIA'),(1576,8,25,15,'FIDEOS SPAGHETTINI KNORR'),(1577,1,53,2,'FIDEOS TALLARIN AL HUEVO MALENA'),(1578,6,53,48,'FIDEOS TALLARIN AL HUEVO MALENA'),(1579,2,71,18,'FIDEOS TALLARIN AL HUEVO MALENA'),(1580,1,30,10,'FIDEOS TALLARIN DON BERNABEN'),(1581,6,71,18,'FIDEOS TALLARIN ESPINACA HUEVO MALENA ARTESANALES'),(1582,2,53,39,'FIDEOS TALLARIN ESPINACA MALENA'),(1583,1,30,22,'FIDEOS TALLARIN LA SALTENA'),(1584,5,71,43,'FIDEOS TALLARIN MALENA ARTESANALES'),(1585,3,53,24,'FIDEOS TALLARIN MORRON MALENA'),(1586,3,71,45,'FIDEOS TALLARIN MULTICOLOR MALENA ARTESANALES'),(1587,7,25,25,'FIDEOS TALLARINES CAPANNOLI'),(1588,5,47,47,'FIDEOS TALLARINES KNORR'),(1589,4,27,42,'FIDEOS TALLARINES LUCCHETTI'),(1590,6,42,6,'FIDEOS TALLARINES SBIROLI'),(1591,1,42,31,'FIDEOS TALLARINES VERDES SBIROLI'),(1592,1,25,42,'FIDEOS TIRABUZON CAPANNOLI'),(1593,1,30,45,'FIDEOS TIRABUZON DON BERNABEN'),(1594,5,22,42,'FIDEOS TIRABUZON FUSILLI FIDELLI'),(1595,8,52,33,'FIDEOS TIRABUZON KNORR'),(1596,6,30,3,'FIDEOS TIRABUZON LA SALTENA'),(1597,3,20,6,'FIDEOS TIRABUZON SBIROLI'),(1598,8,23,3,'FIDEOS TIRABUZON VERIZZIA'),(1599,7,14,45,'FILET ANCHOA SUELTO'),(1600,8,149,5,'FILET DE ANCHOAS EN ACEITE MARFOR'),(1601,6,965,22,'FILET DE ANCHOAS EN ACEITE MARFOR'),(1602,4,520,25,'FILET DE ANCHOAS EN ACEITE MARFOR'),(1603,5,82,18,'FILET DE ANCHOAS EN ACEITE MARFOR'),(1604,5,80,30,'FILTROS DE PAPEL LA VIRGINIA PARA CAFE'),(1605,4,43,39,'FLAN DANETTE DULCE DE LECHE'),(1606,8,43,26,'FLAN DANETTE VAINILLA C/CARAMELO'),(1607,3,19,46,'FLAN GODET DE DULCE DE LECHE'),(1608,7,18,47,'FLAN GODET VAINILLA'),(1609,6,16,22,'FLAN ILOLAY KIDS C/CARAMELO Y DULCE DE LECHE'),(1610,6,26,13,'FLAN ILOLAY KIDS VAINILLA CON CARAMELO'),(1611,5,15,32,'FLAN PICNIC'),(1612,3,31,30,'FLAN ROYAL CHOCOLATE'),(1613,8,23,41,'FLAN ROYAL DULCE DE LECHE'),(1614,2,23,31,'FLAN ROYAL LIGHT VAINILLA'),(1615,6,20,38,'FLAN ROYAL VAINILLA'),(1616,1,45,37,'FLAN SANCOR CASERO C/CARAMELO'),(1617,3,66,5,'FLAN SANCOR CASERO CON DULCE DE LECHE'),(1618,3,66,40,'FLAN SANCOR CASERO LIGHT 34%MENOS DE CALORIAS'),(1619,7,66,35,'FLAN SANCOR CASERO LIGHT CON DULCE DE LECHE LIGHT'),(1620,4,28,48,'FLAN SANCORITO VAINILLA C/CARAMELO'),(1621,3,48,37,'FLAN SER PACK 2'),(1622,1,48,0,'FLAN SERENITO LA SERENISIMA FLAN-TASTICO PACK 2'),(1623,2,16,33,'FLAN VELEZ CHOCOLATE'),(1624,5,22,41,'FLAN VELEZ DULCE DE LECHE'),(1625,6,124,36,'FLAN VELEZ DULCE DE LECHE'),(1626,6,22,37,'FLAN VELEZ FRUTILLA'),(1627,8,124,7,'FLAN VELEZ VAINILLA'),(1628,5,21,0,'FLAN VELEZ VAINILLA'),(1629,7,80,42,'FLUIDO DESINFECTANTE ORLEP'),(1630,7,41,41,'FOSFOROS FRAGATA ECO'),(1631,3,17,24,'FOSFOROS TRES PATITOS ECOLOGICO'),(1632,6,41,0,'FOSFOROS TRES PATITOS ECOLOGICO'),(1633,8,54,45,'FRANELA BROOMY'),(1634,2,185,27,'FRESITA'),(1635,3,100,4,'FRITOLIM CLASICO COCINERO'),(1636,2,102,20,'FRITOLIM NATURA'),(1637,5,16,17,'FRUGGO ARCOR'),(1638,8,23,26,'FRUTAFIEL COLA'),(1639,8,23,32,'FRUTAFIEL GRANADINA'),(1640,4,23,24,'FRUTAFIEL LIMA LIMON'),(1641,4,23,38,'FRUTAFIEL NARANJA'),(1642,5,23,13,'FRUTAFIEL POMELO'),(1643,1,136,17,'FRUTILLAS EN ALMIBAR CUESTA DEL PORTEZUELO'),(1644,6,128,45,'FRUTILLAS ENTERAS BAHIA'),(1645,8,83,34,'FRUTILLAS ENTERAS BAHIA'),(1646,2,125,30,'FRUTILLAS ENTERAS LIGHT BAHIA'),(1647,2,83,8,'FRUTILLAS ENTERAS LIGHT BAHIA'),(1648,6,131,19,'FRUTOS SECOS ALMENDRAS ALICANTE'),(1649,6,152,40,'FRUTOS SECOS NUECES ALICANTE'),(1650,2,152,4,'FRUTOS SECOS PREMIUM ALICANTE'),(1651,3,139,19,'FRUTOS SECOS SNACKS ALICANTE'),(1652,3,148,17,'FRUTOS SECOS TROPICAL ALICANTE'),(1653,1,34,32,'GALLETAS AMOR BAGLEY'),(1654,5,41,45,'GALLETAS ANILLOS LIMON AZUCARADAS CILO'),(1655,1,32,42,'GALLETAS ANILLOS TERRABUSI'),(1656,6,41,43,'GALLETAS ANILLOS VAINILLA AZUCARADOS CILO'),(1657,4,15,45,'GALLETAS AZUCARADAS COCO'),(1658,8,15,39,'GALLETAS AZUCARADAS VAINILLA'),(1659,6,34,46,'GALLETAS BIZCOCHITOS AZUCARADOS CILO'),(1660,1,41,44,'GALLETAS BLOCK'),(1661,3,37,12,'GALLETAS BOCA DE DAMA'),(1662,8,30,17,'GALLETAS CEREAL GRANIX'),(1663,3,59,31,'GALLETAS CEREAL MIX AVENA Y PASAS'),(1664,8,51,43,'GALLETAS CEREAL MIX CON AVENA Y CHOCOLATE'),(1665,4,51,10,'GALLETAS CEREAL MIX CON AVENA Y MANZANA'),(1666,1,51,46,'GALLETAS CEREAL MIX CON AVENA Y PASAS'),(1667,4,62,45,'GALLETAS CEREAL MIX FRUTILLA Y CHIA'),(1668,8,59,5,'GALLETAS CEREAL MIX SEMILLAS Y CHIPS'),(1669,5,13,47,'GALLETAS CEREALITAS'),(1670,1,84,46,'GALLETAS CEREALITAS ARROZ'),(1671,3,51,17,'GALLETAS CEREALITAS AVENA PASAS'),(1672,6,56,43,'GALLETAS CEREALITAS AVENA Y CHOCOLATE'),(1673,3,54,17,'GALLETAS CEREALITAS AVENA Y COCO'),(1674,3,40,31,'GALLETAS CEREALITAS CLASICAS'),(1675,7,28,29,'GALLETAS CEREALITAS CLASICAS'),(1676,6,42,12,'GALLETAS CEREALITAS COPOS'),(1677,7,42,14,'GALLETAS CEREALITAS DE LINO'),(1678,2,54,19,'GALLETAS CEREALITAS GRANOLA'),(1679,3,53,14,'GALLETAS CEREALITAS MANZANA CANELA'),(1680,2,42,10,'GALLETAS CEREALITAS SALVADO'),(1681,3,29,0,'GALLETAS CHOCO CHIPS'),(1682,1,28,20,'GALLETAS CHOCO PAMELA FIRENZE'),(1683,6,44,44,'GALLETAS CHOCOLINAS BAGLEY'),(1684,7,65,21,'GALLETAS CHOCOLINAS BAGLEY'),(1685,1,45,13,'GALLETAS CHOCOLINAS CACAO INTENSO BAGLEY'),(1686,1,43,12,'GALLETAS CINDOR'),(1687,3,65,12,'GALLETAS CLUB SOCIAL 6 PACKS INTEGRAL'),(1688,7,66,1,'GALLETAS CLUB SOCIAL 6 PACKS ORIGINAL'),(1689,8,81,0,'GALLETAS CLUB SOCIAL 6 PACKS QUESO'),(1690,1,11,40,'GALLETAS CLUB SOCIAL JAMON'),(1691,1,12,25,'GALLETAS CLUB SOCIAL ORIGINAL'),(1692,3,65,6,'GALLETAS CLUB SOCIAL PACK JAMON'),(1693,3,12,26,'GALLETAS CLUB SOCIAL QUESO'),(1694,6,32,39,'GALLETAS CON AMAPOLA FERRARIS'),(1695,4,39,6,'GALLETAS CON SESAMO FERRARIS'),(1696,3,68,42,'GALLETAS COQUITAS'),(1697,2,41,15,'GALLETAS COQUITAS'),(1698,8,20,15,'GALLETAS CRIOLLITAS'),(1699,1,31,19,'GALLETAS CRIOLLITAS 3 CEREALES'),(1700,4,34,36,'GALLETAS CRIOLLITAS MAS GRANDE'),(1701,6,91,41,'GALLETAS CRIOLLITAS MAS GRANDES TRIPACK'),(1702,8,53,15,'GALLETAS CRIOLLITAS TRIPACK'),(1703,4,83,39,'GALLETAS CRIOLLITAS X 5'),(1704,8,40,10,'GALLETAS DE ARROZ MOLINOS DEL BOSQUE'),(1705,6,40,10,'GALLETAS DE ARROZ MOLINOS DEL BOSQUE DULCES'),(1706,4,40,29,'GALLETAS DE ARROZ MOLINOS DEL BOSQUE LIGHT'),(1707,5,48,41,'GALLETAS DE ARROZ MOLINOS DEL BOSQUE SIN SAL'),(1708,8,48,41,'GALLETAS DE LINO FERRARIS'),(1709,7,22,33,'GALLETAS DULCES CHARITAS FERRARIS'),(1710,5,31,23,'GALLETAS DULCES EFE FERRARIS PACK X 3'),(1711,7,23,42,'GALLETAS DULCES MEDALLON CON CHIPS FERRARIS'),(1712,3,23,11,'GALLETAS DULCES MEDALLON FERRARIS'),(1713,1,23,44,'GALLETAS DULCES MEDALLON MARMOLADOS FERRARIS'),(1714,1,34,21,'GALLETAS DUQUESA'),(1715,7,25,30,'GALLETAS EXPRESS CLASICA'),(1716,8,60,32,'GALLETAS EXPRESS CLASICA TRIPACK'),(1717,7,27,32,'GALLETAS EXPRESS LIGHT'),(1718,6,65,42,'GALLETAS EXPRESS LIGHT X 3'),(1719,7,32,48,'GALLETAS FORMIS BANANA Y FRUTILLA'),(1720,4,31,8,'GALLETAS FORMIS CHOCOLATE'),(1721,7,25,0,'GALLETAS FORMIS CHOCOLATE'),(1722,7,22,36,'GALLETAS FORMIS DULCE DE LECHE'),(1723,3,31,38,'GALLETAS FORMIS DULCE DE LECHE'),(1724,1,25,25,'GALLETAS FORMIS FRUTILLA'),(1725,8,35,13,'GALLETAS FORMIS FRUTILLA'),(1726,3,25,1,'GALLETAS FORMIS FRUTIS FRUTILLA'),(1727,5,20,43,'GALLETAS FORMIS FRUTIS MANZANA'),(1728,8,29,11,'GALLETAS FORMIS MANZANA Y NARANJA'),(1729,4,32,22,'GALLETAS FORMIS VAINILLA'),(1730,8,47,34,'GALLETAS FRUTIGRAN AVENA Y FRUTOS ROJOS'),(1731,7,51,3,'GALLETAS FRUTIGRAN GRANIX AVENA/PASAS'),(1732,8,54,35,'GALLETAS FRUTIGRAN GRANIX C/CHIPS DE CHOCOLATE'),(1733,3,52,20,'GALLETAS FRUTIGRAN GRANIX CHIA Y LINO'),(1734,8,43,24,'GALLETAS FRUTIGRAN GRANIX SALVADO DULCE'),(1735,1,52,38,'GALLETAS FRUTIGRAN GRANIX SESAMO,AMARARANTO,GIRASO'),(1736,2,54,36,'GALLETAS FRUTIGRAN GRANIX TROPICAL'),(1737,7,50,49,'GALLETAS GRANOLA GRANIX ALMENDRAS AVENA & COCO'),(1738,3,50,15,'GALLETAS GRANOLA GRANIX AVELLANAS AVENA & CACAO'),(1739,3,31,7,'GALLETAS GRANOVITA ALGARROBA GRANIX'),(1740,8,33,41,'GALLETAS GRANOVITA COCO GRANIX'),(1741,7,33,6,'GALLETAS GRANOVITA LIMON GRANIX'),(1742,4,33,38,'GALLETAS GRANOVITA VAINILLA GRANIX'),(1743,7,54,18,'GALLETAS HAWITA TRIPACK FERRARIS'),(1744,8,31,13,'GALLETAS HAWITA TRIPACK FERRARIS'),(1745,8,38,49,'GALLETAS HOGARENAS 7 SEMILLAS'),(1746,2,111,30,'GALLETAS HOGARENAS 7 SEMILLAS TRIPACK'),(1747,6,38,29,'GALLETAS HOGARENAS MIX DE CEREALES'),(1748,5,101,4,'GALLETAS HOGARENAS MIX DE CEREALES TRIPACK'),(1749,5,38,33,'GALLETAS HOGARENAS SESAMO'),(1750,8,36,18,'GALLETAS KESITAS'),(1751,4,53,10,'GALLETAS KESITAS ESTUCHE'),(1752,7,41,37,'GALLETAS LENGUITAS CILO'),(1753,2,35,31,'GALLETAS LENGUITAS CON COCO RALLADO CILO'),(1754,2,35,2,'GALLETAS LINCOLN'),(1755,2,37,3,'GALLETAS LINCOLN CHOCOLATE'),(1756,2,36,22,'GALLETAS LINCOLN COCO'),(1757,1,34,28,'GALLETAS LINO GRANIX'),(1758,5,24,1,'GALLETAS MACUCAS'),(1759,6,24,33,'GALLETAS MACUCAS BLACK'),(1760,4,31,7,'GALLETAS MANA COCO'),(1761,7,31,35,'GALLETAS MANA LECHE'),(1762,6,31,17,'GALLETAS MANA LIMON'),(1763,8,38,32,'GALLETAS MANA RELLENAS CHOCOLATE'),(1764,4,15,32,'GALLETAS MANA RELLENAS DE LIMON BANADAS CHOCOLATE'),(1765,7,38,30,'GALLETAS MANA RELLENAS FRUTILLA'),(1766,8,38,38,'GALLETAS MANA RELLENAS LIMON'),(1767,8,38,7,'GALLETAS MANA RELLENAS VAINILLA'),(1768,7,31,39,'GALLETAS MANA VAINILLA'),(1769,4,75,27,'GALLETAS MANA X 3'),(1770,7,37,48,'GALLETAS MANON'),(1771,4,22,1,'GALLETAS MARIA FERRARIS'),(1772,5,34,23,'GALLETAS MELBA'),(1773,6,43,13,'GALLETAS MELITAS'),(1774,2,34,9,'GALLETAS MELLIZAS'),(1775,4,27,13,'GALLETAS MERENGADA BAGLEY'),(1776,4,47,27,'GALLETAS MILKA CHOCO COOKIES'),(1777,2,35,7,'GALLETAS MILKA CHOCO MINIS'),(1778,1,48,26,'GALLETAS MILKA COOKIES VAINILLA'),(1779,7,32,2,'GALLETAS MILKA MOUSSE'),(1780,5,32,49,'GALLETAS MILKA MOUSSE CHOCOLATE'),(1781,2,22,23,'GALLETAS MINI CHOCOLINAS BAGLEY'),(1782,6,48,38,'GALLETAS MINI HOGARENAS 7 SEMILLAS'),(1783,1,21,34,'GALLETAS MINI HOGARENAS 7 SEMILLAS'),(1784,3,46,42,'GALLETAS MINI HOGARENAS CEREALES'),(1785,2,21,18,'GALLETAS MINI HOGARENAS SALVADO'),(1786,3,23,4,'GALLETAS MINI OREO'),(1787,8,21,44,'GALLETAS MINI OREO CHOCOLATE'),(1788,1,22,17,'GALLETAS MINI OREO FRUTILLA'),(1789,2,25,9,'GALLETAS MINI PAMELA CHIPS'),(1790,4,21,35,'GALLETAS MINI PAMELA COCO'),(1791,5,21,45,'GALLETAS MINI PAMELA LIMON'),(1792,5,21,9,'GALLETAS MINI PAMELA MANTECA'),(1793,1,21,2,'GALLETAS MINI PAMELA SCONES'),(1794,3,20,37,'GALLETAS MINI PEPITOS'),(1795,8,41,26,'GALLETAS MINI SCONS CILO'),(1796,8,36,16,'GALLETAS NOGALITAS CON SALVADO X 3'),(1797,8,29,28,'GALLETAS NOGALITAS SANDWICH X 3'),(1798,8,26,15,'GALLETAS OPERA'),(1799,5,35,6,'GALLETAS OPERA'),(1800,6,23,10,'GALLETAS OPERA REMIX CHOCOLATE'),(1801,2,23,3,'GALLETAS OPERA REMIX FRUTILLA'),(1802,2,35,19,'GALLETAS OPERA SABOR BON O BON'),(1803,2,82,9,'GALLETAS OPERA SIMPLES X4'),(1804,2,172,2,'GALLETAS OREO BANADAS BLANCA'),(1805,7,172,42,'GALLETAS OREO BANADAS NEGRAS'),(1806,1,39,33,'GALLETAS OREO CHOCOBROWNIE'),(1807,6,37,6,'GALLETAS OREO CLASICAS'),(1808,3,42,29,'GALLETAS OREO GOLDEN'),(1809,8,42,9,'GALLETAS OREO MILKSHAKE DE FRUTILLA'),(1810,8,42,11,'GALLETAS OREO TORTA DE LIMON'),(1811,4,118,16,'GALLETAS OREO TRIPACK'),(1812,5,32,39,'GALLETAS PEPAS ARCOR'),(1813,1,41,31,'GALLETAS PEPAS CILO'),(1814,3,31,49,'GALLETAS PEPAS DELICIAS DE LA NONNA'),(1815,8,16,11,'GALLETAS PEPAS DELICIAS DE LA NONNA'),(1816,6,41,29,'GALLETAS PEPAS LIGHT CILO'),(1817,3,13,43,'GALLETAS PEPAS TRIO'),(1818,4,34,5,'GALLETAS PEPITOS BLACK'),(1819,4,38,5,'GALLETAS PEPITOS ORIGINAL'),(1820,5,41,43,'GALLETAS PEPITOS RELLENAS C/CHOCOLATE'),(1821,8,38,46,'GALLETAS PEPITOS RELLENAS C/VAINILLA'),(1822,4,13,5,'GALLETAS POLVORITA FRUTILLA'),(1823,5,13,45,'GALLETAS POLVORITA VAINILLA'),(1824,6,13,39,'GALLETAS POLVORITA VAINILLA NEGRA VAINILLA'),(1825,8,41,3,'GALLETAS POLVORON VAINILLA AZUCARADAS CILO'),(1826,6,31,7,'GALLETAS PORTENITAS'),(1827,6,53,29,'GALLETAS REX ESTUCHE'),(1828,8,36,33,'GALLETAS REX SABOR ORIGINAL'),(1829,1,36,31,'GALLETAS REX SABOR ORIGINAL TUBO'),(1830,6,25,34,'GALLETAS RICITOS FERRARIS'),(1831,4,41,45,'GALLETAS ROCKLETS'),(1832,1,41,41,'GALLETAS ROCOCO'),(1833,6,34,40,'GALLETAS RUMBA BAGLEY'),(1834,3,93,2,'GALLETAS S/SAL 3 EN 1 GRANIX'),(1835,2,119,36,'GALLETAS SALVADO 3 EN 1 GRANIX'),(1836,6,42,8,'GALLETAS SALVADO BAGLEY'),(1837,7,96,50,'GALLETAS SALVADO BAGLEY TRIPACK'),(1838,1,73,34,'GALLETAS SALVADO FERRARIS TRIPACK'),(1839,7,41,24,'GALLETAS SALVADO GRANIX'),(1840,8,38,19,'GALLETAS SALVADO HOGARENAS'),(1841,6,101,6,'GALLETAS SALVADO HOGARENAS TRIPACK'),(1842,8,107,31,'GALLETAS SALVADO S/SAL 3 EN 1 GRANIX'),(1843,1,39,13,'GALLETAS SALVADO S/SAL GRANIX'),(1844,2,40,44,'GALLETAS SALVADO SIN SAL FERRARIS TRIPACK'),(1845,1,87,38,'GALLETAS SANDWICH GRANIX'),(1846,3,30,10,'GALLETAS SANDWICH GRANIX'),(1847,4,82,8,'GALLETAS SEMOLADAS GRANIX'),(1848,2,32,17,'GALLETAS SER CRAKERS'),(1849,2,33,1,'GALLETAS SER CRAKERS SALVADO'),(1850,5,81,10,'GALLETAS SER CRAKERS TRIPACK'),(1851,6,47,2,'GALLETAS SER DULCES VAINILLA'),(1852,2,21,35,'GALLETAS SERRANAS SANDWICH'),(1853,2,56,9,'GALLETAS SERRANAS SANDWICH TRIPACK'),(1854,6,16,11,'GALLETAS SERRANITAS'),(1855,1,43,0,'GALLETAS SERRANITAS TRIPACK'),(1856,2,34,3,'GALLETAS SESAMO GRANIX'),(1857,2,38,19,'GALLETAS SESAMO SIN SAL GRANIX'),(1858,3,32,29,'GALLETAS SIN SAL GRANIX'),(1859,1,74,32,'GALLETAS SIN SAL LIGHT GRANIX'),(1860,5,40,36,'GALLETAS SIN SAL MALTEADA FERRARIS'),(1861,2,27,5,'GALLETAS SONRISAS BAGLEY'),(1862,3,36,1,'GALLETAS SONRISAS YOGUR'),(1863,3,24,33,'GALLETAS SURTIDAS FERRARIS'),(1864,3,27,1,'GALLETAS SURTIDAS GLACEADAS NOGALITAS'),(1865,5,85,12,'GALLETAS SURTIDAS VARIEDAD TERRABUSI'),(1866,5,24,10,'GALLETAS SURTIDAS VARIEDAD TERRABUSI'),(1867,1,54,26,'GALLETAS SURTIDAS VARIEDAD TERRABUSI CHOCOLATE'),(1868,5,53,15,'GALLETAS SURTIDAS VARIEDAD TERRABUSI DORADA'),(1869,5,52,10,'GALLETAS SURTIDAS VARIEDAD TERRABUSI ORIGINAL'),(1870,6,63,25,'GALLETAS SURTIDO BAGLEY'),(1871,6,58,27,'GALLETAS SURTIDO DIVERSION'),(1872,7,23,9,'GALLETAS SURTIDO FAUNA MAURI'),(1873,8,54,6,'GALLETAS SURTIDO FAUNA MAURI'),(1874,2,53,42,'GALLETAS SURTIDO GRANIX'),(1875,5,38,29,'GALLETAS TENTACIONES MOUSSE CHOCOLATE'),(1876,6,38,7,'GALLETAS TENTACIONES MOUSSE FRUTILLA'),(1877,3,34,24,'GALLETAS TORTITAS BLACK'),(1878,2,34,38,'GALLETAS TORTITAS CHOCOLATE'),(1879,1,25,24,'GALLETAS TRAVIATA'),(1880,4,59,23,'GALLETAS TRAVIATA TRIPACK'),(1881,4,91,42,'GALLETAS TRAVIATA X 5'),(1882,5,31,34,'GALLETAS TRIANGULITOS HOJALDRE DULCE PERSSIOTTO'),(1883,4,31,9,'GALLETAS TRIANGULITOS HOJALDRE SALADO PERSSIOTTO'),(1884,1,31,45,'GALLETAS VAINILLAS MAURI'),(1885,7,63,35,'GALLETAS VAINILLAS MAURI'),(1886,6,15,30,'GALLETAS VAINILLAS MAURI'),(1887,6,74,27,'GALLETAS VAINILLAS VALENTE'),(1888,2,25,25,'GALLETAS VAINILLAS VALENTE'),(1889,3,12,29,'GALLETAS VAINILLAS VALENTE'),(1890,6,42,1,'GALLETAS VAINITAS'),(1891,2,64,22,'GALLETAS VAINITAS'),(1892,2,25,13,'GALLETAS VARITAS HOJALDRE DULCE PERSSIOTTO'),(1893,3,31,6,'GALLETAS VARITAS HOJALDRE SALADAS PERSSIOTTO'),(1894,3,30,22,'GALLETAS VOCACION'),(1895,3,26,34,'GALLETAS ZARA'),(1896,6,49,34,'GALLETITAS DE ARROZ DELUXE BANADAS C CHOCOLATE BLA'),(1897,5,49,8,'GALLETITAS DE ARROZ DELUXE BANADAS NEGRO'),(1898,7,53,31,'GALLETITAS DE ARROZ DELUXE BANADAS YOGUR FRUTILLA'),(1899,3,31,16,'GALLETITAS TORTITAS DE HOJALDRE SALADAS PERSSIOTTO'),(1900,1,112,23,'GANCIA'),(1901,5,153,1,'GANCIA'),(1902,2,165,46,'GANCIA SPRITZ'),(1903,8,40,42,'GARBANZO PRODEMAN'),(1904,2,61,0,'GARBANZO SECO EGRAN'),(1905,6,49,29,'GARBANZOS LA CAMPAGNOLA'),(1906,1,22,5,'GARBANZOS LA NONNA'),(1907,2,24,11,'GARBANZOS LATA INALPA'),(1908,4,20,5,'GARBANZOS LAYA'),(1909,6,23,5,'GARRAPINADA DE MANI ARCOR'),(1910,5,13,5,'GARRAPINADA DE MANI KING'),(1911,7,44,12,'GARRAPINADAS DE ALMENDRAS LHERITIER'),(1912,7,17,17,'GARRAPINADAS DE MANI LHERITIER'),(1913,2,39,14,'GASEOSA DOBLE COLA'),(1914,2,60,32,'GASEOSA DOBLE COLA'),(1915,1,71,32,'GASEOSA GUARANA ANTARCTICA'),(1916,5,49,50,'GASEOSA GUARANA ANTARTICA'),(1917,5,49,4,'GASEOSA GUARANA ANTARTICA ZERO'),(1918,6,37,10,'GASEOSA SALDAN LIMONADA ZERO'),(1919,7,37,4,'GASEOSA SALDAN NARANJA ZERO'),(1920,2,37,0,'GASEOSA SALDAN POMELO ZERO'),(1921,4,37,22,'GATORADE COOL BLUE'),(1922,7,46,37,'GATORADE COOL BLUE'),(1923,6,57,33,'GATORADE COOL BLUE'),(1924,6,57,8,'GATORADE FRUTAS TROPICALES'),(1925,5,46,32,'GATORADE FRUTAS TROPICALES'),(1926,5,37,47,'GATORADE FRUTAS TROPICALES'),(1927,8,37,2,'GATORADE LIMA LIMON'),(1928,1,46,50,'GATORADE MANZANA'),(1929,2,40,19,'GATORADE MANZANA'),(1930,8,57,4,'GATORADE MANZANA'),(1931,3,35,8,'GATORADE NARANJA'),(1932,2,47,46,'GATORADE NARANJA'),(1933,6,40,32,'GATORADE POMELO'),(1934,7,40,23,'GATORADE POMELO ZERO'),(1935,8,37,47,'GATORADE UVA'),(1936,2,77,41,'GEL FIJADOR LORD CHESELINE'),(1937,3,84,45,'GEL LIMPIA INODOROS HARPIC BLANCO Y BRILLANTE'),(1938,4,55,24,'GEL LIMPIA INODOROS HARPIC REMOVEDOR DE SARRO'),(1939,1,30,31,'GELATINA BC ANANA'),(1940,3,29,13,'GELATINA BC CEREZA'),(1941,4,29,50,'GELATINA BC DURAZNO'),(1942,3,29,28,'GELATINA BC FRUTILLA'),(1943,7,31,21,'GELATINA BC MANGO-MARACUYA'),(1944,6,23,9,'GELATINA GODET CEREZA'),(1945,1,24,12,'GELATINA GODET DURAZNO'),(1946,4,23,4,'GELATINA GODET FRAMBRUESA'),(1947,1,23,46,'GELATINA GODET FRUTILLA'),(1948,6,23,48,'GELATINA GODET NARANJA'),(1949,8,27,47,'GELATINA ROYAL CEREZA'),(1950,6,29,2,'GELATINA ROYAL DURAZNO'),(1951,2,29,3,'GELATINA ROYAL FRAMBUESA'),(1952,6,29,26,'GELATINA ROYAL FRUTILLA'),(1953,2,34,19,'GELATINA ROYAL LIGHT ANANA'),(1954,3,34,11,'GELATINA ROYAL LIGHT CEREZA'),(1955,3,34,5,'GELATINA ROYAL LIGHT DURAZNO'),(1956,3,34,45,'GELATINA ROYAL LIGHT FRUTILLA'),(1957,8,34,6,'GELATINA ROYAL LIGHT FRUTOS ROJOS'),(1958,2,34,7,'GELATINA ROYAL LIGHT NARANJA'),(1959,8,27,4,'GELATINA ROYAL NARANJA'),(1960,7,27,37,'GELATINA ROYAL SIN SABOR'),(1961,1,27,46,'GELATINA SHIMY SANCOR DE FRUTILLA'),(1962,1,27,43,'GELATINA SHIMY SANCOR DE MANZANA'),(1963,8,38,16,'GELATINA SIN SABOR VELEZ'),(1964,4,599,40,'GELATINA SIN SABOR VELEZ'),(1965,5,29,40,'GELATINA VELEZ ANANA'),(1966,7,167,15,'GELATINA VELEZ ANANA'),(1967,6,167,25,'GELATINA VELEZ CEREZA'),(1968,4,29,8,'GELATINA VELEZ CEREZA'),(1969,4,29,11,'GELATINA VELEZ FRUTILLA'),(1970,7,167,31,'GELATINA VELEZ FRUTILLA'),(1971,1,29,5,'GELATINA VELEZ MANZANA VERDE'),(1972,2,167,32,'GELATINA VELEZ NARANJA'),(1973,5,29,19,'GELATINA VELEZ NARANJA'),(1974,6,29,21,'GELATINA VELEZ UVA'),(1975,5,132,36,'GIACOMO CAPELETTINI CARNE'),(1976,5,132,45,'GIACOMO CAPELETTINI QUESO Y JAMON FORT.VIT A,B,D,E'),(1977,7,132,48,'GIACOMO CAPELETTINI TRIDICI FORT. VIT. A,B.D,E'),(1978,4,132,36,'GIACOMO CAPELETTINI VERDURA FORT. VIT.A,B,D,E,ZINC'),(1979,1,132,12,'GIACOMO RAVIOLINI CALABAZA Y POLLO'),(1980,4,132,6,'GIACOMO RAVIOLINI CUATRO QUESOS'),(1981,6,926,17,'GIN BEEFEATER'),(1982,2,80,30,'GIN BOLS FOR EXPORT'),(1983,8,949,20,'GIN BOMBAY SAPPIRE'),(1984,1,217,29,'GIN BURNETTS'),(1985,7,132,45,'GIN DREAMER'),(1986,8,95,38,'GIN PETERS'),(1987,2,26,44,'GIN PETERS PETACA'),(1988,7,83,49,'GINEBRA LLAVE'),(1989,8,139,7,'GINEBRA LLAVE'),(1990,1,50,50,'GINEBRA LLAVE PETACA'),(1991,8,102,34,'GLADE AUTO SPORT FULL NEUTRALIZADOR'),(1992,7,57,25,'GLADE CANASTA PARA INODORO FULL LAVANDA'),(1993,1,20,48,'GLADE CANASTA PARA INODORO REPUESTO BRISA DE MAR'),(1994,6,93,33,'GLADE SENSATIONS FULL FLORAL PERFECTION'),(1995,3,93,20,'GLADE SENSATIONS FULL HARMONY'),(1996,5,52,41,'GLADE TOQUE FULL COCINA CITRICA'),(1997,5,47,8,'GLADE TOQUE FULL LIMON REFRESCANTE'),(1998,2,47,16,'GLADE TOQUE FULL MANANA DE CAMPO'),(1999,6,55,10,'GLADE TOQUE REPUESTO CAMPOS DE LAVANDA'),(2000,3,53,34,'GLADE TOQUE REPUESTO LIMON'),(2001,3,55,21,'GLADE TOQUE REPUESTO MANANA DE CAMPO'),(2002,2,96,50,'GLOBOS  SURTIDOS GLOBOLANDIA'),(2003,2,15,7,'GOMITAS ACIDAS BILLIKEN'),(2004,8,180,33,'GOMITAS BILLIKEN FRUTALES'),(2005,3,14,21,'GOMITAS FRUTALES BILLIKEN'),(2006,3,17,43,'GOMITAS MOGUL BANANITAS MI VILLANO FAVORITO'),(2007,2,16,20,'GOMITAS MOGUL CEREBRITOS'),(2008,5,13,0,'GOMITAS MOGUL COLMILLOS'),(2009,2,321,39,'GOMITAS MOGUL CONITOS'),(2010,8,15,28,'GOMITAS MOGUL DINOS'),(2011,4,14,8,'GOMITAS MOGUL EXTREME'),(2012,7,18,6,'GOMITAS MOGUL EXTREME SANDIA'),(2013,7,13,24,'GOMITAS MOGUL PIRATAS'),(2014,1,16,39,'GOMITAS MOGUL ROLLO'),(2015,6,17,17,'GOMITAS MOGUL VIBORITAS'),(2016,4,15,4,'GOMITAS OSO YUMMY'),(2017,8,43,19,'GOMITAS PARA EL PELO MAS'),(2018,3,16,0,'GOMITAS UNICORNIOS ARCOR'),(2019,5,117,38,'GRANADINA TIP TOP'),(2020,1,151,6,'GRANOLA CROCANTE GRANIX'),(2021,6,31,43,'GRANOLA CROCCANTO'),(2022,2,231,1,'GRANOLA SUELTO'),(2023,1,213,32,'GRAPPA VALLEVIEJO'),(2024,7,26,13,'GRASA BOVINA LA CORDOBESA'),(2025,8,52,5,'GRASA BOVINA NEC PLUS'),(2026,1,56,12,'GRASA BOVINA PALADINI'),(2027,4,41,17,'GRASA FATY'),(2028,1,87,32,'GRASA FATY'),(2029,8,30,10,'GRASA FRIAR'),(2030,2,58,5,'GRASA FRIAR'),(2031,1,35,22,'GRASA PAISANITA BOVINA'),(2032,3,75,8,'GRASA PAISANITA BOVINA'),(2033,1,35,22,'GRISINES CLASICOS VENEZIANA'),(2034,4,27,43,'GRISINES FIRENZE SALVADO'),(2035,1,69,11,'GRISINES MULTICEREAL CORMILLOT VENEZIANA'),(2036,7,300,7,'GRISINES PANIER INDIVIDUAL'),(2037,2,21,28,'GRISINES TRISALVADO CORMILLOT VENEZIANA'),(2038,4,32,47,'GRISSINES FIRENZE FINOS'),(2039,4,78,2,'GUANTES BROOMY TAMANOS VARIOS'),(2040,7,32,27,'GUANTES MOTEADOS EN PVC BROOMY'),(2041,5,33,19,'H2OH CITRUS'),(2042,8,41,6,'H2OH CITRUS'),(2043,3,41,13,'H2OH LIMA LIMON'),(2044,4,41,38,'H2OH LIMONETO'),(2045,1,25,21,'H2OH LIMONETO'),(2046,8,34,33,'H2OH LIMONETO RETORNABLE'),(2047,2,24,31,'H2OH NARANCHELO'),(2048,5,41,25,'H2OH NARANCHELO'),(2049,4,71,23,'H2OH! CITRUS'),(2050,7,71,45,'H2OH! LIMA LIMON'),(2051,6,71,17,'H2OH! LIMONETO'),(2052,5,41,49,'H2OH! MARACUYADA'),(2053,6,71,4,'H2OH! NARANCHELO'),(2054,4,40,50,'HABANITOS TERRABUSI'),(2055,4,88,45,'HABANITOS TERRABUSI'),(2056,5,28,9,'HAMBURGUESAS BARFY X 2'),(2057,5,26,21,'HAMBURGUESAS BARFY X 2 COMERCIAL'),(2058,7,46,13,'HAMBURGUESAS BRAVA X2 UNID'),(2059,6,25,19,'HAMBURGUESAS FINITAS FRIAR'),(2060,6,27,17,'HAMBURGUESAS MAS GRANDES FRIAR'),(2061,1,140,24,'HAMBURGUESAS PATY CLASICA X 4'),(2062,7,60,14,'HAMBURGUESAS PATY COMERCIAL X 2'),(2063,5,80,4,'HAMBURGUESAS PATY EXPRESS X 4'),(2064,3,43,50,'HAMBURGUESAS PATY FINITAS X 2'),(2065,5,80,46,'HAMBURGUESAS PATY LIGHT X 2'),(2066,5,160,23,'HAMBURGUESAS PATY LIGHT X 4'),(2067,3,95,14,'HAMBURGUESAS PATY SUPER X 2'),(2068,5,46,42,'HAMBURGUESAS SUPER BARFY X 2'),(2069,8,30,33,'HAMBURGUESAS SWIFT X 2'),(2070,1,99,42,'HAMBURGUESAS SWIFT X 4'),(2071,3,36,5,'HARINA CANUELAS 000'),(2072,5,28,7,'HARINA FLORENCIA 000'),(2073,1,126,3,'HARINA FLORENCIA 000'),(2074,1,172,44,'HARINA FLORENCIA 0000'),(2075,2,32,17,'HARINA FLORENCIA 0000'),(2076,2,34,30,'HARINA FLORENCIA LEUDANTE'),(2077,3,38,9,'HARINA GRACIELA REAL 000'),(2078,2,37,6,'HARINA GRACIELA REAL 0000'),(2079,7,41,36,'HARINA LEUDANTE CORONA DE TRIGO'),(2080,6,53,10,'HARINA PUREZA ESPECIAL PIZZAS'),(2081,7,32,7,'HELADITOS MIL COLORES'),(2082,7,209,7,'HIGOS EN ALMIBAR CUESTA DEL PORTEZUELO'),(2083,4,490,23,'HIGOS EN ALMIBAR CUESTA DEL PORTEZUELO'),(2084,8,111,36,'HIGOS EN ALMIBAR CUESTA DEL PORTEZUELO'),(2085,4,278,44,'HIGOS EN ALMIBAR LE CHARBONNIER'),(2086,2,520,0,'HIGOS EN ALMIBAR RAULITO'),(2087,6,42,30,'HISOPOS DONCELLA'),(2088,8,222,9,'HOJAS DE PARRA MERIDIANO'),(2089,4,241,13,'HUEVITOS AGUILA VASO'),(2090,1,511,11,'HUEVITOS ARCOR TORTUGUITA BLANCO'),(2091,2,447,23,'HUEVITOS BON O BON'),(2092,5,9,21,'HUEVITOS BON O BON'),(2093,2,172,17,'HUEVITOS BON O BON POTE'),(2094,6,232,40,'HUEVITOS DE CHOCOLATE AGUILA MOUSSE 8 GRS'),(2095,3,232,18,'HUEVITOS DE CHOCOLATE BON O BON'),(2096,5,232,27,'HUEVITOS DE CHOCOLATE TOFI'),(2097,5,306,1,'HUEVO DE CHOCOLATE AGUILA CACAO 50%'),(2098,8,172,38,'HUEVO DE CHOCOLATE ARCOR ROCKLETS'),(2099,5,46,7,'HUEVO DE CHOCOLATE BON O BON BLANCO Y NEGRO'),(2100,4,168,0,'HUEVO DE CHOCOLATE BON O BON LECHE'),(2101,7,46,14,'HUEVO DE CHOCOLATE COFLER BLOCK'),(2102,3,127,10,'HUEVO DE CHOCOLATE COFLER BLOCK'),(2103,3,306,29,'HUEVO DE CHOCOLATE TOFI'),(2104,6,27,12,'HUEVOS COLOR X 6'),(2105,7,50,23,'HUEVOS KINDER SORPRESA'),(2106,1,50,48,'HUEVOS KINDER SORPRESA'),(2107,8,33,36,'HULA-HULA TUBOS PAPA SALADIX'),(2108,5,82,8,'INSECTICIDA FUYI MMM'),(2109,4,66,26,'INSECTICIDA HORMIGUICIDA ALLEMANDI DUAL F'),(2110,1,97,0,'INSECTICIDA OFF AEROSOL'),(2111,5,192,29,'INSECTICIDA OFF AEROSOL EXTRA DURACION'),(2112,8,48,19,'INSECTICIDA OFF CREMA'),(2113,8,190,10,'INSECTICIDA OFF SPRAY FAMILY'),(2114,7,41,36,'INSECTICIDA ORLEP'),(2115,7,105,16,'INSECTICIDA RAID CASA Y JARDIN'),(2116,8,118,8,'INSECTICIDA RAID EN POLVO'),(2117,8,99,18,'INSECTICIDA RAID MATA POLILLAS Y LARVAS'),(2118,3,117,34,'INSECTICIDA RAID MAX SIN OLOR CUCARACHAS Y ARANAS'),(2119,5,93,50,'INSECTICIDA RAID MMM 5 EN 1 AZUL'),(2120,4,120,2,'INSECTICIDA RAID MMM SIN OLOR 5 EN 1'),(2121,5,135,19,'INSECTICIDA RAID MMM Y ZANCUDOS DOBLE ACCION'),(2122,4,84,41,'INSECTICIDA SELTON CASA Y JARDIN'),(2123,3,59,20,'INSECTICIDA SELTON CUCARACHAS NEGRO'),(2124,1,67,1,'INSECTICIDA SELTON MATA MOSCAS Y MOSQUITOS'),(2125,6,71,1,'INSECTISIDA SELTON MOSCAS Y MOSQUITOS AZUL'),(2126,4,62,19,'JABON DE TOCADOR CAMPOS VERDES PAUSA EN EL CAMPO'),(2127,4,57,8,'JABON DE TOCADOR CAMPOS VERDES SILENCIO ZEN'),(2128,8,12,44,'JABON DE TOCADOR CREMOSO KENIA CON GLICERINA'),(2129,6,55,2,'JABON DE TOCADOR DOVE'),(2130,2,45,16,'JABON DE TOCADOR DOVE GO FRESH'),(2131,4,55,29,'JABON DE TOCADOR DOVE VAINILLA'),(2132,7,18,48,'JABON DE TOCADOR DUC AVENA/ARROZ'),(2133,7,17,10,'JABON DE TOCADOR DUC CITRUS'),(2134,3,17,21,'JABON DE TOCADOR DUC HIDRATIVE'),(2135,6,18,31,'JABON DE TOCADOR DUC OLIVA'),(2136,5,41,0,'JABON DE TOCADOR DUC PROTEINAS DE LECHE'),(2137,3,63,29,'JABON DE TOCADOR DUC TE VERDE Y MIEL'),(2138,7,68,5,'JABON DE TOCADOR DUC TE VERDE Y MIEL'),(2139,3,19,20,'JABON DE TOCADOR DUC TE VERDE Y MIEL'),(2140,7,25,25,'JABON DE TOCADOR ESPADOL ORIGINAL'),(2141,8,26,40,'JABON DE TOCADOR JOHNSONS BABY DULCES SUENOS'),(2142,3,24,32,'JABON DE TOCADOR JOHNSONS BABY GLICERINADO'),(2143,7,33,44,'JABON DE TOCADOR KENIA COLOR MIX X 3'),(2144,7,12,20,'JABON DE TOCADOR KENIA CON GLICERINA'),(2145,3,23,4,'JABON DE TOCADOR KENIA CON GLICERINA AMARILLO'),(2146,4,36,25,'JABON DE TOCADOR KENIA CREMOSO CON GLICERINA'),(2147,8,37,13,'JABON DE TOCADOR KENIA PURO ROSA X 3'),(2148,1,67,9,'JABON DE TOCADOR KENIA X 4 COLOR MIX'),(2149,1,38,36,'JABON DE TOCADOR LIMOL BOUQUET DE FLORES'),(2150,4,38,42,'JABON DE TOCADOR LIMOL VITALIDAD CITRICA'),(2151,7,29,30,'JABON DE TOCADOR LUX BRISA FLORAL'),(2152,3,27,43,'JABON DE TOCADOR LUX FRESCURA IRRESISTIBLE'),(2153,7,29,37,'JABON DE TOCADOR LUX MAGICAL SPELL'),(2154,3,85,26,'JABON DE TOCADOR LUX MAGICAL SPELL'),(2155,6,29,49,'JABON DE TOCADOR LUX SUAVIDAD DE PETALOS'),(2156,4,29,25,'JABON DE TOCADOR LUX TOQUE DE VAINILLA'),(2157,4,86,21,'JABON DE TOCADOR LUX X 3 BRISA FLORAL'),(2158,5,86,8,'JABON DE TOCADOR LUX X 3 SUAVIDAD DE PETALOS'),(2159,6,60,26,'JABON DE TOCADOR NIVEA CREMOSO'),(2160,7,20,46,'JABON DE TOCADOR PALMOLIVE SENSACION HUMECTANTE'),(2161,2,20,9,'JABON DE TOCADOR PLUSBELLE  FRESCURA INTENSA'),(2162,1,25,9,'JABON DE TOCADOR PLUSBELLE BELLEZA RADIANTE'),(2163,7,16,25,'JABON DE TOCADOR PLUSBELLE CREMOSO LECHE Y JALEA R'),(2164,8,25,4,'JABON DE TOCADOR PLUSBELLE ENERGIZANTE MANGO Y EXT'),(2165,3,56,27,'JABON DE TOCADOR REXONA BAMBOO FRESH'),(2166,7,28,37,'JABON DE TOCADOR REXONA BAMBOO FRESH'),(2167,1,48,22,'JABON DE TOCADOR REXONA COTTON FRESH'),(2168,6,23,30,'JABON DE TOCADOR REXONA COTTON FRESH'),(2169,1,28,50,'JABON DE TOCADOR REXONA COTTON FRESH'),(2170,4,48,42,'JABON DE TOCADOR REXONA MEN ACTIVE'),(2171,4,28,27,'JABON DE TOCADOR REXONA MEN ACTIVE'),(2172,6,27,39,'JABON DE TOCADOR REXONA ORCHID FRESH'),(2173,2,56,44,'JABON DE TOCADOR REXONA ORCHID FRESH'),(2174,6,27,11,'JABON DE TOCADOR REXONA SENSIBLE FRESH'),(2175,7,29,14,'JABON DE TOCADOR REXONA SENSIBLE FRESH'),(2176,2,21,42,'JABON DE TOCADOR SUAVE AVENA Y ACEITE DE ALGODON'),(2177,6,47,7,'JABON DE TOCADOR SUAVE AVENA Y ACEITE DE ALGODON'),(2178,3,21,49,'JABON DE TOCADOR SUAVE LECHE CON PETALOS DE ROSAS'),(2179,6,47,44,'JABON DE TOCADOR SUAVE LECHE CON PETALOS DE ROSAS'),(2180,8,21,19,'JABON DE TOCADOR SUAVE TE VERDE Y ALOE VERA'),(2181,3,47,13,'JABON DE TOCADOR SUAVE X 3 TE VERDE ALOE VERA'),(2182,3,17,4,'JABON DUC ARMONIC SANDALO Y CASIS'),(2183,3,17,35,'JABON DUV RELAX YLANG Y AMBAR'),(2184,8,18,49,'JABON EN PAN GIGANTE C/BLANQUEDOR OPTICO'),(2185,3,14,9,'JABON EN PAN GIGANTE CON GLICERINA'),(2186,6,18,4,'JABON EN PAN GIGANTE CON GLICERINA'),(2187,6,12,41,'JABON EN PAN GRAN FEDERAL ROPA DELICADA ROSA'),(2188,1,12,43,'JABON EN PAN GRAN FEDERAL TRADICIONAL AZUL'),(2189,1,27,9,'JABON EN PAN SEISEME'),(2190,1,17,0,'JABON EN PAN ZORRO CON SUAVIZANTE SUAVE'),(2191,1,19,46,'JABON EN POLVO  ZORRO LAVADO A MANO FLORAL'),(2192,3,289,18,'JABON EN POLVO ALA  MATIC ANTIBACTERIAL'),(2193,7,46,34,'JABON EN POLVO ALA LAVADO A MANO CLASICO'),(2194,4,77,0,'JABON EN POLVO ALA LAVADO A MANO CLASICO'),(2195,5,46,29,'JABON EN POLVO ALA LAVADO A MANO VIVERE'),(2196,8,142,2,'JABON EN POLVO ALA MATIC'),(2197,3,46,2,'JABON EN POLVO ALA MATIC'),(2198,7,289,20,'JABON EN POLVO ALA MATIC  MULTIACCION PODER ACELER'),(2199,5,77,46,'JABON EN POLVO ALA MATIC CLASICO'),(2200,7,238,50,'JABON EN POLVO ALA MATIC CLASICO CON VIVERE'),(2201,2,33,36,'JABON EN POLVO ALA MATIC PROGRESS 1 SOLO PASO'),(2202,8,49,28,'JABON EN POLVO ALA MATIC SOL'),(2203,1,45,29,'JABON EN POLVO ALA MATIC SOL'),(2204,8,264,30,'JABON EN POLVO ALA MATIC SOL C/VIVERRE'),(2205,7,48,15,'JABON EN POLVO ALA MATIC VIVERE'),(2206,3,30,37,'JABON EN POLVO ALA MATIC VIVERE'),(2207,4,61,29,'JABON EN POLVO ALA PROGRESS 1 SOLO PASO'),(2208,2,54,41,'JABON EN POLVO DRIVE ANTIBACTERIAL MATIC'),(2209,6,233,36,'JABON EN POLVO DRIVE ANTIBACTERIAL MATIC'),(2210,6,51,45,'JABON EN POLVO DRIVE LAVADO A MANO HORTENSIAS'),(2211,1,29,17,'JABON EN POLVO DRIVE LAVADO A MANO HORTENSIAS'),(2212,2,29,14,'JABON EN POLVO DRIVE LAVADO A MANO JAZMINES'),(2213,8,29,17,'JABON EN POLVO DRIVE LAVADO A MANO ROSAS Y LILAS'),(2214,5,93,44,'JABON EN POLVO DRIVE LAVADO A MANO ROSAS Y LILAS'),(2215,2,44,32,'JABON EN POLVO DRIVE LAVADO A MANO ROSAS Y LILAS'),(2216,8,42,32,'JABON EN POLVO DRIVE MATIC FRAGANCIAS MAGICAS'),(2217,8,231,7,'JABON EN POLVO DRIVE MATIC FRAGANCIAS MAGICAS'),(2218,7,34,18,'JABON EN POLVO DRIVE MATIC HORTENSIAS Y FL.BLANCAS'),(2219,3,29,24,'JABON EN POLVO DRIVE MATIC HORTENSIAS Y FL.BLANCAS'),(2220,6,118,33,'JABON EN POLVO DRIVE MATIC JAZMINES'),(2221,7,209,22,'JABON EN POLVO DRIVE MATIC ROSAS Y LILAS'),(2222,4,29,8,'JABON EN POLVO DRIVE MATIC ROSAS Y LILAS'),(2223,8,44,15,'JABON EN POLVO DRIVE ROSAS Y LILAS MATIC'),(2224,6,45,7,'JABON EN POLVO GRANBY LAVADO A MANO'),(2225,1,45,40,'JABON EN POLVO GRANBY MATIC'),(2226,3,369,7,'JABON EN POLVO SKIP'),(2227,4,72,13,'JABON EN POLVO SKIP'),(2228,3,153,30,'JABON EN POLVO SKIP'),(2229,2,108,46,'JABON EN POLVO SKIP'),(2230,6,184,45,'JABON EN POLVO SKIP BLACK'),(2231,1,184,31,'JABON EN POLVO SKIP WHITE'),(2232,1,42,42,'JABON EN POLVO ZORRO  LAVADO A MANO C/SUAVIZANTE'),(2233,3,244,8,'JABON EN POLVO ZORRO CLASICO LAVADO A MANO'),(2234,1,149,42,'JABON EN POLVO ZORRO FLORAL'),(2235,2,32,49,'JABON EN POLVO ZORRO LAVADO A MANO CLASICO'),(2236,4,32,5,'JABON EN POLVO ZORRO LAVADO A MANO PLUS BLUE POWER'),(2237,2,209,45,'JABON EN POLVO ZORRO MATIC'),(2238,8,62,44,'JABON EN POLVO ZORRO MATIC'),(2239,7,19,50,'JABON EN POLVO ZORRO MATIC'),(2240,7,106,46,'JABON LIQUIDO ACE'),(2241,3,335,12,'JABON LIQUIDO ACE DP'),(2242,2,170,43,'JABON LIQUIDO ALA MATIC DP'),(2243,8,341,42,'JABON LIQUIDO ALA MATIC MULTIACCION DP'),(2244,3,88,26,'JABON LIQUIDO ALA MATIC MULTIACCION LIQUIDO DP'),(2245,8,131,27,'JABON LIQUIDO ARIEL  BOTELLA'),(2246,6,106,45,'JABON LIQUIDO ARIEL AGUA FRIA BOTELLA'),(2247,1,356,50,'JABON LIQUIDO ARIEL AGUA FRIA DOY PACK'),(2248,7,80,10,'JABON LIQUIDO ARIEL C/SUAVIZANTE BOTELLA'),(2249,7,160,41,'JABON LIQUIDO ARIEL DOY PACK'),(2250,6,84,47,'JABON LIQUIDO BOTELLA SKIP'),(2251,8,298,39,'JABON LIQUIDO BOTELLA SKIP'),(2252,3,75,41,'JABON LIQUIDO DE TOCADOR PORTA PROTECCION EXTRA'),(2253,5,75,42,'JABON LIQUIDO DE TOCADOR PORTA SUAVIDAD EXTRA'),(2254,7,158,42,'JABON LIQUIDO DOY PACK SKIP'),(2255,5,460,30,'JABON LIQUIDO DOY PACK SKIP'),(2256,2,115,4,'JABON LIQUIDO DOY PACK SKIP'),(2257,3,31,16,'JABON LIQUIDO MAVAX'),(2258,5,66,27,'JABON LIQUIDO ROSAS Y LILAS DRIVE MATIC DP'),(2259,7,21,34,'JABON LIQUIDO WOOLITE SEDA Y LANA DP'),(2260,2,66,47,'JABON LIQUIDO ZORRO 3D BOTELLA'),(2261,8,55,44,'JABON LIQUIDO ZORRO 3D DP'),(2262,4,39,3,'JABON LIQUIDO ZORRO ROPA COLOR DP'),(2263,1,2189,39,'JAMON COCIDO BOCATTI'),(2264,8,443,38,'JAMON COCIDO BOCATTI'),(2265,3,388,47,'JAMON COCIDO BOCATTI'),(2266,1,276,50,'JAMON COCIDO CAMPO AUSTRAL'),(2267,5,352,18,'JAMON COCIDO CAMPO AUSTRAL'),(2268,4,155,26,'JAMON COCIDO CERDOS Y CIA'),(2269,4,152,46,'JAMON COCIDO EL COLONIAL'),(2270,8,190,27,'JAMON COCIDO EL COLONIAL'),(2271,6,218,43,'JAMON COCIDO FETEADO CERDOS Y CIA'),(2272,5,138,33,'JAMON COCIDO LA TIROLESA'),(2273,6,109,20,'JAMON COCIDO LA TIROLESA'),(2274,7,233,48,'JAMON COCIDO PALADINI'),(2275,6,274,36,'JAMON COCIDO PALADINI'),(2276,2,206,44,'JAMON COCIDO SADIA'),(2277,2,290,22,'JAMON COCIDO SADIA'),(2278,7,479,27,'JAMON CRUDO DOINA'),(2279,6,390,41,'JAMON CRUDO DOINA'),(2280,1,229,23,'JAMON CRUDO DON JUAN'),(2281,7,290,48,'JAMON CRUDO DON JUAN'),(2282,5,403,26,'JAMON CRUDO EN FETAS CERDO Y CIA'),(2283,8,591,18,'JAMON CRUDO SOL DEL PILAR'),(2284,4,578,2,'JAMON CRUDO SOL DEL PILAR'),(2285,2,47,18,'JARDINERA ARCOR'),(2286,7,41,14,'JARDINERA CON CHOCLO ARCOR'),(2287,8,62,39,'JARDINERA CON CHOCLO LA CAMPAGNOLA'),(2288,4,60,29,'JARDINERA EGRAN'),(2289,5,270,11,'JARDINERA INALPA'),(2290,1,81,44,'JARDINERA INALPA'),(2291,4,29,41,'JARDINERA INALPA HORTALIZAS'),(2292,3,41,36,'JARDINERA LA CAMPAGNOLA'),(2293,3,135,37,'JARRA DE VIDRIO ACAPULCO RIGOLLEAU'),(2294,1,117,27,'JARRA PLATINO HELADO C/T RIGOLLEAU'),(2295,6,58,20,'JARRO DE VIDRIO CHOPP RIGOLLEAU'),(2296,1,26,9,'JARRO LISO ONA VIDRIO FLINT'),(2297,1,25,25,'JARRO MUG APILABLE VIDRIO FLINT'),(2298,4,16,50,'JUGO BAGGIO FRESH LIVINO DURAZNO'),(2299,4,10,32,'JUGO BAGGIO PRONTO MANZANA'),(2300,7,62,32,'JUGO BIDON FRUTAFIEL GRANADINA'),(2301,4,72,9,'JUGO BIDON FRUTAFIEL NARANJA'),(2302,5,389,17,'JUGO CITRIC BIDON DE NARANJA C/PULPA'),(2303,7,141,29,'JUGO CITRIC DE NARANJA C/ PULPA'),(2304,5,55,37,'JUGO CITRIC DE NARANJA C/ PULPA'),(2305,6,189,11,'JUGO CITRIC DE NARANJA C/ PULPA'),(2306,5,103,23,'JUGO CITRIC DE NARANJA C/PULPA'),(2307,1,67,31,'JUGO CITRIC DE NARANJA CON PULPA'),(2308,7,42,15,'JUGO CITRIC DE NARANJA SIN PULPA'),(2309,2,52,1,'JUGO CITRIC DE NARANJA+FRUTILLA FRUTOS DE ESTACION'),(2310,3,96,33,'JUGO CITRIC DE POMELO C/PULPA'),(2311,5,50,18,'JUGO CITRIC DE POMELO C/PULPA'),(2312,6,162,16,'JUGO CITRIC DE POMELO C/PULPA'),(2313,8,59,0,'JUGO CITRIC LIMONADA C/PULPA'),(2314,8,45,37,'JUGO CITRIC LIMONADA CON MENTA'),(2315,5,73,8,'JUGO CITRIC LIMONADA CON MENTA VIDRIO'),(2316,2,69,44,'JUGO CITRIC MANZANA'),(2317,4,72,7,'JUGO CITRIC NARANJA + DURAZNO FRUTOS DE ESTACION'),(2318,6,76,4,'JUGO CITRIC NARANJA + MANGO FRUTOS DE ESTACION'),(2319,7,52,44,'JUGO CITRIC NARANJA+DURAZNO FRUTOS DE ESTACION'),(2320,4,76,16,'JUGO CITRIC NARANJA+FRUTILLA FRUTOS DE ESTACION'),(2321,8,45,22,'JUGO CITRIC NARANJA+MANGO FRUTOS DE ESTACION'),(2322,7,45,29,'JUGO CITRIC POMELADA CON MENTA JENGIBRE'),(2323,2,59,11,'JUGO DE LIMON CHEF CITRIC'),(2324,3,310,42,'JUGO DE LIMON INDIVIDUAL ARISCO'),(2325,5,89,45,'JUGO DE LIMON LIMONEL'),(2326,8,57,31,'JUGO DE LIMON LIMONEL'),(2327,8,100,45,'JUGO DE LIMON MINERVA'),(2328,3,84,34,'JUGO DE LIMON MONTE ALTO'),(2329,1,42,30,'JUGO DE LIMON MONTE ALTO'),(2330,4,67,18,'JUGO DE LIMON MONTE ALTO'),(2331,7,180,25,'JUGO DE LIMON SAN BERNARDINO'),(2332,2,76,45,'JUGO DE LIMON SAN BERNARDINO'),(2333,2,48,24,'JUGO DE LIMON SAN BERNARDINO'),(2334,8,28,35,'JUGO RIO DURAZNO'),(2335,6,28,23,'JUGO RIO MULTIFRUTA'),(2336,5,28,27,'JUGO RIO NARANJA'),(2337,7,28,14,'JUGO RIO PERA'),(2338,4,40,0,'JUGO SALDAN LIMON'),(2339,3,40,27,'JUGO SALDAN NARANJA'),(2340,6,40,26,'JUGO SALDAN POMELO'),(2341,3,8,41,'JUGO SOBRE TANG MIX NARANJA LIMA'),(2342,8,8,15,'JUGO SOBRE TANG MIX NARANJA MARACUYA FRUTILLA'),(2343,3,97,4,'JUGOS ADES ALMENDRAS'),(2344,6,23,6,'JUGOS ADES ANANA'),(2345,3,55,28,'JUGOS ADES ANANA'),(2346,5,55,47,'JUGOS ADES CHOCOLATADA'),(2347,8,31,22,'JUGOS ADES CHOCOLATADA'),(2348,5,55,35,'JUGOS ADES COCO'),(2349,7,50,23,'JUGOS ADES DURAZNO'),(2350,3,21,19,'JUGOS ADES DURAZNO'),(2351,2,55,35,'JUGOS ADES FRUTAS TROPICALES'),(2352,5,21,35,'JUGOS ADES FRUTAS TROPICALES'),(2353,2,48,0,'JUGOS ADES MANZANA'),(2354,8,19,44,'JUGOS ADES MANZANA'),(2355,7,55,50,'JUGOS ADES NARANJA'),(2356,3,19,46,'JUGOS ADES NARANJA'),(2357,1,61,35,'JUGOS ADES NATURAL'),(2358,4,55,49,'JUGOS ADES VAINILLA'),(2359,6,58,39,'JUGOS BAGGIO PRONTO DURAZNO'),(2360,7,13,11,'JUGOS BAGGIO PRONTO DURAZNO'),(2361,5,16,23,'JUGOS BAGGIO PRONTO DURAZNO'),(2362,5,16,35,'JUGOS BAGGIO PRONTO MANZANA'),(2363,7,58,21,'JUGOS BAGGIO PRONTO MANZANA'),(2364,6,16,47,'JUGOS BAGGIO PRONTO MIX FRUTAL'),(2365,4,58,26,'JUGOS BAGGIO PRONTO MIX FRUTAL'),(2366,8,58,50,'JUGOS BAGGIO PRONTO MULTIFRUTA'),(2367,5,9,2,'JUGOS BAGGIO PRONTO MULTIFRUTA'),(2368,8,16,9,'JUGOS BAGGIO PRONTO MULTIFRUTA'),(2369,7,58,5,'JUGOS BAGGIO PRONTO NARANJA'),(2370,3,16,26,'JUGOS BAGGIO PRONTO NARANJA'),(2371,8,61,37,'JUGOS BC GRANADA & MANZANA CON TE BLANCO'),(2372,3,58,21,'JUGOS BC LIMONADA FRUTOS ROJOS'),(2373,2,36,31,'JUGOS BC LIMONADA MENTA JENGIBRE'),(2374,7,58,32,'JUGOS BC LIMONADA MENTA Y JENGIBRE'),(2375,8,34,43,'JUGOS BC LIMONADA TRADICIONAL'),(2376,8,58,50,'JUGOS BC LIMONADA TRADICIONAL'),(2377,7,20,48,'JUGOS BC MANZANA'),(2378,5,37,12,'JUGOS BC MANZANA'),(2379,5,60,7,'JUGOS BC MANZANA'),(2380,6,60,15,'JUGOS BC MULTIFRUTA'),(2381,8,19,47,'JUGOS BC MULTIFRUTA'),(2382,8,37,11,'JUGOS BC MULTIFRUTA'),(2383,6,37,26,'JUGOS BC NARANJA'),(2384,6,60,11,'JUGOS BC NARANJA'),(2385,8,20,31,'JUGOS BC NARANJA'),(2386,1,66,20,'JUGOS BC NARANJA & DURAZNO CON TE NEGRO'),(2387,8,62,6,'JUGOS BC NARANJA/DURAZNO'),(2388,5,66,38,'JUGOS BC PERA'),(2389,5,60,35,'JUGOS BC PERA & UVA CON TE VERDE'),(2390,5,11,38,'JUGOS BC SOBRE ANANA'),(2391,1,10,40,'JUGOS BC SOBRE FRUTILLA LIMON'),(2392,4,10,31,'JUGOS BC SOBRE FRUTOS DEL BOSQUE'),(2393,3,10,6,'JUGOS BC SOBRE LIMONADA'),(2394,7,11,32,'JUGOS BC SOBRE MANDARINA'),(2395,7,10,22,'JUGOS BC SOBRE MANGO NARANJA'),(2396,8,11,18,'JUGOS BC SOBRE MANGO Y MARACUYA'),(2397,8,11,35,'JUGOS BC SOBRE MANZANA'),(2398,2,10,0,'JUGOS BC SOBRE NARANJA'),(2399,2,10,18,'JUGOS BC SOBRE NARANJA DULCE'),(2400,3,11,13,'JUGOS BC SOBRE NARANJA/DURAZNO'),(2401,3,10,6,'JUGOS BC SOBRE PEPINO Y MELON'),(2402,1,11,19,'JUGOS BC SOBRE PERA'),(2403,8,11,26,'JUGOS BC SOBRE POMELO ROSADO'),(2404,2,29,41,'JUGOS CEPITA  DEL VALLE NARANJA'),(2405,2,28,18,'JUGOS CEPITA DEL VALLE ANANA'),(2406,6,60,40,'JUGOS CEPITA DEL VALLE ANANA BOTELLA'),(2407,6,28,40,'JUGOS CEPITA DEL VALLE DURAZNO'),(2408,2,68,0,'JUGOS CEPITA DEL VALLE DURAZNO BOTELLA'),(2409,8,42,19,'JUGOS CEPITA DEL VALLE DURAZNO DELICIOSO'),(2410,3,29,21,'JUGOS CEPITA DEL VALLE MANZANA ROJA'),(2411,6,25,33,'JUGOS CEPITA DEL VALLE MANZANA ROJA'),(2412,3,78,23,'JUGOS CEPITA DEL VALLE MANZANA ROJA BOTELLA'),(2413,2,44,27,'JUGOS CEPITA DEL VALLE NARANJA  0%AZUCARES'),(2414,7,68,26,'JUGOS CEPITA DEL VALLE NARANJA BOTELLA'),(2415,1,42,13,'JUGOS CEPITA DEL VALLE NARANJA TENTACION'),(2416,7,16,16,'JUGOS CEPITA MANZANA'),(2417,1,18,19,'JUGOS CEPITA MULTIFRUTA'),(2418,4,46,42,'JUGOS CEPITA MULTIFRUTA'),(2419,7,14,25,'JUGOS CEPITA NARANJA'),(2420,4,46,3,'JUGOS CEPITA NARANJA'),(2421,2,18,1,'JUGOS CEPITA NUTRI DURAZNO MIX'),(2422,6,16,33,'JUGOS CEPITA NUTRI MANZANA MIX'),(2423,1,17,20,'JUGOS CEPITA NUTRI NARANJA'),(2424,4,7,34,'JUGOS EN SOBRE ARCOR ANANA'),(2425,6,7,50,'JUGOS EN SOBRE ARCOR DURAZNO'),(2426,7,7,2,'JUGOS EN SOBRE ARCOR LIMONADA'),(2427,8,7,35,'JUGOS EN SOBRE ARCOR MANDARINA'),(2428,5,7,25,'JUGOS EN SOBRE ARCOR MANZANA'),(2429,7,7,3,'JUGOS EN SOBRE ARCOR MULTIFRUTA'),(2430,3,7,48,'JUGOS EN SOBRE ARCOR NARANJA'),(2431,6,7,38,'JUGOS EN SOBRE ARCOR NARANJA DULCE'),(2432,6,7,39,'JUGOS EN SOBRE ARCOR NARANJA MANGO'),(2433,8,9,42,'JUGOS EN SOBRE ARCOR NARANJA-DURAZNO'),(2434,6,9,50,'JUGOS EN SOBRE ARCOR NARANJA/BANANA'),(2435,5,9,9,'JUGOS EN SOBRE ARCOR PERA'),(2436,3,17,20,'JUGOS PURA FRUTTA MANZANA ROJA'),(2437,2,63,49,'JUGOS PURA FRUTTA MANZANA ROJA'),(2438,3,17,0,'JUGOS PURA FRUTTA MANZANA VERDE'),(2439,1,63,12,'JUGOS PURA FRUTTA MANZANA VERDE'),(2440,1,37,18,'JUGOS PUROSOL NARANJA'),(2441,3,34,45,'JUGOS PUROSOL NARANJA DURAZNO'),(2442,2,11,0,'JUGOS SOBRE CLIGHT ANANA'),(2443,3,13,22,'JUGOS SOBRE CLIGHT C/STEVIA LIMONADA'),(2444,6,14,39,'JUGOS SOBRE CLIGHT C/STEVIA MANZANA'),(2445,8,13,5,'JUGOS SOBRE CLIGHT C/STEVIA NARANJA'),(2446,6,11,9,'JUGOS SOBRE CLIGHT LIMONADA'),(2447,1,11,32,'JUGOS SOBRE CLIGHT LIMONADA & ARANDANOS'),(2448,3,11,42,'JUGOS SOBRE CLIGHT LIMONADA & MENTA & JENGIBRE'),(2449,7,11,6,'JUGOS SOBRE CLIGHT LIMONADA & PEPINNO'),(2450,5,11,45,'JUGOS SOBRE CLIGHT LIMONADA SIN AZUCARES'),(2451,4,11,19,'JUGOS SOBRE CLIGHT MANDARINA'),(2452,6,11,5,'JUGOS SOBRE CLIGHT MANGO PERA'),(2453,8,11,42,'JUGOS SOBRE CLIGHT MANZANA DELICIOSA'),(2454,5,11,43,'JUGOS SOBRE CLIGHT MANZANA VERDE'),(2455,2,11,12,'JUGOS SOBRE CLIGHT NARANJA'),(2456,6,11,22,'JUGOS SOBRE CLIGHT NARANJA DULCE'),(2457,4,11,18,'JUGOS SOBRE CLIGHT NARANJA DURAZNO'),(2458,1,11,34,'JUGOS SOBRE CLIGHT NARANJA MANGO'),(2459,6,11,42,'JUGOS SOBRE CLIGHT PERA'),(2460,1,11,31,'JUGOS SOBRE CLIGHT POMELO AMARILLO'),(2461,1,11,14,'JUGOS SOBRE CLIGHT POMELO ROSADO'),(2462,5,8,32,'JUGOS SOBRE TANG ANANA'),(2463,2,8,46,'JUGOS SOBRE TANG DURAZNO'),(2464,2,8,42,'JUGOS SOBRE TANG DURAZNO'),(2465,5,12,27,'JUGOS SOBRE TANG FRESH DURAZNO'),(2466,6,14,43,'JUGOS SOBRE TANG FRESH FRUTILLA'),(2467,1,14,38,'JUGOS SOBRE TANG FRESH LIMONADA'),(2468,4,12,31,'JUGOS SOBRE TANG FRESH MANDARINA'),(2469,5,14,16,'JUGOS SOBRE TANG FRESH NARANJA'),(2470,1,14,29,'JUGOS SOBRE TANG FRESH UVA'),(2471,8,8,44,'JUGOS SOBRE TANG LIMONADA DULCE'),(2472,7,8,0,'JUGOS SOBRE TANG MANZANA'),(2473,7,8,15,'JUGOS SOBRE TANG MULTIFRUTA'),(2474,6,8,27,'JUGOS SOBRE TANG NARANJA'),(2475,2,8,27,'JUGOS SOBRE TANG NARANJA BANANA'),(2476,2,8,34,'JUGOS SOBRE TANG NARANJA DULCE'),(2477,4,8,46,'JUGOS SOBRE TANG NARANJA DURAZNO'),(2478,5,8,21,'JUGOS SOBRE TANG NARANJA DURAZNO'),(2479,3,8,36,'JUGOS SOBRE TANG NARANJA MANGO'),(2480,7,8,37,'JUGOS SOBRE TANG NARANJA SUAVE'),(2481,2,8,6,'JUGOS SOBRE TANG PERA'),(2482,4,8,11,'JUGOS SOBRE TANG PERA'),(2483,8,8,8,'JUGOS SOBRE TANG POMELO ROSADO'),(2484,4,6,7,'JUGOS VERAO SOBRE ANANA'),(2485,5,6,41,'JUGOS VERAO SOBRE MANZANA'),(2486,4,6,11,'JUGOS VERAO SOBRE NARANJA'),(2487,5,6,11,'JUGOS VERAO SOBRE NARANJA DURAZNO'),(2488,2,26,39,'JUGOSO AL HORNO MAGGI CRIOLLA'),(2489,2,26,19,'JUGOSO AL HORNO MAGGI ESTOFADO DE CARNE'),(2490,1,26,42,'JUGOSO AL HORNO MAGGI POLLO A LAS FINAS HIERBAS'),(2491,2,26,10,'JUGOSO AL HORNO MAGGI POLLO AL LIMON'),(2492,4,25,50,'JUGOSO AL HORNO MAGGI POLLO AL PIMENTON'),(2493,6,26,38,'JUGOSO AL HORNO MAGGI POLLO MEDITERRANEO'),(2494,3,90,1,'JUREL BAHIA AL NATURAL'),(2495,6,98,33,'JUREL BAHIA EN AGUA Y ACEITE'),(2496,5,226,35,'KETCHUP DANICA'),(2497,6,10,23,'KETCHUP DANICA'),(2498,1,28,30,'KETCHUP DANICA'),(2499,6,214,3,'KETCHUP FANACOA'),(2500,8,30,29,'KETCHUP HEINZ'),(2501,8,16,2,'KETCHUP HELLMANN S'),(2502,8,42,48,'KETCHUP HELLMANN S DP'),(2503,4,456,42,'KETCHUP INDIVIDUAL DANICA'),(2504,1,237,0,'KETCHUP INDIVIDUAL HELLMANN S'),(2505,8,34,9,'KETCHUP LA CAMPAGNOLA'),(2506,5,39,47,'KETCHUP LA CAMPAGNOLA HOT-PICANTE'),(2507,5,37,6,'KETCHUP TAHITI'),(2508,1,34,32,'KITKAT'),(2509,5,26,27,'KITKAT DARK'),(2510,3,14,13,'KITKAT MINI'),(2511,4,39,50,'LA GOTITA'),(2512,8,32,12,'LAMPARA OSRAM 28 W =40 W'),(2513,5,32,23,'LAMPARA OSRAM 60 W=42W'),(2514,1,32,46,'LAMPARA OSRAM 70 W=100 W'),(2515,4,32,11,'LAMPARA OSRAM 70 W=53W'),(2516,4,132,50,'LAMPAZO GRANDE BROOMY'),(2517,1,21,33,'LANA DE ACERO BROMY'),(2518,7,88,35,'LATTE LA VIRGINIA'),(2519,2,392,14,'LAUREL HOJA BOLSA DEAN FUNES'),(2520,3,39,34,'LAUREL HOJAS ALICANTE'),(2521,8,20,11,'LAUREL TRITURADO ALICANTE'),(2522,2,71,46,'LAVANDINA  AYUDIN MULTISUPERFICIES ORIGINAL'),(2523,3,39,50,'LAVANDINA AYUDIN MAXIMA PUREZA'),(2524,1,74,8,'LAVANDINA AYUDIN MAXIMA PUREZA'),(2525,4,165,7,'LAVANDINA AYUDIN MULTISUPERFICIES PUREZA GLACIAR'),(2526,4,80,33,'LAVANDINA EN GEL AYUDIN CITRUS'),(2527,3,24,5,'LAVANDINA EN GEL AYUDIN DP CITRUS'),(2528,2,24,26,'LAVANDINA EN GEL AYUDIN DP FLORAL'),(2529,1,36,23,'LAVANDINA EN GEL AYUDIN DP ORIGINAL'),(2530,2,80,24,'LAVANDINA EN GEL AYUDIN FLORAL'),(2531,1,80,32,'LAVANDINA EN GEL AYUDIN LAVANDA'),(2532,2,80,43,'LAVANDINA EN GEL AYUDIN MENTA'),(2533,5,80,4,'LAVANDINA EN GEL AYUDIN ORIGINAL'),(2534,8,34,44,'LAVANDINA EN GEL AYUDIN ROPA BLANCA'),(2535,3,54,12,'LAVANDINA EN GEL MAVAX'),(2536,2,62,32,'LAVANDINA EN GEL VIM'),(2537,4,41,42,'LAVANDINA EN GEL VIM CITRUS'),(2538,3,33,35,'LAVANDINA EN GEL VIM FLORAL'),(2539,2,20,3,'LAVANDINA EN GEL VIM LAVANDA'),(2540,6,41,3,'LAVANDINA EN GEL VIM LAVANDA'),(2541,2,20,17,'LAVANDINA EN GEL VIM ORIGINAL'),(2542,3,130,37,'LAVANDINA MAVAX'),(2543,6,40,8,'LAVANDINA MAVAX'),(2544,4,21,5,'LAVANDINA MAVAX'),(2545,3,40,43,'LEBERWURST PALADINI'),(2546,3,22,9,'LECHE + JUGO JUNIOR LA SERENISIMA FRUTILLA'),(2547,6,48,2,'LECHE + JUGO JUNIOR LA SERENISIMA FRUTILLA'),(2548,3,26,1,'LECHE + JUGO JUNIOR LA SERENISIMA MANZANA'),(2549,1,43,26,'LECHE + JUGO JUNIOR LA SERENISIMA MANZANA'),(2550,4,53,49,'LECHE + JUGO MULTIFRUTA FACIL DIGESTION LA SERENIS'),(2551,2,41,31,'LECHE ARMONIA SACHET DESCREMADA'),(2552,2,41,0,'LECHE ARMONIA SACHET ENTERA'),(2553,6,46,39,'LECHE CHOCOLATADA CINDOR'),(2554,6,65,19,'LECHE CHOCOLATADA CINDOR'),(2555,1,64,35,'LECHE CHOCOLATADA ILOLAY'),(2556,6,28,20,'LECHE CHOCOLATADA ILOLAY'),(2557,5,23,47,'LECHE CHOCOLATADA LATTE'),(2558,2,29,8,'LECHE CHOCOLATADA NESQUIK'),(2559,3,45,5,'LECHE CHOCOLATADA SANCOR'),(2560,8,79,9,'LECHE CHOCOLATADA SANCOR'),(2561,2,22,15,'LECHE CHOCOLATADA SANTA BRIGIDA'),(2562,3,45,12,'LECHE CHOCOLATADA SANTA BRIGIDA'),(2563,8,70,24,'LECHE CHOCOLATADA TREGAR'),(2564,3,23,33,'LECHE CHOCOLATADA TREGAR'),(2565,4,108,39,'LECHE CONDENSADA LIGHT NESTLE'),(2566,3,108,16,'LECHE CONDENSADA NESTLE'),(2567,6,108,30,'LECHE CONDENSADA TETRA NESTLE'),(2568,4,68,8,'LECHE DESCR. E/CAL VIT A,C,D,B9 BOTELLA LA SERENIS'),(2569,6,55,37,'LECHE DESCREMA PROTEIN RED. LACTOSA LA SERENISIMA'),(2570,4,53,37,'LECHE DESCREMADA + CAFE PROTEIN LA SERENISIMA'),(2571,3,45,12,'LECHE DESCREMADA CAJA FIBRACTIVA  0% LA SERENISIMA'),(2572,8,49,10,'LECHE DESCREMADA SACHET LA SERENISIMA EXTRA CALCIO'),(2573,1,57,18,'LECHE DESLACTOSA DESCREMADA SANCOR C/T'),(2574,8,63,31,'LECHE DESLACTOSADA TREGAR'),(2575,1,63,46,'LECHE EN POLVO ARMONIA DESCREMADA'),(2576,8,63,7,'LECHE EN POLVO ARMONIA ENTERA'),(2577,8,159,25,'LECHE EN POLVO DESCREMADA LA SERENISIMA'),(2578,5,84,50,'LECHE EN POLVO DESCREMADA LA SERENISIMA FORT.'),(2579,4,392,11,'LECHE EN POLVO DESCREMADA SVELTY VENDING'),(2580,5,255,31,'LECHE EN POLVO DESLACTOSADA LA SERENISIMA'),(2581,8,461,33,'LECHE EN POLVO DESLACTOSADA NIDO FORTIGROW'),(2582,4,132,17,'LECHE EN POLVO ENTERA CAMPO DE ORO'),(2583,6,132,35,'LECHE EN POLVO ENTERA FORTALEZA'),(2584,6,287,25,'LECHE EN POLVO ENTERA LA PAULINA'),(2585,8,192,26,'LECHE EN POLVO ENTERA LA SERENISIMA'),(2586,6,87,22,'LECHE EN POLVO ENTERA LA SERENISIMA FORT.'),(2587,4,299,9,'LECHE EN POLVO ILOLAY DESCREMADA'),(2588,5,165,28,'LECHE EN POLVO ILOLAY DESCREMADA CAJA'),(2589,5,267,17,'LECHE EN POLVO ILOLAY ENTERA'),(2590,7,149,11,'LECHE EN POLVO ILOLAY ENTERA BOLSA'),(2591,3,118,26,'LECHE EN POLVO INDIVIDUAL ILOLAY'),(2592,4,408,22,'LECHE EN POLVO INDIVIDUAL SANCOR'),(2593,8,278,33,'LECHE EN POLVO LA LECHERA NESTLE'),(2594,7,145,24,'LECHE EN POLVO LA LECHERA NESTLE'),(2595,7,114,16,'LECHE EN POLVO NIDO BOLSA'),(2596,3,167,36,'LECHE EN POLVO NIDO FORTIGROW'),(2597,4,386,49,'LECHE EN POLVO NIDO LATA BEBE 3'),(2598,3,359,18,'LECHE EN POLVO NIDO LATA FOTIGROW'),(2599,3,217,25,'LECHE EN POLVO SAN REGIM DIETA EQUILIBRADA'),(2600,5,431,11,'LECHE EN POLVO SANCOR BEBE 1'),(2601,3,373,32,'LECHE EN POLVO SANCOR BEBE 2'),(2602,5,358,1,'LECHE EN POLVO SANCOR BEBE 3'),(2603,3,144,39,'LECHE EN POLVO SANCOR DESCREMADA FORT. C/VIT AY D'),(2604,5,145,9,'LECHE EN POLVO SANCOR ENTERA FORTIFICADA C/VIT AYD'),(2605,5,267,37,'LECHE EN POLVO SANCOR ENTERA FORTIFICADA VIT AY D'),(2606,2,271,4,'LECHE EN POLVO SVELTY FIGURA'),(2607,4,167,10,'LECHE EN POLVO SVELTY MOVE 0% GRASAS SVELTY'),(2608,7,53,14,'LECHE ENTERA C/FE LA SERENISIMA CAJA'),(2609,5,67,7,'LECHE ENTERA E/CAL VIT. B9 BOTELLA LA SERENISIMA'),(2610,1,49,28,'LECHE ENTERA SACHET LA SERENISIMA EXTRA CALCIO'),(2611,1,41,45,'LECHE ILOLAY LARGA VIDA CON FIBRA'),(2612,2,41,41,'LECHE ILOLAY LARGA VIDA CON HIERRO'),(2613,4,54,5,'LECHE ILOLAY LARGA VIDA DESCREMADA'),(2614,7,54,22,'LECHE ILOLAY LARGA VIDA ENTERA'),(2615,8,53,35,'LECHE ILOLAY LARGA VIDA REDUCIDA EN LACTOSA'),(2616,1,33,46,'LECHE LA NUEVA SACHET ENTERA'),(2617,3,65,6,'LECHE LARGA VIDA DESCREMADA LA SERENISIMA'),(2618,4,62,25,'LECHE LARGA VIDA DESCREMADA TREGAR'),(2619,1,65,42,'LECHE LARGA VIDA ENTERA LA SERENISIMA'),(2620,5,63,16,'LECHE LARGA VIDA ENTERA TREGAR'),(2621,4,45,14,'LECHE LIQUIDA SANCOR BEBE 1'),(2622,4,63,26,'LECHE LIQUIDA SANCOR BEBE 1'),(2623,2,58,8,'LECHE LIQUIDA SANCOR BEBE 2'),(2624,6,43,13,'LECHE LIQUIDA SANCOR BEBE 2'),(2625,7,40,33,'LECHE LIQUIDA SANCOR BEBE 3'),(2626,6,88,10,'LECHE LIQUIDA SANCOR BEBE 3'),(2627,4,24,42,'LECHE LIQUIDA SANCOR BEBE 4 VAINILLA'),(2628,6,61,33,'LECHE MUJER LA SERENISIMA'),(2629,4,60,41,'LECHE REDUCIDA EN LACTOSA DESCREMADA LA SERENISIMA'),(2630,4,54,38,'LECHE REDUCIDA EN LACTOSA ENTERA LA SERENISIMA'),(2631,3,52,21,'LECHE SANCOR DESCREMADA SACHET'),(2632,1,52,5,'LECHE SANCOR ENTERA SACHET'),(2633,8,55,30,'LECHE SANCOR LARGA VIDA DESCREMADA'),(2634,2,55,44,'LECHE SANCOR LARGA VIDA ENTERA'),(2635,1,49,12,'LECHE SANTA BRIGIDA LARGA VIDA DESCREMADA'),(2636,6,49,50,'LECHE SANTA BRIGIDA LARGA VIDA ENTERA'),(2637,6,29,23,'LECHE SENSE CAFE LA SERENISIMA'),(2638,4,75,7,'LECHE SENSE CAPPUCCINO LA SERENISIMA'),(2639,5,36,4,'LECHE SENSE CAPPUCCINO LA SERENISIMA'),(2640,5,36,8,'LECHE SENSE CARAMEL LA SERENISIMA'),(2641,3,55,49,'LECHE SERENISIMA DESCREMADA C/FE B9 SACH'),(2642,4,52,43,'LECHE SERENISIMA ENTERA C/FE B9 SACH'),(2643,4,56,44,'LECHE ULTRA DESCREMADA E/CALCIO LA SERENISIMA CAJA'),(2644,6,56,30,'LECHE ULTRA ENTERA E/CALCIO LA SERENISIMA CAJA'),(2645,5,47,12,'LENTEJAS ARCOR'),(2646,5,65,20,'LENTEJAS EGRAN PAQUETE'),(2647,3,31,26,'LENTEJAS INALPA'),(2648,1,47,10,'LENTEJAS LA CAMPAGNOLA'),(2649,5,196,16,'LENTEJAS LAYA'),(2650,6,26,50,'LENTEJAS LAYA'),(2651,3,56,35,'LENTEJAS PRODEMAN'),(2652,1,69,40,'LENTEJONES EGRAN'),(2653,8,16,42,'LEVADURA CALSA FRACCIONADA'),(2654,6,94,9,'LEVADURA FERMIPAN X 500 GR'),(2655,3,37,21,'LEVADURA GOLONDRINA PRENSADA'),(2656,2,10,37,'LEVADURA INSTANTANEA FERMIPAN'),(2657,5,13,43,'LEVADURA INSTANTANEA LEVEX'),(2658,8,9,5,'LEVADURA INSTANTANEA MI PAN CALSA'),(2659,7,57,25,'LEVADURA VIRGEN'),(2660,8,51,33,'LICOR BOLS PETACA CAFE AL CONAC'),(2661,3,51,9,'LICOR BOLS PETACA CHOCOLATE'),(2662,6,51,32,'LICOR BOLS PETACA DULCE DE LECHE'),(2663,4,160,44,'LICOR CAFE AL CONAC TRES PLUMAS'),(2664,4,49,46,'LICOR CAFE AL CONAC TRES PLUMAS PETACA'),(2665,6,33,34,'LICOR DE ANIS FEUDAL PETACA'),(2666,7,116,18,'LICOR DE CAFE A LA GRAPPA TRES PLUMAS'),(2667,7,116,21,'LICOR DE CAFE AL CHOCOLATE TRES PLUMAS'),(2668,3,29,35,'LICOR DE CHOCOLATE PETERS PETACA'),(2669,6,262,9,'LICOR DE CREMA OLD VALLEY'),(2670,5,26,32,'LICOR DE MENTA PETERS PETACA'),(2671,8,63,14,'LICOR EL ABUELO CAFE AL CONAC'),(2672,7,23,2,'LICOR EL ABUELO CAFE AL CONAC PETACA'),(2673,8,63,17,'LICOR EL ABUELO CHOCOLATE'),(2674,1,63,16,'LICOR EL ABUELO DULCE DE LECHE'),(2675,6,63,20,'LICOR EL ABUELO VAINILLA'),(2676,8,757,28,'LICOR JAGERMEISTER'),(2677,7,145,35,'LICOR LEGUI'),(2678,8,104,20,'LICOR PETERS BLUE CURACAO'),(2679,6,104,9,'LICOR PETERS CAFE AL COGNAC'),(2680,1,37,5,'LICOR PETERS CAFE AL COGNAC PETACA'),(2681,2,104,28,'LICOR PETERS CASSIS'),(2682,5,104,7,'LICOR PETERS CHOCOLATE'),(2683,1,104,43,'LICOR PETERS DULCE DE LECHE'),(2684,5,33,48,'LICOR PETERS DULCE DE LECHE PETACA'),(2685,5,104,10,'LICOR PETERS FRUTILLA'),(2686,7,138,46,'LICOR SECO TRES PLUMAS'),(2687,2,49,9,'LICOR SECO TRES PLUMAS PETACA'),(2688,4,42,33,'LICOR TRES PLUMAS CAFE AL WHISKY PETACA'),(2689,2,34,1,'LICOR TRES PLUMAS CHOCOLATE PETACA'),(2690,5,69,17,'LIMPIA VIDRIOS MAVAX'),(2691,6,117,36,'LIMPIA VIDRIOS N 20 BROOMY'),(2692,8,65,8,'LIMPIADOR BANO DOY PACK GIGANTE'),(2693,1,50,33,'LIMPIADOR CREMOSO LYSOFORM DOBLE ACCION'),(2694,5,33,16,'LIMPIADOR GIGANTE LAVANDA'),(2695,7,28,12,'LIMPIADOR GIGANTE MARINA'),(2696,1,26,40,'LIMPIADOR LIQUIDO GLADE BOSQUE DE PINOS'),(2697,7,38,29,'LIMPIADOR LIQUIDO GLADE CAMPOS DE LAVANDA'),(2698,4,31,44,'LIMPIADOR LIQUIDO GLADE CARICIAS DE BEBE'),(2699,7,38,0,'LIMPIADOR LIQUIDO GLADE FLORAL PERFECTION'),(2700,8,38,17,'LIMPIADOR LIQUIDO GLADE HARMONY'),(2701,6,38,49,'LIMPIADOR LIQUIDO GLADE I LOVE YOU'),(2702,1,38,20,'LIMPIADOR LIQUIDO POETT BEBE'),(2703,7,35,48,'LIMPIADOR LIQUIDO POETT BEBE'),(2704,6,35,47,'LIMPIADOR LIQUIDO POETT BOSQUE DE BAMBU'),(2705,8,35,35,'LIMPIADOR LIQUIDO POETT DEJA VU'),(2706,5,92,48,'LIMPIADOR LIQUIDO POETT LAVANDA'),(2707,7,38,1,'LIMPIADOR LIQUIDO POETT LAVANDA'),(2708,7,41,10,'LIMPIADOR LIQUIDO POETT LAVANDA'),(2709,3,38,11,'LIMPIADOR LIQUIDO POETT LOVE EVOLUTION'),(2710,1,38,7,'LIMPIADOR LIQUIDO POETT PERA Y JAZMIN'),(2711,6,35,38,'LIMPIADOR LIQUIDO POETT PRIMAVERA'),(2712,3,41,8,'LIMPIADOR LIQUIDO POETT PRIMAVERA'),(2713,1,92,1,'LIMPIADOR LIQUIDO POETT PRIMAVERA'),(2714,5,38,2,'LIMPIADOR LIQUIDO POETT SOLO PARA TI'),(2715,6,38,16,'LIMPIADOR LIQUIDO POETT SUAVIDAD DE ALGODON'),(2716,8,34,45,'LIMPIADOR LIQUIDO PROCENEX FLORES DEL JARDIN'),(2717,8,34,19,'LIMPIADOR LIQUIDO PROCENEX LAVANDA'),(2718,3,26,42,'LIMPIADOR LIQUIDO PROCENEX LIMON'),(2719,4,26,36,'LIMPIADOR LIQUIDO PROCENEX MARINA'),(2720,3,34,22,'LIMPIADOR LIQUIDO PROCENEX PINO'),(2721,4,74,14,'LIQUIDO ECHO DOY PACK'),(2722,6,69,39,'LIQUIDO ECHO LISTO 3 EN 1 LAVANDA'),(2723,7,132,34,'LIQUIDO LIMPIADOR GIGANTE BIDON'),(2724,1,88,17,'LIQUIDO LIMPIADOR ORLEP LAVANDA'),(2725,5,67,0,'LIQUIDO PARA LAMPAZOS CERAMICOL'),(2726,5,39,43,'LIQUIDO PARA LAMPAZOS ORLEP'),(2727,3,87,46,'LIQUIDO PARA PISOS ECHO EN EL BALDE CLASICO'),(2728,8,30,16,'LIQUIDO PARA PISOS ORLEP'),(2729,3,57,19,'LLUVIA DE PAPAS PAI'),(2730,3,121,4,'LLUVIA DE PAPAS PAI'),(2731,4,183,6,'LLUVIA DE PAPAS PAI'),(2732,5,200,34,'LOGISTICA'),(2733,7,391,46,'LOMITO SECO FETEADO CERDOS Y CIA'),(2734,5,391,34,'LOMO AHUMADO EN FETA CERDOS Y CIA'),(2735,8,259,10,'LOMO AHUMADO PALADINI'),(2736,2,320,23,'LOMO AHUMADO PALADINI'),(2737,7,445,6,'LOMO HORNEADO LABRATTO'),(2738,7,384,4,'LOMO HORNEADO LABRATTO'),(2739,5,42,35,'LUSTRAMUEBLES BLEM EN CREMA ORIGINAL'),(2740,4,102,5,'LUSTRAMUEBLES BLEM LAVANDA'),(2741,5,108,20,'LUSTRAMUEBLES BLEM NARANJA'),(2742,8,98,15,'LUSTRAMUEBLES BLEM ORIGINAL'),(2743,7,81,29,'LUSTRAMUEBLES CERAMICOL'),(2744,1,63,13,'LYSOFORM CANASTA LIQUIDA  FULL ORIGINAL'),(2745,2,30,17,'MADALENAS DULCYPAS DULCE DE LECHE'),(2746,6,39,8,'MADALENAS DULCYPAS VAINILLA'),(2747,8,49,42,'MADALENAS MARCOLLA CON CHIPS DE CHOCOLATE'),(2748,8,54,48,'MADALENAS MARCOLLA DULCE DE LECHE'),(2749,1,52,15,'MADALENAS MARCOLLA MARMOLADAS'),(2750,5,52,22,'MADALENAS MARCOLLA VAINILLA'),(2751,4,46,4,'MADALENAS VALENTE  CON CHIPS'),(2752,6,46,1,'MADALENAS VALENTE  DULCE DE LECHE'),(2753,7,45,45,'MADALENAS VALENTE  MARMOLADAS'),(2754,2,46,8,'MADALENAS VALENTE BANANA CON DULCE DE LECHE'),(2755,1,46,24,'MADALENAS VALENTE LIMON'),(2756,3,46,4,'MADALENAS VALENTE VAINILLA'),(2757,7,39,41,'MAGDALENAS CLASICA POZO'),(2758,8,49,17,'MAIZ BLANCO SUELTO'),(2759,7,15,43,'MAIZ MOLIDO BLANCO LA NONNA'),(2760,6,59,17,'MAIZ PELADO BLANCO EGRAN'),(2761,6,1149,9,'MAIZ PISADO BLANCO LAYA'),(2762,7,259,32,'MAIZ PISADO BLANCO LAYA'),(2763,7,24,1,'MAIZ PISADO BLANCO LAYA'),(2764,4,41,44,'MAIZ PISADO BLANCO PRODEMAN'),(2765,2,37,17,'MAIZ PISINGALLO EGRAN'),(2766,3,17,29,'MAIZ PISINGALLO LAYA'),(2767,8,186,42,'MAIZ PISINGALLO LAYA'),(2768,1,27,8,'MAIZ PISINGALLO PRODEMAN'),(2769,3,56,43,'MALTA EL POCILLO CON LECHE DP'),(2770,4,49,6,'MALTA EL POCILLO DOY PACK'),(2771,6,46,23,'MALTA EL POCILLO DOY PACK'),(2772,2,77,50,'MALTA EL POCILLO.'),(2773,7,201,42,'MAMON EN ALMIBAR CUESTA DE PORTEZUELO'),(2774,4,118,7,'MAMON EN ALMIBAR CUESTA DEL PORTEZUELO'),(2775,7,187,25,'MAMON EN ALMIBAR LE CHARBONNIER'),(2776,8,33,10,'MANI COLOR ARCOR'),(2777,2,210,17,'MANI CON CASCARA PAI'),(2778,1,38,48,'MANI CON CHOCOLATE ARCOR'),(2779,6,31,50,'MANI CON CHOCOLATE KING'),(2780,6,25,21,'MANI CON CHOCOLATE SHOT'),(2781,1,24,16,'MANI CONFITADO LHERITIER'),(2782,1,136,41,'MANI CROCANTE MALBA JAMON'),(2783,4,135,20,'MANI CROCANTE MALBA PIZZA'),(2784,5,126,3,'MANI CROCANTE MALBA PROVENZAL'),(2785,5,121,42,'MANI CROCANTE MALBA SALADO'),(2786,6,38,45,'MANI FRITO SALADO BLANCHED PAI'),(2787,3,103,0,'MANI FRITO SALADO BLANCHED PAI'),(2788,7,64,46,'MANI FRITO SALADO BLANCHED PAI'),(2789,3,43,5,'MANI FRITO SALADO MANDUVI'),(2790,4,79,22,'MANI FRITO SALADO MANDUVI'),(2791,4,114,5,'MANI FRITO SALADO PAI'),(2792,2,39,18,'MANI FRITO SALADO PAI'),(2793,4,19,24,'MANI FRITO SALADO PAI'),(2794,6,66,1,'MANI FRITO SALADO PAI'),(2795,2,38,38,'MANI KING TOSTADO SIN SAL SIN PIEL'),(2796,1,36,18,'MANI KING VITALLY BERRIES NATURAL'),(2797,8,30,3,'MANI KING VITALLY MIX NATURAL'),(2798,5,30,42,'MANI KING VITALLY NUTS NATURAL'),(2799,6,107,12,'MANI PELADO MALBA'),(2800,3,72,2,'MANI ROCKLETS NAVIDAD ARCOR'),(2801,6,39,7,'MANI SABORIZADO KING JAMON'),(2802,7,39,28,'MANI SABORIZADO KING PIZZA'),(2803,6,39,4,'MANI SABORIZADO KING QUESO'),(2804,8,10,47,'MANI SALADO KING'),(2805,6,39,23,'MANI SALADO KING'),(2806,2,26,31,'MANI SALADO KING'),(2807,6,90,10,'MANI SALADO PELADO KING'),(2808,6,31,4,'MANI SOWERS PELADO SALADO'),(2809,1,31,14,'MANI SOWERS PELADO SIN SAL'),(2810,5,34,7,'MANI SOWERS SABORIZADO JAMON SERRANO'),(2811,7,34,33,'MANI SOWERS SABORIZADO PARMESANO'),(2812,7,38,45,'MANI SOWERS SABORIZADO PICANTE HOT'),(2813,2,34,13,'MANI SOWERS SABORIZADO PIZZA'),(2814,6,34,42,'MANI SOWERS SABORIZADO SALAME'),(2815,3,63,46,'MANI TOSTADO CON CASCARA KING'),(2816,6,77,45,'MANI TOSTADO PAI'),(2817,6,73,6,'MANTECA CREMOSA SANTA MONICA'),(2818,4,84,47,'MANTECA ILOLAY ALUMINIO'),(2819,6,46,50,'MANTECA ILOLAY ALUMINIO'),(2820,3,924,9,'MANTECA INDIVIDUAL ILOLAY'),(2821,3,263,11,'MANTECA INDIVIDUAL S Y S'),(2822,7,390,12,'MANTECA INDIVIDUAL TONADITA'),(2823,4,40,38,'MANTECA LA CABANA DE ROSARIO'),(2824,6,20,35,'MANTECA LA CABANA DE ROSARIO'),(2825,2,108,32,'MANTECA LA PAULINA'),(2826,8,54,26,'MANTECA LA PAULINA'),(2827,6,188,3,'MANTECA LA PAULINA'),(2828,8,102,48,'MANTECA LA SERENISIMA'),(2829,3,59,42,'MANTECA LA SERENISIMA'),(2830,4,141,22,'MANTECA LIGHT UNTABLE VIT A-E LA SERENISIMA'),(2831,5,52,36,'MANTECA PRIMER PREMIO'),(2832,5,27,50,'MANTECA PRIMER PREMIO'),(2833,7,128,17,'MANTECA PRIMER PREMIO'),(2834,3,720,10,'MANTECA PRIMER PREMIO'),(2835,4,301,10,'MANTECA PRIMER PREMIO INDIVIDUAL'),(2836,1,111,20,'MANTECA S Y S'),(2837,4,46,9,'MANTECA S Y S'),(2838,5,27,38,'MANTECA S Y S'),(2839,4,92,30,'MANTECA SANCOR CLASICA MULTIVITAMINAS A,D,E'),(2840,5,50,4,'MANTECA SANCOR CLASICA MULTIVITAMINAS A,D,E'),(2841,8,32,12,'MANTECA TONADITA'),(2842,4,64,38,'MANTECA TONADITA'),(2843,7,561,26,'MANTECA YOLCLE PILON'),(2844,6,27,33,'MANTECOL CLASICO'),(2845,6,46,45,'MANTECOL CLASICO'),(2846,8,43,3,'MANTY CLASICA'),(2847,6,53,24,'MANTY CLASICA POTE'),(2848,3,50,24,'MANTY LIGHT'),(2849,6,126,20,'MAPLES HUEVOS'),(2850,4,90,3,'MAQUINA PARA AFEITAR GILLETTE VENUS'),(2851,7,106,44,'MARGARINA DANICA'),(2852,4,42,40,'MARGARINA DANICA'),(2853,4,42,15,'MARGARINA DANICA DORADA'),(2854,1,53,9,'MARGARINA DANICA DORADA POTE'),(2855,8,56,5,'MARGARINA DANICA SOFT LIGHT'),(2856,8,90,48,'MARGARINA MARGADAN'),(2857,3,38,13,'MARGARINA MARGADAN'),(2858,3,70,49,'MARGARINA NUTRISOL'),(2859,2,31,7,'MARGARINA NUTRISOL'),(2860,5,90,4,'MARSALA EL ABUELO'),(2861,3,16,31,'MARSHMALLOWS MALVAVISCOS MOGUL VAINILLA'),(2862,4,17,49,'MARSHMALLOWS MALVAVISCOS MOGUL VAINILLA'),(2863,5,125,34,'MARTINI BLANCO'),(2864,1,135,23,'MARTINI EXTRA DRY'),(2865,3,117,37,'MARTINI ROSSO'),(2866,4,46,15,'MATE COCIDO AMANDA ENSOBRADO'),(2867,2,31,45,'MATE COCIDO CRUZ DE MALTA'),(2868,2,134,2,'MATE COCIDO EN SAQUITOS ENSOBRADOS VELEZ'),(2869,1,35,39,'MATE COCIDO EN SAQUITOS LA TRANQUERA'),(2870,4,47,14,'MATE COCIDO EN SAQUITOS VELEZ'),(2871,5,92,24,'MATE COCIDO EN SAQUITOS VELEZ'),(2872,1,25,10,'MATE COCIDO EN SAQUITOS VELEZ'),(2873,4,65,3,'MATE COCIDO ENSOBRADO LA TRANQUERA'),(2874,8,34,20,'MAYONESA BC CON OLIVA'),(2875,5,63,17,'MAYONESA BC CON OLIVA'),(2876,3,16,34,'MAYONESA BC DP'),(2877,3,32,26,'MAYONESA BC DP'),(2878,7,125,5,'MAYONESA BC DP'),(2879,4,55,23,'MAYONESA BC DP'),(2880,7,25,26,'MAYONESA CADA DIA LIVIANA'),(2881,6,21,41,'MAYONESA DANICA FIESTA'),(2882,2,85,29,'MAYONESA DANICA FIESTA'),(2883,6,120,9,'MAYONESA DANICA FIESTA'),(2884,2,14,33,'MAYONESA DANICA FIESTA'),(2885,2,353,37,'MAYONESA DANICA INDIVIDUAL'),(2886,2,120,27,'MAYONESA DANICA SUAVE'),(2887,8,200,6,'MAYONESA DANICA SUAVE'),(2888,5,16,0,'MAYONESA DANICA SUAVE'),(2889,6,137,23,'MAYONESA FANACOA'),(2890,5,16,17,'MAYONESA HEINZ'),(2891,5,32,46,'MAYONESA HEINZ'),(2892,1,86,39,'MAYONESA HELLMANN S DP CLASICA'),(2893,7,19,22,'MAYONESA HELLMANN S DP CLASICA'),(2894,5,39,31,'MAYONESA HELLMANN S DP CLASICA'),(2895,6,78,23,'MAYONESA HELLMANN S FRASCO'),(2896,8,266,38,'MAYONESA HELLMANN S INDIVIDUAL'),(2897,2,41,0,'MAYONESA HELLMANN S LIGHT'),(2898,2,168,14,'MAYONESA HELLMANNS DP CLASICA'),(2899,3,85,31,'MAYONESA HELLMANNS FRASCO LIGHT'),(2900,6,175,4,'MAYONESA MAYODAN'),(2901,2,110,30,'MAYONESA MAYODAN'),(2902,4,24,0,'MAYONESA MAYODAN'),(2903,8,39,21,'MAYONESA MAYODAN'),(2904,7,48,7,'MAYONESA MAYOLIVA'),(2905,5,223,25,'MAYONESA NATURA'),(2906,5,189,1,'MAYONESA NATURA DOY PACK'),(2907,1,40,24,'MAYONESA NATURA DOY PACK'),(2908,4,85,1,'MAYONESA NATURA DOY PACK'),(2909,5,22,4,'MAYONESA NATURA SACHET'),(2910,3,18,25,'MAYONESA SANCOR'),(2911,1,67,3,'MAYONESA SANCOR'),(2912,1,37,28,'MAYONESA SANCOR DP'),(2913,4,17,31,'MEDALLONES DE CARNE LA BLANCA X 2'),(2914,3,23,22,'MEDALLONES DE CARNE SWIFT X 2'),(2915,8,61,24,'MEDALLONES DE CARNE SWIFT X 4'),(2916,3,13,7,'MENTITAS BOLSITA FRUTAL'),(2917,3,13,40,'MENTITAS CAJA FRUTAL'),(2918,1,30,10,'MERENGUES LYVIAN'),(2919,8,608,14,'MERMELADA ABEDUL INDIVIDUAL FRUTILLA LIGHT'),(2920,8,64,12,'MERMELADA ARCOR CIRUELA'),(2921,1,74,30,'MERMELADA ARCOR CIRUELA LIGHT'),(2922,4,67,42,'MERMELADA ARCOR DAMASCO'),(2923,1,71,28,'MERMELADA ARCOR DAMASCO LIGHT'),(2924,2,64,47,'MERMELADA ARCOR DURAZNO'),(2925,4,80,32,'MERMELADA ARCOR DURAZNO LIGHT'),(2926,2,96,24,'MERMELADA ARCOR DURAZNO SIN AZUCARES'),(2927,3,89,6,'MERMELADA ARCOR FRUTILLA'),(2928,6,128,3,'MERMELADA ARCOR FRUTILLA LIGHT'),(2929,7,136,20,'MERMELADA ARCOR FRUTILLA SIN AZUCARES'),(2930,2,89,26,'MERMELADA ARCOR FRUTILLA Y ARANDANOS'),(2931,8,79,9,'MERMELADA ARCOR NARANJA'),(2932,5,85,29,'MERMELADA ARCOR NARANJA LIGHT'),(2933,5,120,16,'MERMELADA BC ARANDANO'),(2934,4,78,47,'MERMELADA BC CIRUELA'),(2935,1,79,48,'MERMELADA BC DAMASCO'),(2936,6,115,49,'MERMELADA BC DE MEMBRILLO'),(2937,1,79,47,'MERMELADA BC DE NARANJA'),(2938,3,79,18,'MERMELADA BC DURAZNO'),(2939,1,79,3,'MERMELADA BC DURAZNO MARACUYA'),(2940,8,122,2,'MERMELADA BC FRAMBUESA'),(2941,7,107,24,'MERMELADA BC FRUTILLA'),(2942,1,107,31,'MERMELADA BC FRUTOS ROJOS'),(2943,3,79,42,'MERMELADA BC PERA'),(2944,3,125,38,'MERMELADA BC TOMATE'),(2945,7,52,22,'MERMELADA CAROYENSE CIRUELA'),(2946,6,43,26,'MERMELADA CAROYENSE DURAZNO'),(2947,3,52,12,'MERMELADA CAROYENSE DURAZNO LIGHT'),(2948,8,72,24,'MERMELADA CAROYENSE FRUTILLA'),(2949,1,43,25,'MERMELADA CAROYENSE MEMBRILLO'),(2950,6,43,7,'MERMELADA CAROYENSE NARANJA'),(2951,6,57,34,'MERMELADA CIRUELA LIGHT VANIMAR'),(2952,3,47,30,'MERMELADA CUESTA DEL PORTEZUELO MANDARINA'),(2953,5,44,4,'MERMELADA DULCIORA CIRUELA'),(2954,5,36,8,'MERMELADA DULCIORA DURAZNO'),(2955,1,51,13,'MERMELADA DULCIORA FRUTILLA'),(2956,6,36,7,'MERMELADA DULCIORA NARANJA'),(2957,6,644,48,'MERMELADA ILOLAY INDIVIDUAL DURAZNO'),(2958,7,655,40,'MERMELADA ILOLAY INDIVIDUAL FRUTILLA'),(2959,4,94,2,'MERMELADA LA CAMPAGNOLA ARANDANO'),(2960,2,87,28,'MERMELADA LA CAMPAGNOLA CIRUELA'),(2961,6,73,20,'MERMELADA LA CAMPAGNOLA DURAZNO'),(2962,6,94,15,'MERMELADA LA CAMPAGNOLA FRAMBUESA'),(2963,8,94,11,'MERMELADA LA CAMPAGNOLA FRUTILLA'),(2964,7,73,33,'MERMELADA LA CAMPAGNOLA NARANJA'),(2965,1,75,45,'MERMELADA LA CAMPAGNOLA PERA'),(2966,8,111,28,'MERMELADA LA CAMPAGNOLA TOMATE'),(2967,5,89,25,'MERMELADA MARCILLI DIETETICA ARANDANOS'),(2968,7,81,7,'MERMELADA MARCILLI DIETETICA DURAZNOS'),(2969,1,69,20,'MERMELADA MARCILLI DIETETICA HIGOS'),(2970,3,71,29,'MERMELADA MARCILLI DIETETICA NARANJA'),(2971,1,57,17,'MERMELADA NARANJA LIGHT VANIMAR'),(2972,5,295,27,'MERMELADA RAULITO CIRUELA'),(2973,5,295,9,'MERMELADA RAULITO DURAZNO'),(2974,7,38,29,'MERMELADAS FRASCO ORIETA DURAZNO'),(2975,1,55,14,'MERMELADAS FRASCO ORIETA FRUTILLA'),(2976,2,278,40,'MERMELADAS ORIETA BALDE CIRUELA'),(2977,2,278,34,'MERMELADAS ORIETA BALDE DAMASCO'),(2978,3,265,47,'MERMELADAS ORIETA BALDE DURAZNO'),(2979,8,322,12,'MERMELADAS ORIETA BALDE FRUTILLA'),(2980,7,28,33,'MERMELADAS POTE ORIETA CIRUELA'),(2981,2,28,12,'MERMELADAS POTE ORIETA DAMASCO'),(2982,6,28,10,'MERMELADAS POTE ORIETA DURAZNO'),(2983,3,31,45,'MERMELADAS POTE ORIETA FRUTILLA'),(2984,7,28,16,'MERMELADAS POTE ORIETA HIGO'),(2985,4,28,50,'MERMELADAS POTE ORIETA MIX FRUTAL'),(2986,7,28,41,'MERMELADAS POTE ORIETA NARANJA'),(2987,3,28,28,'MERMELADAS POTE ORIETA ZAPALLO'),(2988,4,32,31,'MERMELADAS RAULITO CIRUELA'),(2989,8,32,37,'MERMELADAS RAULITO DAMASCO'),(2990,3,32,46,'MERMELADAS RAULITO DURAZNO'),(2991,6,32,23,'MERMELADAS RAULITO HIGO'),(2992,6,32,19,'MERMELADAS RAULITO MANZANA'),(2993,3,32,23,'MERMELADAS RAULITO MEMBRILLO'),(2994,2,32,34,'MERMELADAS RAULITO NARANJA'),(2995,4,32,30,'MERMELADAS RAULITO PERA'),(2996,7,32,50,'MERMELADAS RAULITO ZAPALLO'),(2997,1,71,15,'MIEL DELICIA DE SAN MARCOS'),(2998,8,45,24,'MIEL DELICIA DE SAN MARCOS'),(2999,2,30,45,'MIEL DELICIA DE SAN MARCOS'),(3000,3,30,22,'MIEL NECTAR SERRANO'),(3001,8,45,6,'MIEL NECTAR SERRANO'),(3002,8,71,38,'MIEL NECTAR SERRANO'),(3003,8,40,21,'MIEL SAN MARCOS'),(3004,5,26,22,'MIEL SAN MARCOS'),(3005,7,60,29,'MIEL SAN MARCOS'),(3006,8,62,33,'MILANESA DE SOJA NATURAL EL GRANERO'),(3007,4,71,23,'MILANESA DE SOJA RELLENAS EL GRANERO'),(3008,4,41,5,'MILANESA PATY'),(3009,6,51,38,'MILANESAS DE SOJA ACEITUNAS MANJAR DE LOS DIOSES'),(3010,4,51,30,'MILANESAS DE SOJA JAMON Y QUESO MANJAR DE LOS DIOS'),(3011,1,53,30,'MILANESAS DE SOJA MORRON MANJAR DE LOS DIOSES'),(3012,3,36,3,'MILANESAS DE SOJA NATURAL MANJAR DE LOS DIOSES'),(3013,2,53,38,'MILANESAS DE SOJA QUESO MANJAR DE LOS DIOSES'),(3014,3,53,47,'MILANESAS DE SOJA ROQUEFORT MANJAR DE LOS DIOSES'),(3015,3,63,9,'MINI RAVIOLITOS CALABAZA Y QUESO LA SALTENA'),(3016,1,63,11,'MINI RAVIOLITOS CUATRO QUESOS LA SALTENA'),(3017,3,63,1,'MINI RAVIOLITOS ESPINACA Y QUESO LA SALTENA'),(3018,1,63,31,'MINI RAVIOLITOS JAMON Y QUESO LA SALTENA'),(3019,5,77,27,'MINI RHODESIA'),(3020,5,40,17,'MINI RHODESIA'),(3021,2,9,42,'MINI ROCKLETS'),(3022,2,72,22,'MINI ROCKLETS NAVIDAD ARCOR'),(3023,6,35,0,'MINI TOSTADITAS MUSLI MIX ARRO QUINOA AMARANTO CLA'),(3024,4,35,47,'MINI TOSTADITAS MUSLI MIX CHEDDAR'),(3025,4,35,43,'MINI TOSTADITAS MUSLI MIX CHOCOTORTA'),(3026,6,35,28,'MINI TOSTADITAS MUSLI MIX FRUTOS DEL BOSQUE'),(3027,2,35,47,'MINI TOSTADITAS MUSLI MIX JAMON SERRANO'),(3028,8,35,35,'MINI TOSTADITAS MUSLI MIX PIZZA EXTRA PIZZA'),(3029,6,43,27,'MINI NOQUICITOS LA SALTENA'),(3030,8,22,19,'MIRINDA'),(3031,1,49,27,'MIRINDA'),(3032,7,71,33,'MIRINDA'),(3033,6,53,26,'MISTELA EL ABUELO'),(3034,3,286,38,'MIX ENERGIZANTE GUEY'),(3035,8,376,6,'MIX EUROPEO DEAN FUNES'),(3036,3,50,15,'MIX QUENTO'),(3037,7,376,8,'MIX TROPICAL DEAN FUNES'),(3038,5,334,46,'MIX TROPICAL SUELTO'),(3039,5,11,3,'MOGUL BLOODY SUPER SOUR'),(3040,4,19,8,'MOGUL FRUTALES'),(3041,5,19,48,'MOGUL MONSTRUITOS'),(3042,1,21,9,'MOGUL OSO EXTREME ACIDO-DULCE'),(3043,5,21,39,'MOGUL RODAJAS ACIDAS'),(3044,1,12,11,'MOGUL TAMBORCITOS'),(3045,1,88,44,'MOPA BLANCA BROOMY'),(3046,6,72,18,'MORRONES AGRIDULCES ANTOMEX'),(3047,3,108,43,'MORRONES EZEQUIEL'),(3048,1,185,34,'MORRONES LA TOTI'),(3049,4,69,36,'MORTADELA LA TIROLESA'),(3050,6,233,31,'MORTADELA PALADINI'),(3051,5,272,49,'MORTADELA PALADINI'),(3052,8,51,44,'MORTADELA PALADINI FAMILIAR'),(3053,7,97,17,'MORTADELA PALADINI FAMILIAR'),(3054,3,71,26,'MOSCATO EL ABUELO'),(3055,5,41,42,'MOSTAZA AHUMADA TAHITI'),(3056,5,17,9,'MOSTAZA DANICA'),(3057,6,212,46,'MOSTAZA DANICA'),(3058,5,26,35,'MOSTAZA DANICA'),(3059,6,170,10,'MOSTAZA FANACOA BOLSA'),(3060,1,57,18,'MOSTAZA HEINZ DP'),(3061,4,321,1,'MOSTAZA INDIVIDUAL DANICA'),(3062,1,36,29,'MOSTAZA PREMIUM TAHITI'),(3063,1,44,35,'MOUSSE ROYAL CHOCOLATE'),(3064,4,31,1,'MOUSSE ROYAL CHOCOLATE LIGHT'),(3065,1,44,22,'MOUSSE ROYAL DULCE DE LECHE'),(3066,2,32,18,'MOUSSE ROYAL DULCE DE LECHE LIGHT'),(3067,4,44,44,'MOUSSE ROYAL LIMON'),(3068,1,25,45,'MR MUSCULO ANTIGRASA REPUESTO DP VERDE'),(3069,5,41,22,'MR MUSCULO COCINA DP ACCION NARANJA'),(3070,5,36,45,'MR MUSCULO LIMPIADOR ADHESIVO LAVANDA'),(3071,6,111,0,'MR MUSCULO LIMPIAHORNOS'),(3072,2,88,31,'NACHOS TOTOPOS'),(3073,4,60,0,'NAFTALINA ORLEP'),(3074,7,28,2,'NAFTALINA PERFUMADA MAVAX'),(3075,1,94,47,'NATURAL BREAK ENERGIA ARCOR'),(3076,2,42,41,'NATURAL BREAK ENERGIA ARCOR'),(3077,2,45,7,'NATURAL BREAK FIBRA ARCOR'),(3078,4,43,6,'NATURAL BREAK LIVIANO ARCOR'),(3079,6,94,31,'NATURAL BREAK NUTRITIVO ARCOR'),(3080,7,172,8,'NESCAFE CAFE VAINILLA SOBRES'),(3081,2,172,38,'NESCAFE CAPPUCCINO SOBRES'),(3082,3,217,23,'NESCAFE DECAF'),(3083,7,86,0,'NESCAFE DOLCA CAFE CON LECHE DP'),(3084,7,86,31,'NESCAFE DOLCA CAPPUCCINO'),(3085,1,86,25,'NESCAFE DOLCA LATTE DP'),(3086,3,86,18,'NESCAFE DOLCA MOKACCINO DP'),(3087,3,699,45,'NESCAFE DOLCA SUAVE'),(3088,6,303,48,'NESCAFE GOLD BLEND'),(3089,1,172,25,'NESCAFE MOKACCINO SOBRES'),(3090,1,126,42,'NESQUIK'),(3091,8,44,17,'NESQUIK'),(3092,3,84,18,'NESQUIK'),(3093,1,90,10,'NESTUM ARROZ NESTLE'),(3094,1,90,42,'NESTUM BANANA'),(3095,6,90,25,'NESTUM CON MIEL NESTLE'),(3096,1,90,46,'NESTUM MULTICEREAL NESTLE'),(3097,8,90,30,'NESTUM VAINILLA NESTLE'),(3098,1,87,29,'NESTUM VEGETALES ESPINACA NESTLE'),(3099,3,73,27,'NESTUM ZAPALLO Y ZANAHORIA'),(3100,7,135,38,'NEW AGE'),(3101,3,7,29,'NUCREM GEORGALOS'),(3102,3,25,5,'NUCREM GEORGALOS'),(3103,3,600,21,'NUECES EL GRINGO'),(3104,2,462,22,'NUECES FRACCIONADAS'),(3105,8,49,14,'NUEZ MOSCADA ENTERA ALICANTE'),(3106,6,35,1,'NUEZ MOSCADA ENTERA VELEZ'),(3107,3,58,40,'NUEZ MOSCADA MOLIDA ALICANTE'),(3108,4,300,31,'NUEZ MOSCADA MOLIDA DEAN FUNES'),(3109,6,51,1,'NUEZ MOSCADA MOLIDA VELEZ'),(3110,2,29,46,'OBLEA BLOCK XL'),(3111,2,24,19,'OBLEA BON O BON'),(3112,5,23,16,'OBLEA BON O BON BLANCO'),(3113,8,30,16,'OBLEA CHOCOLINAS COFLER XL'),(3114,1,24,41,'OBLEA COFLER BLOCK'),(3115,5,22,14,'OBLEA DE CHOCOLATE NESQUIK'),(3116,8,32,34,'OBLEA RELLENA CHOCOLATE BON O BON XL'),(3117,4,26,19,'OBLEAS ARCOR CHOCOLATE'),(3118,2,26,48,'OBLEAS ARCOR FRUTILLA'),(3119,6,27,20,'OBLEAS ARCOR LIMON'),(3120,3,47,21,'OBLEAS CHAMPAGNE'),(3121,5,21,37,'OBLEAS CHAMPAGNE'),(3122,7,61,34,'OBLEAS MILKA BIS'),(3123,8,9,40,'OBLEAS TYM FRUTILLA'),(3124,4,5,10,'OBLEAS TYM FRUTILLA'),(3125,6,9,17,'OBLEAS TYM VAINILLA'),(3126,2,5,20,'OBLEAS TYM VAINILLA'),(3127,1,90,8,'OPORTO EL ABUELO'),(3128,5,37,9,'OREGANO ALICANTE'),(3129,8,67,12,'OREGANO ALICANTE'),(3130,3,125,10,'OREGANO DEAN FUNES'),(3131,7,115,6,'OREGANO SUELTO'),(3132,7,270,19,'OREGANO VELEZ'),(3133,6,25,37,'OREGANO VELEZ'),(3134,6,76,2,'OREGANO YUSPE'),(3135,3,20,12,'OREGANO YUSPE'),(3136,2,73,27,'PALA DE CABO PLEGABLE BROOMY'),(3137,7,20,48,'PALA PARA RESIDUOS BROOMY'),(3138,2,46,19,'PALA PLASTICA CON GOMA BROOMY'),(3139,4,98,47,'PALETA DE CERDO SADIA'),(3140,3,115,2,'PALETA DE CERDO SADIA'),(3141,7,195,46,'PALETA FETEADA CERDOS Y CIA'),(3142,4,20,2,'PALITOS DE ARROZ DOS HERMANOS SABOR QUESO'),(3143,6,39,11,'PALITOS DE ARROZ DOS HERMANOS SABOR QUESO'),(3144,6,19,7,'PALITOS PAI'),(3145,5,86,27,'PALITOS PAI'),(3146,2,59,49,'PALITOS PAI'),(3147,2,36,49,'PALITOS PAI'),(3148,8,59,32,'PALITOS PARA BROCHETTES IBERIA'),(3149,5,79,1,'PALITOSDE MAIZ PAI'),(3150,6,30,28,'PALMERAS HOJALMAR'),(3151,3,68,46,'PALMITOS BAHIA EN TROZOS'),(3152,7,120,18,'PALMITOS BAHIA EN TROZOS'),(3153,8,112,24,'PALMITOS BAHIA ENTEROS'),(3154,8,206,13,'PALMITOS BAHIA ENTEROS'),(3155,5,84,44,'PALMITOS EN TROZOS CANNED FOOD'),(3156,2,47,17,'PALMITOS EN TROZOS CANNED FOOD'),(3157,2,76,26,'PALMITOS ENTEROS CANNED FOOD'),(3158,6,128,39,'PALMITOS ENTEROS CANNED FOOD'),(3159,2,39,38,'PAN ARABE SAN ALFONSO'),(3160,8,69,28,'PAN BIMBO ARTESANO'),(3161,7,37,30,'PAN BIMBO HAMBURGUESAS'),(3162,3,37,11,'PAN BIMBO PANCHOS'),(3163,2,56,21,'PAN BRIOCHE VAL MAIRA'),(3164,8,76,42,'PAN CENTENO CON INTEGRAL VAL MAIRA'),(3165,2,69,41,'PAN DE HAMBURGUESA LA TANA X 18'),(3166,8,67,14,'PAN DE MESA DON YEYO'),(3167,6,43,50,'PAN DE MESA DON YEYO'),(3168,8,65,33,'PAN DE VIENA LA TANA X 24'),(3169,8,21,13,'PAN DE VIENA VAL MAIRA'),(3170,3,71,41,'PAN DOBLE SALVADO DON YEYO'),(3171,8,80,29,'PAN DULCE ARCOR'),(3172,5,125,16,'PAN DULCE BAGLEY CON FRUTAS'),(3173,3,58,24,'PAN DULCE CON FRUTAS PRACTI PAN'),(3174,4,50,27,'PAN DULCE FRANCE'),(3175,8,50,47,'PAN DULCE PRINCIPITO'),(3176,2,80,9,'PAN DULCE VALENTE CHISPAS DULCE DE LECHE'),(3177,5,80,40,'PAN DULCE VALENTE CON CHIPS CHOCOLATE'),(3178,1,80,0,'PAN DULCE VALENTE CON FRUTAS'),(3179,4,80,32,'PAN DULCE VALENTE SIN FRUTAS'),(3180,7,54,6,'PAN FARGO SALVADO LIGHT'),(3181,7,121,29,'PAN INTEGRAL CON SALVADO VENEZIANA CORMILLOT'),(3182,4,74,0,'PAN INTEGRAL CORMILLOT VENEZIANA'),(3183,6,76,0,'PAN INTEGRAL TOTAL VAL MAIRA'),(3184,2,46,28,'PAN LACTAL BLANCO'),(3185,5,36,34,'PAN LACTAL DE HAMBURGUESAS'),(3186,5,70,13,'PAN LACTAL DOBLE INTEGRAL NATUPAN'),(3187,2,88,22,'PAN LACTAL LACTAL BLANCO'),(3188,8,48,11,'PAN LACTAL MULTICEREAL SAN ALFONSO'),(3189,5,39,17,'PAN LACTAL NOLY'),(3190,5,37,26,'PAN LACTAL PANCHO'),(3191,8,51,16,'PAN LACTAL SALVADO CHICO'),(3192,6,97,41,'PAN LACTAL SALVADO GRANDE'),(3193,4,42,12,'PAN LACTAL SALVADO SAN ALFONSO'),(3194,6,71,20,'PAN LACTAL SALVADO SAN ALFONSO'),(3195,7,37,24,'PAN LACTAL SAN ALFONSO'),(3196,6,86,39,'PAN LACTAL SESAMO VAL MAIRA'),(3197,6,63,26,'PAN LACTEADO DON YEYO'),(3198,6,65,25,'PAN LACTEADO VAL MAIRA'),(3199,6,63,8,'PAN LACTEADO VAL MAIRA'),(3200,6,105,24,'PAN LACTEADO VENEZIANA'),(3201,1,70,25,'PAN LACTEADO VENEZIANA'),(3202,5,86,21,'PAN MULTICEREAL CORMILLOT VENEZIANA'),(3203,1,86,15,'PAN MULTICEREAL NATUPAN'),(3204,2,86,16,'PAN MULTICEREAL VAL MAIRA'),(3205,3,49,41,'PAN PARA HAMBURGUESAS CON SESAMO VENEZIANA'),(3206,7,17,28,'PAN PARA HAMBURGUESAS LA TANA'),(3207,7,23,19,'PAN PARA HAMBURGUESAS SAN ALFONSO'),(3208,5,44,15,'PAN PARA HAMBURGUESAS VENEZIANA'),(3209,6,27,47,'PAN PARA LOMO SAN ALFONSO'),(3210,4,24,46,'PAN PARA PANCHOS SAN ALFONSO'),(3211,3,44,24,'PAN PARA PANCHOS VENEZIANA'),(3212,6,33,37,'PAN RALLADO JUMALA'),(3213,4,31,4,'PAN RALLADO MAMA COCINA'),(3214,6,325,29,'PAN RALLADO PREFERIDO'),(3215,3,75,35,'PAN RALLADO PREFERIDO'),(3216,6,15,48,'PAN RALLADO QUE RICO'),(3217,7,27,8,'PAN RALLADO SAN FRANCISCO'),(3218,3,63,32,'PAN SALVADO DOBLE VAL MAIRA'),(3219,1,63,24,'PAN SALVADO LIGHT VAL MAIRA'),(3220,4,75,17,'PAN SALVADO VAL MAIRA'),(3221,2,86,49,'PAN SEMILLAS Y CEREALES VAL MAIRA'),(3222,1,306,33,'PANCETA AHUMADA PIAMONTESA'),(3223,1,71,10,'PAPAS FRITAS CLASICAS QUENTO'),(3224,3,73,6,'PAPAS FRITAS FARM FRITES TRADICIONAL'),(3225,4,130,19,'PAPAS FRITAS FINCA BALCARCE'),(3226,7,148,32,'PAPAS FRITAS MC CAIN MINIONS'),(3227,5,100,31,'PAPAS FRITAS MC CAIN RUSTICAS'),(3228,3,120,13,'PAPAS FRITAS MC CAIN SMILES'),(3229,8,81,29,'PAPAS FRITAS MC CAIN TRADICIONAL'),(3230,7,250,11,'PAPAS FRITAS MC CAIN TRADICIONAL'),(3231,5,54,14,'PAPAS FRITAS MC CAIN TRADICIONAL'),(3232,4,75,20,'PAPAS FRITAS ONDULADAS QUENTO'),(3233,7,71,50,'PAPAS FRITAS PAI'),(3234,8,35,11,'PAPAS FRITAS PAI'),(3235,8,202,0,'PAPAS FRITAS PAI'),(3236,5,111,24,'PAPAS FRITAS PAI'),(3237,5,57,48,'PAPAS FRITAS QUENTO'),(3238,1,56,47,'PAPAS FRITAS QUENTO ASADO CRIOLLO'),(3239,2,65,34,'PAPAS FRITAS QUENTO ASADO CRIOLLO'),(3240,8,53,33,'PAPAS FRITAS QUENTO CHEDDAR'),(3241,7,57,50,'PAPAS FRITAS QUENTO JAMON SERRANO'),(3242,1,71,4,'PAPAS FRITAS QUENTO JAMON SERRANO'),(3243,5,65,31,'PAPAS FRITAS QUENTO KETCHUP'),(3244,6,53,10,'PAPAS FRITAS QUENTO KETCHUP'),(3245,5,48,45,'PAPAS FRITAS QUENTO PAY'),(3246,7,176,19,'PAPAS FRITAS RAPIPAP'),(3247,4,262,16,'PAPAS FRITAS SADIA'),(3248,6,176,3,'PAPAS FRITAS SIMPLOT'),(3249,8,89,40,'PAPAS NOISETTES MC CAIN ORIGINAL'),(3250,3,90,9,'PAPAS NOISETTES RAPIPAP'),(3251,5,56,28,'PAPEL HIGIENICO ELEGANTE H/SIMPLE 4X30'),(3252,7,48,38,'PAPEL HIGIENICO FELPITA'),(3253,2,73,8,'PAPEL HIGIENICO SANIDAD CLASICO'),(3254,1,48,41,'PAPEL HIGIENICO SANIDAD CLASICO'),(3255,2,63,50,'PAPEL HIGIENICO SANIDAD TEXTURADO'),(3256,5,44,0,'PAPEL HIGIENICO SANIDAD TEXTURADO'),(3257,4,58,9,'PAPEL HIGIENICO SCOTT DOBLE HOJA 20 MT'),(3258,6,48,30,'PAPEL HIGIENICO SCOTT SIMPLE HOJA X 30MT'),(3259,1,20,26,'PAPEL HIGIENICO VUAL BLANCO'),(3260,1,76,7,'PAPEL HIGIENICO VUAL DOBLE HOJA'),(3261,4,51,7,'PAPEL HIGIENICO VUAL DOBLE HOJA 20M'),(3262,5,61,11,'PAPEL HIGIENICO VUAL ECOLOGICO TEXTURADO'),(3263,4,43,26,'PAPEL HIGIENICO VUAL ECOLOGICO TEXTURADO'),(3264,3,18,42,'PAPEL HIGIENICO VUAL ECONOMICO'),(3265,7,101,47,'PAPEL HIGIENICO VUAL MAX'),(3266,5,350,33,'PAPEL LOMO IMPRESO'),(3267,4,77,11,'PASAS DE UVA CON CHOCOLATE ARCOR'),(3268,2,310,16,'PASAS DE UVA SIN SEMILLA DEAN FUNES'),(3269,5,48,11,'PASCUALINA CRIOLLA LA SALTENA'),(3270,7,35,11,'PASCUALINA DI PASCUALLE'),(3271,1,31,10,'PASCUALINA DON CELEDONIO'),(3272,6,48,16,'PASCUALINA HOJALDRADAS LA SALTENA'),(3273,3,48,1,'PASCUALINA LIGHT LA SALTENA'),(3274,5,48,13,'PASCUALINA MIX DE SEMILLAS LA SALTENA'),(3275,6,64,50,'PASCUALINA SIN GLUTEN LA SALTENA'),(3276,3,22,26,'PASO DE LOS TOROS  POMELO'),(3277,1,22,5,'PASO DE LOS TOROS FREE POMELO'),(3278,7,71,37,'PASO DE LOS TOROS LIMON/POME'),(3279,2,57,5,'PASTA DE ACEITUNAS NEGRAS SAN JUAN DE ULLUM'),(3280,1,66,50,'PASTA DE ACEITUNAS VERDES SAN JUAN DE ULLUM'),(3281,3,90,9,'PASTA DE MANI KING'),(3282,7,59,6,'PASTA DE MANI KING'),(3283,8,13,40,'PASTILLAS LA YAPA'),(3284,5,12,29,'PATE DE FOIE PALADINI'),(3285,6,13,13,'PATE DE FOIE SWIFT'),(3286,8,54,36,'PANALES HUGGIES ACTIVE SEC G'),(3287,3,52,10,'PANALES HUGGIES ACTIVE SEC XG'),(3288,3,57,46,'PANALES HUGGIES CLASSIC G'),(3289,1,63,41,'PANALES HUGGIES CLASSIC M'),(3290,1,115,30,'PANALES HUGGIES CLASSIC MEGAPACK XG'),(3291,2,115,7,'PANALES HUGGIES CLASSIC MEGAPACK XXG'),(3292,7,46,2,'PANALES HUGGIES CLASSIC XG'),(3293,8,47,10,'PANALES HUGGIES CLASSIC XXG'),(3294,7,71,17,'PANALES NONISEC ULTRA PARA ADULTOS XG'),(3295,2,80,37,'PANALES PAMPERS BABYSAN SUPERSEC G'),(3296,2,80,41,'PANALES PAMPERS BABYSAN SUPERSEC M'),(3297,7,86,40,'PANALES PAMPERS BABYSAN SUPERSEC P'),(3298,5,16,49,'PANO ECONOMICO BROOMY'),(3299,2,63,17,'PANO LIMPIADOR MULTIUSO BROOMY'),(3300,3,73,5,'PANO LIMPIADOR MULTIUSO COLORES SUN SHINE'),(3301,6,3,1,'PANUELOS CANDELA'),(3302,6,52,24,'PEGAMENTO EL PULPITO'),(3303,4,71,9,'PEGAMENTO FASTIX TRANSPARENTE'),(3304,7,73,47,'PEGAMENTO POXILINA 10MIN'),(3305,8,51,42,'PEGAMENTO POXIPOL TRANSPARENTE'),(3306,5,55,15,'PEINE ANCHO MAS'),(3307,7,24,33,'PEINE DE BOLSILLO MAS'),(3308,6,41,32,'PELADILLAS DE ALMENDRAS LHERITIER'),(3309,8,247,39,'PEPINILLOS EL GRINGO'),(3310,1,138,14,'PEPINILLOS EL GRINGO'),(3311,5,88,32,'PEPINILLOS EN VINAGRE SAN JUAN DE ULLUM'),(3312,2,63,10,'PEPSI BLACK'),(3313,3,86,35,'PEPSI BLACK'),(3314,4,36,44,'PEPSI BLACK'),(3315,1,40,24,'PEPSI BLACK LATA'),(3316,1,36,27,'PEPSI COLA'),(3317,3,63,14,'PEPSI COLA'),(3318,1,86,41,'PEPSI COLA'),(3319,5,70,30,'PEPSI COLA BLACK RETORNABLE'),(3320,8,102,39,'PEPSI COLA DESCARTABLE'),(3321,8,36,34,'PEPSI COLA LIGHT'),(3322,7,86,5,'PEPSI COLA LIGHT DESCARTABLE'),(3323,8,70,19,'PEPSI COLA RETORNABLE'),(3324,7,63,38,'PEPSI LIGHT'),(3325,6,86,9,'PEPSI MAX'),(3326,1,63,29,'PEPSI MAX'),(3327,7,126,2,'PERAS EN MITADES BC'),(3328,6,47,8,'PERAS EN MITADES COPA DE ORO'),(3329,6,165,46,'PERAS EN MITADES LA CAMPAGNOLA'),(3330,6,55,26,'PERCHAS PLASTICAS BROOMY'),(3331,3,125,33,'PEREJIL DEAN FUNES'),(3332,2,44,8,'PEREJIL DESHIDRATADO ALICANTE'),(3333,8,36,19,'PEREJIL DESHIDRATADO VELEZ'),(3334,2,44,21,'PERFUME PARA ROPA MAVAX'),(3335,1,23,13,'PESTO VELEZ'),(3336,4,13,31,'PICADILLO DE CARNE PALADINI'),(3337,7,22,38,'PICADILLO SWIFT'),(3338,5,105,45,'PICKLES EL GRINGO'),(3339,4,87,14,'PICKLES EL GRINGO'),(3340,6,35,28,'PICKLES EL GRINGO'),(3341,4,68,4,'PICKLES LA TOTI'),(3342,5,224,50,'PILAS DURACELL AA'),(3343,4,137,26,'PILAS DURACELL AA'),(3344,4,34,27,'PILAS DURACELL AA'),(3345,7,70,42,'PILAS DURACELL AA'),(3346,8,70,46,'PILAS DURACELL AAA'),(3347,2,41,48,'PILAS DURACELL AAA'),(3348,1,71,47,'PILAS DURACELL C2 MEDIANA'),(3349,5,17,15,'PILAS ENERGIZER AA'),(3350,7,22,15,'PILAS ENERGIZER AAA'),(3351,2,43,36,'PIMENTON ALICANTE'),(3352,3,128,33,'PIMENTON DEAN FUNES'),(3353,2,24,20,'PIMENTON DULCE ALICANTE'),(3354,1,18,15,'PIMENTON EXTRA VELEZ'),(3355,6,35,0,'PIMENTON EXTRA VELEZ'),(3356,1,119,32,'PIMENTON SUELTO'),(3357,4,234,2,'PIMENTON VELEZ'),(3358,8,21,32,'PIMENTON YUSPE'),(3359,1,661,15,'PIMIENTA BLANCA EN GRANO VELEZ'),(3360,4,32,37,'PIMIENTA BLANCA EN GRANO VELEZ'),(3361,8,38,3,'PIMIENTA BLANCA GRANO ALICANTE'),(3362,2,41,12,'PIMIENTA BLANCA MOLIDA ALICANTE'),(3363,7,275,38,'PIMIENTA BLANCA MOLIDA DEAN FUNES'),(3364,2,322,50,'PIMIENTA BLANCA MOLIDA SUELTO'),(3365,3,60,19,'PIMIENTA BLANCA MOLIDA VELEZ'),(3366,5,661,36,'PIMIENTA BLANCA MOLIDA VELEZ'),(3367,8,32,15,'PIMIENTA BLANCA MOLIDA VELEZ'),(3368,7,66,8,'PIMIENTA BLANCA MOLIDA YUSPE'),(3369,7,25,40,'PIMIENTA NEGRA EN GRANO ALICANTE'),(3370,3,452,19,'PIMIENTA NEGRA EN GRANO VELEZ'),(3371,5,21,36,'PIMIENTA NEGRA EN GRANO VELEZ'),(3372,8,25,44,'PIMIENTA NEGRA MOLIDA ALICANTE'),(3373,3,257,10,'PIMIENTA NEGRA MOLIDA DEAN FUNES'),(3374,1,282,16,'PIMIENTA NEGRA MOLIDA SUELTO'),(3375,6,21,38,'PIMIENTA NEGRA MOLIDA VELEZ'),(3376,2,452,9,'PIMIENTA NEGRA MOLIDA VELEZ'),(3377,3,41,24,'PIMIENTOS MORRONES AGROSABOR'),(3378,5,112,48,'PIMIENTOS MORRONES AGROSABOR'),(3379,7,59,50,'PIMIENTOS MORRONES CANNED FOOD'),(3380,2,182,31,'PIMMS'),(3381,5,5,14,'PINZA DE DEPILAR XZN MODELO H COD. 400'),(3382,4,51,12,'PIONONO BIMBO'),(3383,3,37,49,'PIONONO DULCE LYVIAN'),(3384,8,60,32,'PIONONO FARGO'),(3385,2,37,21,'PIONONO SALADO LYVIAN'),(3386,6,46,34,'PIONONO VENEZIANA'),(3387,8,102,36,'PIZZA DE MOZZARELLA HORNO CASERO'),(3388,2,25,12,'PIZZETAS BIMBO X 2'),(3389,2,23,31,'PIZZETAS LA TANA CHICAS 2'),(3390,1,18,34,'PIZZETAS LA TANA MEDIANAS X 2'),(3391,2,24,38,'PIZZETAS MIA CUCINA'),(3392,1,162,37,'PINA COLADA MOONLIGHT'),(3393,3,29,33,'PINA COLADA MOONLIGHT PETERS'),(3394,8,29,34,'PLATO DE VIDRIO HONDO RIGOLLEAU'),(3395,2,25,20,'PLATO DE VIDRIO PLAYO VENEZIA RIGOLLEAU'),(3396,8,32,13,'PLATO HONDO GALAXIA RIGOLLEAU'),(3397,7,31,3,'PLATO PLAYO GALAXIA RIGOLLEAU'),(3398,7,34,31,'PLATO PLAYO RIGOLLEAU'),(3399,2,28,21,'PLATO PLAYO TILCARA VIDRIO FLINT RIGOLLEAU'),(3400,1,53,10,'POETT AUTO REPUESTO AIR'),(3401,4,50,27,'POETT AUTO REPUESTO EXTREME'),(3402,1,50,22,'POETT AUTO REPUESTO GLAM'),(3403,7,63,30,'POETT HOME STYLE HOJAS DE TE VERDE'),(3404,7,33,10,'POETT INTENSE FULL BEBE'),(3405,3,34,38,'POETT INTENSE FULL PRIMAVERA'),(3406,3,27,7,'POLENTA EGRAN'),(3407,6,52,29,'POLENTA EGRAN'),(3408,7,13,46,'POLENTA LAYA'),(3409,4,39,27,'POLENTA PRESTO PRONTA'),(3410,1,74,22,'POLENTA PRESTO PRONTA'),(3411,3,30,46,'POLENTA SUPER RAPIDA EGRAN'),(3412,2,33,27,'POLVO DE HORNEAR ROYAL'),(3413,7,53,7,'POLVO DE HORNEAR ROYAL'),(3414,7,42,45,'POLVO LIMPIADOR ORLEP'),(3415,8,17,5,'POLVO PARA HORNEAR VELEZ'),(3416,7,190,23,'POLVO PARA HORNEAR VELEZ'),(3417,8,48,39,'POMADA COBRA MARRON'),(3418,3,69,38,'POMADA COBRA NEGRO'),(3419,1,62,39,'POMADA WASSINGTON CREMA BLANCA CUERO Y CUERINA'),(3420,5,50,45,'POP CORN MARLOMS DULCE'),(3421,1,50,39,'POP CORN MARLOMS MANTECA'),(3422,8,69,38,'POROTOS ALUBIA EGRAN'),(3423,4,47,28,'POROTOS ALUBIA LA CAMPAGNOLA'),(3424,6,20,19,'POROTOS ALUBIA LA NONNA'),(3425,8,262,48,'POROTOS ALUBIA LAYA'),(3426,8,42,8,'POROTOS ALUBIAS PRODEMAN'),(3427,1,62,46,'POROTOS BOLITA EGRAN'),(3428,5,61,24,'POROTOS COLORADOS EGRAN'),(3429,7,29,19,'POROTOS COLORADOS INALPA'),(3430,1,16,22,'POROTOS COLORADOS LAYA'),(3431,1,29,9,'POROTOS INALPA'),(3432,5,62,32,'POROTOS NEGROS EGRAN'),(3433,1,25,17,'POROTOS NEGROS INALPA'),(3434,4,19,10,'POROTOS NEGROS LAYA'),(3435,5,60,9,'POROTOS PALLARES LAYA'),(3436,8,46,17,'POROTOS SUELTOS'),(3437,7,43,16,'POSTRE DANETTE  DE DULCE DE LECHE'),(3438,5,41,19,'POSTRE DANETTE CAFE CARAMEL MACCHIATO'),(3439,4,43,28,'POSTRE DANETTE CHOCOLATE'),(3440,5,57,40,'POSTRE DANETTE CHOCOLATE SUIZO'),(3441,1,47,37,'POSTRE DANETTE COLECCION CHOCOLATE BELGICA'),(3442,1,47,7,'POSTRE DANETTE COLECCION CHOCOLATE Y AVELLANAS IT.'),(3443,4,47,50,'POSTRE DANETTE COLECCION VAINILLA MADAGASCAR'),(3444,8,43,37,'POSTRE DANETTE CREMA AMERICANA'),(3445,1,41,42,'POSTRE DANETTE LA COPA CHOCOLATE C/CREMA'),(3446,7,41,5,'POSTRE DANETTE LA COPA DULCE DE LECHE C/CREMA'),(3447,7,27,11,'POSTRE DE MANI LHERITIER TRADICIONAL'),(3448,3,26,45,'POSTRE GODET DE CHOCOLATE'),(3449,4,21,2,'POSTRE GODET DULCE DE LECHE'),(3450,6,21,0,'POSTRE GODET VAINILLA'),(3451,8,26,22,'POSTRE ILOLAY KIDS CHOCOLATE'),(3452,8,17,13,'POSTRE ILOLAY KIDS DULCE DE LECHE'),(3453,8,26,45,'POSTRE ILOLAY KIDS VAINILLA'),(3454,3,17,46,'POSTRE ILOLAY KIDS VAINILLA CON DULCE DE LECHE'),(3455,5,28,21,'POSTRE ROYAL CARAMELO'),(3456,1,28,32,'POSTRE ROYAL CHOCOLATE'),(3457,2,27,47,'POSTRE ROYAL DULCE DE LECHE'),(3458,5,28,28,'POSTRE ROYAL FRUTILLA'),(3459,5,31,17,'POSTRE ROYAL LIGHT CHOCOLATE'),(3460,4,31,40,'POSTRE ROYAL LIGHT DULCE DE LECHE'),(3461,2,31,4,'POSTRE ROYAL LIGHT VAINILLA'),(3462,2,28,34,'POSTRE ROYAL VAINILLA'),(3463,5,57,37,'POSTRE SER CHOCOLATE CON MENTA'),(3464,5,57,43,'POSTRE SER TENTACION CHOCOLATE'),(3465,2,57,24,'POSTRE SER TENTACION CHOCOLATE CON AVELLANAS'),(3466,8,57,39,'POSTRE SER TENTACION DULCE DE LECHE'),(3467,2,57,39,'POSTRE SER TENTACION VAINILLA'),(3468,4,23,1,'POSTRE SERENITO CHOCOLATE COOL WAU'),(3469,6,50,16,'POSTRE SERENITO CRASH CHOCOLATE'),(3470,6,68,44,'POSTRE SERENITO CRASH VAINILLA'),(3471,3,45,15,'POSTRE SERENITO DUPLA CHOC. Y D. LECHE LA SERENISI'),(3472,8,40,30,'POSTRE SERENITO DUPLA VAIN./D.LECHE LA SERENISIMA'),(3473,2,46,5,'POSTRE SERENITO LA COPA  CHOCOLATE  C/CREMA'),(3474,3,42,20,'POSTRE SERENITO VAINILLA C/BOMBAS CR. LA SERENISIM'),(3475,7,42,31,'POSTRE SERENITO VAINILLA C/ROCKLETS LA SERENISIMA'),(3476,2,46,26,'POSTRE SERENITO VAINILLA COOL LA SERENISIMA'),(3477,4,23,35,'POSTRE SERENITO VAINILLA COOL WAU'),(3478,1,44,5,'POSTRE SERENITO WAU! DULCE DE LECHE'),(3479,2,36,15,'POSTRE SHIMY DE VAINILLA SANCOR'),(3480,2,49,42,'POSTRE SHIMY VAINILLA C/ROKETS SANCOR'),(3481,5,39,41,'POWERADE FRUTAS TROPICALES'),(3482,8,58,47,'POWERADE FRUTAS TROPICALES'),(3483,8,39,39,'POWERADE MANZANA'),(3484,2,64,35,'POWERADE MANZANA GDE'),(3485,1,64,31,'POWERADE MOUNTAIN BLAST'),(3486,2,39,49,'POWERADE MOUNTAIN BLAST'),(3487,8,39,8,'POWERADE MOUNTAIN BLAST ZERO'),(3488,5,39,44,'POWERADE NARANJA'),(3489,8,36,34,'POWERADE POMELO ZERO'),(3490,7,82,49,'PRE MEZCLA BIZCOCHUELO NARANJA FEINKO'),(3491,1,82,7,'PRE MEZCLA GALLETITAS CHOCOLATE FEINKO'),(3492,8,82,41,'PRE MEZCLA GALLETITAS VAINILLA FEINKO'),(3493,6,65,35,'PRE MEZCLA PAN FEINKO'),(3494,6,49,8,'PRE MEZCLA PARA PIZZA LUCCHETTI'),(3495,1,56,26,'PRE MEZCLA PARA NOQUIS LUCCHETTI'),(3496,2,148,8,'PRE MEZCLA SIN TACC PARA PAN'),(3497,7,34,42,'PRE PIZZA  LA TANA TOMATE X 2'),(3498,2,42,41,'PRE PIZZA CON TOMATE SAN ALFONSO'),(3499,3,41,37,'PRE PIZZA COPETIN LA TANA X 12'),(3500,5,48,40,'PRE PIZZA FARGO'),(3501,1,18,28,'PRE PIZZA LA TANA'),(3502,8,34,27,'PRE PIZZA LA TANA BLANCA X 2'),(3503,7,138,25,'PRE PIZZA LA TANA X 10'),(3504,5,70,25,'PRE PIZZA LA TANA X 5'),(3505,6,17,26,'PRE PIZZA MIA CUCINA'),(3506,6,32,14,'PRE PIZZA MIA CUCINA'),(3507,6,42,29,'PRE PIZZA MIA CUCINA'),(3508,7,64,36,'PRE PIZZA VENEZIANA X 2'),(3509,5,40,41,'PRESERVATIVO PRIME ANATOMICO VERDE'),(3510,3,40,41,'PRESERVATIVO PRIME TACHAS NEGRO PLACER EXTREMO'),(3511,3,40,4,'PRESERVATIVO PRIME TEXTURADO ROJO'),(3512,6,71,36,'PRESTOBARBA 3 GILLETTE'),(3513,2,44,16,'PRESTOBARBA GILLETTE ULTRAGRIP'),(3514,5,29,38,'PRESTOBARBA MINORA II'),(3515,2,35,19,'PRESTOBARBA ULTRAGRIP VENUS'),(3516,1,55,43,'PRITTY LIMON'),(3517,1,50,35,'PRITTY LIMON'),(3518,8,40,31,'PRITTY LIMON'),(3519,5,28,8,'PRITTY LIMON'),(3520,4,60,8,'PRITTY LIMON CERO'),(3521,6,50,49,'PRITTY LIMON CERO'),(3522,2,67,39,'PRITTY LIMON GRANDE'),(3523,6,30,28,'PROMO JUGO BC MAS ALFAJOR TATIN'),(3524,3,230,2,'PROTECTOR SOLAR NIVEA SUN FPS 15'),(3525,1,14,1,'PROTECTORES DIARIOS ANATOMICOS C/DES. DONCELLA'),(3526,2,31,39,'PROTECTORES DIARIOS CALIPSO ANATOMICOS C/MANZ.'),(3527,1,38,5,'PROTECTORES DIARIOS CALIPSO COLA LESS C/MANZ'),(3528,1,38,31,'PROTECTORES DIARIOS CALIPSO DUAL C/MANZ'),(3529,7,27,1,'PROTECTORES DIARIOS CAREFREE PROTECCIONCOMPACT  SP'),(3530,5,15,0,'PROTECTORES DIARIOS DONCELLA S/ALAS C/DESOD.'),(3531,4,16,21,'PROTECTORES DIARIOS DONCELLA S/ALAS S/DESOD.'),(3532,2,41,12,'PROTECTORES DIARIOS NOSOTRAS LARGOS'),(3533,4,53,50,'PROTECTORES DIARIOS NOSOTRAS MULTIESTILO'),(3534,7,35,6,'PROTECTORES DIARIOS NOSOTRAS NATURAL'),(3535,1,54,46,'PROVENZAL ALICANTE'),(3536,7,29,36,'PROVENZAL ALICANTE'),(3537,1,136,30,'PROVENZAL DEAN FUNES'),(3538,6,161,44,'PROVENZAL SUELTO'),(3539,8,48,26,'PROVENZAL VELEZ'),(3540,8,256,40,'PROVENZAL VELEZ'),(3541,3,26,31,'PROVENZAL VELEZ'),(3542,1,75,49,'PROVENZAL YUSPE'),(3543,2,27,45,'PROVENZAL YUSPE'),(3544,8,92,21,'PULPA DE ANANA BAHIA'),(3545,3,76,11,'PULPA DE DURAZNO BAHIA'),(3546,4,95,4,'PULPA DE FRUTILLA BAHIA'),(3547,2,54,42,'PULPA DE MANGO BAHIA'),(3548,6,50,16,'PULPA DE MARACUYA BAHIA'),(3549,2,75,11,'PULPA DE MARACUYA BAHIA'),(3550,6,29,21,'PULPA DE TOMATE ARCOR'),(3551,6,30,4,'PULPA DE TOMATE LA CAMPAGNOLA'),(3552,6,32,18,'PULPA DE TOMATE SALSATI'),(3553,6,73,37,'PURE DE PAPAS DE LA HUERTA MAGGI'),(3554,6,39,15,'PURE DE PAPAS FLEISS'),(3555,5,48,33,'PURE DE PAPAS KNORR'),(3556,8,45,11,'PURE DE PAPAS MAGGI LA HUERTA'),(3557,4,34,8,'PURE DE TOMATE ARCOR'),(3558,7,110,15,'PURE DE TOMATE CAROYENSE'),(3559,6,25,19,'PURE DE TOMATE CAROYENSE'),(3560,2,7,42,'PURE DE TOMATE DE LA HUERTA'),(3561,1,15,6,'PURE DE TOMATE DE LA HUERTA'),(3562,1,30,32,'PURE DE TOMATE DE LA HUERTA'),(3563,7,39,14,'PURE DE TOMATE LA CAMPAGNOLA'),(3564,7,13,47,'PURE DE TOMATE LA COLINA'),(3565,8,30,14,'PURE DE TOMATE MI PURE'),(3566,3,9,19,'PURE DE TOMATE PONTEVEDRA'),(3567,2,8,0,'PURE DE TOMATE SABORES DEL VALLE'),(3568,4,14,41,'PURE DE TOMATE SABORES DEL VALLE'),(3569,6,37,50,'PURE DE TOMATE SALSATI'),(3570,2,41,6,'PURE DE ZAPALLO FLEISS'),(3571,5,45,15,'QUALY CREMOSA'),(3572,7,56,46,'QUENTO SNACKS BATATAS'),(3573,7,57,44,'QUENTO SNACKS NACHOS QUESO'),(3574,4,84,4,'QUESERISIMOS EN HEBRAS PROVOLONE Y MOZZARELLA L S'),(3575,4,80,37,'QUESO BLANCO CLASICO TREGAR'),(3576,1,91,9,'QUESO BLANCO LIGHT TREGAR'),(3577,5,110,43,'QUESO BRIE ESTILO REAL'),(3578,7,155,12,'QUESO CAMEMBERT ESTILO REAL'),(3579,3,117,34,'QUESO CASANCREM CLASICO ENTERO'),(3580,7,80,1,'QUESO CASANCREM CLASICO ENTERO'),(3581,5,66,34,'QUESO CASANCREM ENTERO POTECITO'),(3582,7,80,44,'QUESO CASANCREM LIGHT CREMOSO'),(3583,8,117,43,'QUESO CASANCREM LIGHT CREMOSO'),(3584,7,65,13,'QUESO CASANCREM LIGHT POTECITO'),(3585,7,85,42,'QUESO CASANCREM REDUCIDO LACTOSA LA SERENISIMA'),(3586,4,412,5,'QUESO CHEDDAR LA SERENISIMA'),(3587,2,355,38,'QUESO CHEDDAR LA SERENISIMA'),(3588,4,69,35,'QUESO CREMA CLASICO LA NUEVA'),(3589,5,55,35,'QUESO CREMA DOBLE LA PAULINA'),(3590,7,77,5,'QUESO CREMA LIGHT LA PAULINA'),(3591,7,645,22,'QUESO CREMA TRADICIONAL BOLSA LA PAULINA'),(3592,4,73,37,'QUESO CREMA TRADICIONAL LA PAULINA'),(3593,8,379,11,'QUESO CREMON FRACCIONADO LA SERENISIMA'),(3594,7,378,42,'QUESO CREMON LA SERENISIMA'),(3595,7,388,27,'QUESO CREMON LA SERENISIMA'),(3596,6,354,8,'QUESO CREMON LIGHT FRACCION'),(3597,1,335,35,'QUESO CREMON LIGHT LA SERENISIMA'),(3598,2,373,1,'QUESO CREMON LIGHT LA SERENISIMA'),(3599,5,243,22,'QUESO CREMOSO ARMONIA SERENISIMA'),(3600,6,214,30,'QUESO CREMOSO ARMONIA SERENISIMA'),(3601,7,294,33,'QUESO CREMOSO ARROYO CABRAL'),(3602,1,243,12,'QUESO CREMOSO ARROYO CABRAL'),(3603,7,218,12,'QUESO CREMOSO ILOLAY'),(3604,4,194,37,'QUESO CREMOSO ILOLAY'),(3605,2,215,36,'QUESO CREMOSO LA NUEVA'),(3606,7,220,33,'QUESO CREMOSO LA PAULINA'),(3607,6,189,9,'QUESO CREMOSO LA PAULINA'),(3608,7,135,10,'QUESO CREMOSO LA VICA'),(3609,5,121,38,'QUESO CREMOSO LA VICA'),(3610,5,270,36,'QUESO DANBO LA SERENISIMA'),(3611,1,244,41,'QUESO DANBO LA SERENISIMA'),(3612,5,73,30,'QUESO DE CERDO LA TIROLESA'),(3613,7,76,28,'QUESO FINLANDIA BALANCE LIGHT'),(3614,4,112,30,'QUESO FINLANDIA BALANCE LIGHT'),(3615,4,561,40,'QUESO FINLANDIA BOLSA LA SERENISIMA'),(3616,1,57,34,'QUESO FINLANDIA CAESAR LIGHT LA SERENISIMA'),(3617,7,57,43,'QUESO FINLANDIA CALABRESA LIGHT'),(3618,7,57,46,'QUESO FINLANDIA CHAMPIGNON Y JAMON LIGHT'),(3619,2,65,1,'QUESO FINLANDIA CHEDDAR LIGHT LA SERENISIMA'),(3620,7,110,6,'QUESO FINLANDIA CLASICO LA SERENISIMA'),(3621,2,73,21,'QUESO FINLANDIA CLASICO LA SERENISIMA'),(3622,1,73,5,'QUESO FINLANDIA GRUYERE LIGHT LA SERENISIMA'),(3623,8,110,5,'QUESO FINLANDIA LIGHT LA SERENISIMA'),(3624,2,73,13,'QUESO FINLANDIA LIGHT LA SERENISIMA'),(3625,3,75,3,'QUESO FINLANDIA PARMESANO LIGHT LA SERENISIMA'),(3626,8,69,41,'QUESO FINLANDIA SALMON'),(3627,4,409,11,'QUESO FONTINA ARROYO CABRAL'),(3628,5,479,17,'QUESO FONTINA ARROYO CABRAL'),(3629,5,153,7,'QUESO FONTINA SANCOR'),(3630,5,481,29,'QUESO FYMBO ESTILO REAL'),(3631,7,597,6,'QUESO FYMBO ESTILO REAL'),(3632,8,87,0,'QUESO GENOVES LA NUEVA CHEDDAR'),(3633,5,397,25,'QUESO HOLANDA ARROYO CABRAL'),(3634,5,454,32,'QUESO HOLANDA ARROYO CABRAL'),(3635,2,60,22,'QUESO ILOLAY UNTABLE 4 QUESOS'),(3636,3,60,36,'QUESO ILOLAY UNTABLE BLUE CHEESE'),(3637,3,60,14,'QUESO ILOLAY UNTABLE CLASICO'),(3638,1,60,2,'QUESO ILOLAY UNTABLE FINAS HIERBAS'),(3639,4,60,18,'QUESO ILOLAY UNTABLE GRUYERE'),(3640,6,60,18,'QUESO ILOLAY UNTABLE JAMON'),(3641,5,41,33,'QUESO ILOLAY UNTABLE PORT SALUT CLASICO'),(3642,7,41,5,'QUESO ILOLAY UNTABLE PORT SALUT LIGHT'),(3643,3,105,39,'QUESO LA SERENISIMA EN HEBRAS 4 QUESOS PROV, MOZZ,'),(3644,5,105,19,'QUESO LA SERENISIMA EN HEBRAS AZUL, REGG. Y MOZZ.'),(3645,8,77,36,'QUESO MASCARPONE LA SERENISIMA'),(3646,4,86,12,'QUESO MASCARPONE TREGAR'),(3647,5,81,1,'QUESO MENDICRIM BIEN CREMOSO SANCOR'),(3648,5,81,32,'QUESO MENDICRIM EL ORIGINAL SANCOR'),(3649,7,81,16,'QUESO MENDICRIM LIGHT CREMOSO SANCOR'),(3650,8,442,42,'QUESO MENDICRIM ORIGINAL'),(3651,1,199,42,'QUESO MOZARELLA ARROYO CABRAL'),(3652,2,175,33,'QUESO MOZARELLA ARROYO CABRAL'),(3653,4,200,7,'QUESO MOZARELLA CLEF'),(3654,2,179,14,'QUESO MOZARELLA CLEF'),(3655,6,155,23,'QUESO MOZARELLA LA ESPERANZA'),(3656,8,165,1,'QUESO MOZARELLA LA ESPERANZA'),(3657,4,885,17,'QUESO MOZARELLA LA ESPERANZA'),(3658,5,273,47,'QUESO MOZARELLA LA NUEVA'),(3659,6,172,44,'QUESO MOZZARELLA EMPERADOR'),(3660,1,196,11,'QUESO MOZZARELLA EMPERADOR'),(3661,8,378,12,'QUESO PARRILLERO ARROYO CABRAL'),(3662,1,237,24,'QUESO PATEGRAS BARRA ARROYO CABRAL'),(3663,8,279,44,'QUESO PATEGRAS BARRA ARROYO CABRAL'),(3664,3,455,25,'QUESO PATEGRAS LA SERENISIMA'),(3665,5,430,22,'QUESO PATEGRAS LA SERENISIMA'),(3666,6,153,9,'QUESO PATEGRAS SANCOR TROZO'),(3667,5,294,20,'QUESO PORT SALUT ESTILO REAL'),(3668,6,334,13,'QUESO PORT SALUT ESTILO REAL'),(3669,1,363,28,'QUESO PORT SALUT FRACCION LA SERENISIMA'),(3670,2,373,15,'QUESO PORT SALUT FRACCIONADO LA SERENISIMA'),(3671,4,251,25,'QUESO PORT SALUT LA NUEVA'),(3672,2,270,32,'QUESO PORT SALUT LA NUEVA'),(3673,8,201,36,'QUESO PORT SALUT LA PAULINA'),(3674,7,175,21,'QUESO PORT SALUT LA PAULINA'),(3675,3,62,11,'QUESO PORT SALUT LIGHT  SANCOR'),(3676,2,457,43,'QUESO PORT SALUT LIGHT FRACCION LA SERENISIMA'),(3677,3,937,12,'QUESO PORT SALUT LIGHT INDIVIDUAL SANCOR'),(3678,4,451,48,'QUESO PORT SALUT LIGHT LA SERENISIMA'),(3679,7,62,2,'QUESO PORT SALUT TRADICIONAL SANCOR'),(3680,5,85,42,'QUESO PORT SALUT UNTABLE LA SERENISIMA'),(3681,6,75,37,'QUESO PORT SALUT UNTABLE LIGHT LA SERENISIMA'),(3682,7,299,22,'QUESO PROVOLETA COND. WINDY'),(3683,5,307,44,'QUESO PROVOLONE ARROYO CABRAL'),(3684,5,277,31,'QUESO PROVOLONE ARROYO CABRAL'),(3685,2,86,20,'QUESO QUESABORES SANCOR EN HEBRAS CUATRO QUESOS'),(3686,5,91,5,'QUESO QUESABORES SANCOR EN HEBRAS LIGHT 4 QUESOS'),(3687,4,104,19,'QUESO QUESABORES SANCOR EN HEBRAS PROVOLONE&PATEGR'),(3688,7,84,29,'QUESO RALLADO ILOLAY'),(3689,1,29,44,'QUESO RALLADO ILOLAY'),(3690,8,563,3,'QUESO RALLADO ILOLAY INDIVIDUAL'),(3691,2,42,21,'QUESO RALLADO LA PAULINA'),(3692,5,128,24,'QUESO RALLADO LA PAULINA'),(3693,6,81,12,'QUESO RALLADO LA QUESERA'),(3694,4,23,21,'QUESO RALLADO LA QUESERA'),(3695,5,83,23,'QUESO RALLADO LA SERENISIMA'),(3696,3,37,1,'QUESO RALLADO LA SERENISIMA'),(3697,6,139,8,'QUESO RALLADO LA SERENISIMA PURO REGGIANITO'),(3698,1,102,27,'QUESO RALLADO LIGHT LA SERENISIMA'),(3699,3,83,30,'QUESO RALLADO SANCOR REGGIANITO TRADICIONAL'),(3700,5,32,41,'QUESO RALLADO SANCOR REGGIANITO TRADICIONAL'),(3701,2,33,2,'QUESO RALLADO SANTA BRIGIDA'),(3702,3,298,0,'QUESO REGGIANITO ARROYO CABRAL'),(3703,2,333,43,'QUESO REGGIANITO ARROYO CABRAL'),(3704,5,431,37,'QUESO REGIANITO ILOLAY'),(3705,2,481,32,'QUESO REGIANITO ILOLAY'),(3706,1,300,24,'QUESO ROMANITO ESTAC ARROYO CABRAL'),(3707,7,296,6,'QUESO ROMANITO ESTAC ARROYO CABRAL'),(3708,1,271,13,'QUESO ROQUEFORT ALLOA'),(3709,3,351,39,'QUESO ROQUEFORT EMPERADOR'),(3710,4,300,28,'QUESO ROQUEFORT EMPERADOR'),(3711,8,309,26,'QUESO ROQUEFORT LA QUESERA'),(3712,8,318,34,'QUESO ROQUEFORT LA QUESERA'),(3713,7,532,47,'QUESO SAINT PAUILIN FRACCIONADO LA SERENISIMA'),(3714,2,529,39,'QUESO SARDO ARROYO CABRAL'),(3715,8,486,39,'QUESO SARDO ARROYO CABRAL'),(3716,2,281,42,'QUESO SARDO EMPERADOR'),(3717,8,327,4,'QUESO SARDO EMPERADOR'),(3718,5,622,33,'QUESO SARDO FRACCIONADO LA SERENISIMA'),(3719,4,407,18,'QUESO SARDO LA NUEVA'),(3720,2,358,18,'QUESO SARDO LA NUEVA'),(3721,7,152,33,'QUESO SARDO SANCOR TROZO'),(3722,6,268,24,'QUESO SBRINZ ARROYO CABRAL'),(3723,2,258,21,'QUESO SBRINZ ARROYO CABRAL'),(3724,5,149,14,'QUESO SENDA LA PAULINA'),(3725,8,207,35,'QUESO SENDA LA PAULINA'),(3726,1,59,36,'QUESO THOLEM TENTACIONES 4 QUESOS'),(3727,8,59,34,'QUESO THOLEM TENTACIONES AZUL ESTILO FRANCES'),(3728,5,59,24,'QUESO THOLEM TENTACIONES CHEDDAR'),(3729,8,59,20,'QUESO THOLEM TENTACIONES CLASICO'),(3730,7,59,40,'QUESO THOLEM TENTACIONES CREMA & CEBOLLA'),(3731,2,59,39,'QUESO THOLEM TENTACIONES JAMON DE LA SIERRA'),(3732,6,59,42,'QUESO THOLEM TENTACIONES LIGHT 4 QUESOS'),(3733,2,59,33,'QUESO THOLEM TENTACIONES LIGHT AZUL ESTILO FRANCES'),(3734,5,59,2,'QUESO THOLEM TENTACIONES LIGHT CLASICO'),(3735,8,59,8,'QUESO THOLEM TENTACIONES LIGHT JAMON DE LA SIERRA'),(3736,5,59,11,'QUESO THOLEM TENTACIONES SALAME MILAN'),(3737,3,413,42,'QUESO TYBO ESTILO REAL'),(3738,4,333,0,'QUESO TYBO ESTYLO REAL'),(3739,2,252,34,'QUESO TYBO FORTUNA'),(3740,1,324,19,'QUESO TYBO FORTUNA'),(3741,5,276,16,'QUESO TYBO ILOLAY'),(3742,1,335,35,'QUESO TYBO ILOLAY'),(3743,3,350,10,'QUESO TYBO PATEGRAS A CABRAL'),(3744,8,423,28,'QUESO TYBO PATEGRAS A CABRAL'),(3745,8,68,8,'QUESO UNTABLE 4 QUESOS LA PAULINA'),(3746,4,68,25,'QUESO UNTABLE AZUL LA PAULINA'),(3747,8,71,42,'QUESO UNTABLE CHEDDAR LA PAULINA'),(3748,5,68,43,'QUESO UNTABLE CLASICO LA PAULINA'),(3749,4,74,48,'QUESO UNTABLE CREMON LA SERENISIMA'),(3750,3,71,44,'QUESO UNTABLE FONTINA LA PAULINA'),(3751,6,691,16,'QUESO UNTABLE INDIVIDUAL ILOLAY'),(3752,1,71,40,'QUESO UNTABLE JAMON LA PAULINA'),(3753,7,68,1,'QUESO UNTABLE MAGRO LA PAULINA'),(3754,6,68,45,'QUESO UNTABLE PORT SALUT LA PAULINA'),(3755,6,68,49,'QUESO UNTABLE PORT SALUT LIGHT LA PAULINA'),(3756,5,56,8,'QUESO UNTABLE TREGAR CHEDDAR LIGHT'),(3757,1,56,32,'QUESO UNTABLE TREGAR NEUFCHATEL AZUL'),(3758,7,56,29,'QUESO UNTABLE TREGAR NEUFCHATEL CLASICO'),(3759,8,56,34,'QUESO UNTABLE TREGAR NEUFCHATEL JAMON'),(3760,6,56,36,'QUESO UNTABLE TREGAR NEUFCHATEL LIGHT'),(3761,3,56,10,'QUESO UNTABLE TREGAR NEUFCHATEL SALAME'),(3762,5,108,14,'QUINOTOS EN ALMIBAR CUESTA DEL PORTEZUELO'),(3763,3,245,39,'QUINOTOS EN ALMIBAR LE CHARBONNIER'),(3764,6,42,10,'QUITAMANCHAS AYUDIN BLANCOS INTENSOS'),(3765,2,59,31,'QUITAMANCHAS AYUDIN ROPA BLANCA GEL'),(3766,8,53,31,'QUITAMANCHAS EN GEL VANISH GATILLO'),(3767,8,57,3,'QUITAMANCHAS TRENET BOLILLA HYPERACTIVE'),(3768,3,23,17,'QUITAMANCHAS TRENET HYPERACTIVE EFECTO ESPUMA DP'),(3769,1,55,13,'QUITAMANCHAS VANISH COLOR PROTECT DP'),(3770,1,138,40,'QUITAMANCHAS VANISH EN POLVO DP OXI ACTION'),(3771,6,48,13,'QUITAMANCHAS VANISH OXI-GEL PRE-LAVADO CONCENT. DP'),(3772,6,40,31,'QUITAMANCHAS VANISH PRE LAVADO PODER O2 DP'),(3773,4,32,10,'QUITAMANCHAS VANISH PRE LAVADO WHITE PODER O2 DP'),(3774,5,32,37,'QUITAMANCHAS VANISH WHITE DP'),(3775,5,60,50,'RAFTING NARANJA'),(3776,5,60,34,'RAFTING POMELO'),(3777,4,57,48,'RAPIDITAS CLASICAS BIMBO'),(3778,3,60,46,'RAVIOLES CARNE Y ESPINACA LA SALTENA'),(3779,1,66,31,'RAVIOLES CARNE Y VERDURA LA SALTENA'),(3780,7,60,14,'RAVIOLES CUATRO QUESOS LA SALTENA'),(3781,8,43,30,'RAVIOLES DI PASCUALLE POLLO Y VERDURA'),(3782,6,82,37,'RAVIOLES DI PASCUALLE POLLO Y VERDURA'),(3783,1,47,26,'RAVIOLES DON CELEDONIO POLLO Y VERDURA'),(3784,4,50,5,'RAVIOLES EN CAJA DI PASCUALLE CARNE Y VERDURA'),(3785,1,50,12,'RAVIOLES EN CAJA DI PASCUALLE POLLO Y VERDURA'),(3786,6,45,25,'RAVIOLES EN CAJA DI PASCUALLE RICOTTA'),(3787,7,66,39,'RAVIOLES ESPINACA Y MUZZARELLA LA SALTENA'),(3788,6,66,2,'RAVIOLES ESPINACA Y MUZZARELLA LA SALTENA'),(3789,3,66,26,'RAVIOLES JAMON Y MUZZARELLA LA SALTENA'),(3790,5,66,32,'RAVIOLES JAMON Y QUESO LA SALTENA'),(3791,3,55,48,'RAVIOLES PARMESANO MUZZARELLA LA SALTENA'),(3792,5,69,27,'RAVIOLES PARMESANO Y MUZZARELLA LIGHT LA SALTENA'),(3793,7,66,32,'RAVIOLES POLLO Y ESPINACA LA SALTENA'),(3794,2,66,38,'RAVIOLES POLLO Y VERDURA LA SALTENA'),(3795,7,47,12,'RAVIOLES QUESOS DON CELEDONIO'),(3796,7,66,41,'RAVIOLES QUESOS LA SALTENA'),(3797,2,66,22,'RAVIOLES RICOTTA LA SALTENA'),(3798,8,69,30,'REBOZADOR PREFERIDO'),(3799,3,28,16,'RECETAS DE LA ABUELA BIZCOCHOS AZUCARADOS'),(3800,5,28,47,'RECETAS DE LA ABUELA BIZCOCHOS DE GRASA'),(3801,5,24,13,'RECETAS DE LA ABUELA MEDIALUNITAS'),(3802,5,30,27,'RECETAS DE LA ABUELA PEPAS'),(3803,5,17,33,'REJILLA DE ALGODON PABILO BROOMY'),(3804,3,21,1,'REJILLA PABILO CERRADA BROOMY'),(3805,5,56,41,'REJILLA PARA AUTOS LIVIANA BROOMY'),(3806,2,70,39,'REJILLA PARA AUTOS PESADA BROOMY'),(3807,2,20,32,'REJILLA PARA AUTOS RANCHERA 44 X 58 CM'),(3808,6,137,3,'RELLENO UNTABLE BON O BON'),(3809,5,58,20,'REPASADOR DE TOALLA BROOMY'),(3810,8,22,37,'REPASADOR HILO ESTAMPADO BROOMY'),(3811,8,83,14,'REPASADOR NIDO DE ABEJAS BROOMY'),(3812,8,84,6,'REPASADOR NIDO DE ABEJAS COLORES BROOMY'),(3813,2,58,29,'REPASADOR TOALLA A CUADROS BROOMY'),(3814,5,57,25,'REPELENTE FUYI CREMA'),(3815,3,15,19,'RHODESIA'),(3816,4,112,11,'RICOTA  ARROYO CABRAL'),(3817,2,118,11,'RICOTA ARROYO CABRAL'),(3818,4,128,29,'RICOTA ARROYO CABRAL INDIVIDUAL'),(3819,2,405,0,'RICOTTA GARCIA'),(3820,8,84,8,'RICOTTA LA SERENISIMA ENTERA SACHET BAJA EN SODIO'),(3821,8,84,43,'RICOTTA LA SERENISIMA MAGRA SACHET BAJA EN SODIO'),(3822,7,29,28,'ROCKLETS'),(3823,5,29,11,'ROCKLETS BOLLS'),(3824,3,72,37,'ROCKLETS BOLLS NAVIDAD ARCOR'),(3825,8,31,0,'ROCKLETS INCREIBLE MAX'),(3826,8,72,29,'ROCKLETS NAVIDAD'),(3827,7,31,35,'ROCKLETS NINJA CRUNCH'),(3828,4,46,2,'ROLLO DE COCINA CARTABELLA DAILY'),(3829,8,57,1,'ROLLO DE COCINA ELEGANTE'),(3830,1,28,50,'ROLLO DE COCINA FLORIPEL SUAVE'),(3831,1,45,13,'ROLLO DE COCINA VUAL 120 PANOS'),(3832,5,71,13,'ROLLO DE COCINA VUAL 210 PANOS'),(3833,4,100,41,'ROLLO DE COCINA VUAL 300 PANOS'),(3834,4,53,1,'ROLLO DE COCINA VUAL PLUS 150 PANOS'),(3835,6,13,34,'ROLLOS DE LANA DE ACERO TASK'),(3836,6,14,49,'ROMERO ALICANTE'),(3837,5,402,31,'RON BACARDI ARCTIC GRAPE'),(3838,1,404,32,'RON BACARDI GOLD'),(3839,3,396,42,'RON BACARDI ORO SUPERIOR'),(3840,6,404,27,'RON BACARDI SUPERIOR'),(3841,8,141,24,'RON CAYMAN BLANCO'),(3842,7,171,14,'RON CAYMAN DORADO'),(3843,5,35,25,'RON CAYMAN PETACA'),(3844,7,141,16,'RON COMANDANTE'),(3845,6,34,18,'SABOR AL HORNO AJO Y CEBOLLA KNORR'),(3846,7,41,20,'SABOR AL HORNO KNORR HIERBAS Y AJI'),(3847,5,42,20,'SABOR AL HORNO KNORR LIMON Y OREGANO'),(3848,3,41,38,'SABOR AL HORNO KNORR ROMERO Y TOMILLO'),(3849,6,41,45,'SABOR AL HORNO KNORR TIPO CRIOLLO'),(3850,5,54,37,'SABOR EN CUBOS KNORR ALBAHACA Y AJO'),(3851,5,54,39,'SABOR EN CUBOS KNORR AZAFRAN Y TOMILLO'),(3852,4,54,16,'SABOR EN CUBOS KNORR CREMA Y VERDEO'),(3853,8,54,34,'SABOR EN CUBOS KNORR CUATRO QUESOS'),(3854,4,54,44,'SABOR EN CUBOS KNORR MOSTAZA Y VINO'),(3855,7,54,22,'SABOR EN CUBOS KNORR PANCETA Y CEBOLLA'),(3856,2,29,35,'SABOR EN POLVO 4 QUESOS ALICANTE'),(3857,7,37,46,'SABOR EN POLVO 4 QUESOS ALICANTE'),(3858,4,8,19,'SABOR EN POLVO ALBAHACA Y AJO ALICANTE'),(3859,7,33,3,'SABOR EN POLVO ALBAHACA Y AJO ALICANTE'),(3860,7,9,31,'SABOR EN POLVO CARNE'),(3861,8,33,14,'SABOR EN POLVO CARNE ALICANTE'),(3862,8,37,23,'SABOR EN POLVO CHAMPIGNONES Y HONGOS ALICANTE'),(3863,7,8,20,'SABOR EN POLVO CHAMPIGNONES Y HONGOS ALICANTE'),(3864,3,37,12,'SABOR EN POLVO FINAS HIERBAS ALICANTE'),(3865,5,8,37,'SABOR EN POLVO FINAS HIERBAS ALICANTE'),(3866,2,7,33,'SABOR EN POLVO GALLINA ALICANTE'),(3867,1,33,3,'SABOR EN POLVO GALLINA ALICANTE'),(3868,6,7,15,'SABOR EN POLVO PANCETA Y HIERBAS'),(3869,8,8,7,'SABOR EN POLVO PANCETA Y HIERBAS ALICANTE'),(3870,8,37,13,'SABOR EN POLVO PANCETA Y HIERBAS ALICANTE'),(3871,2,8,46,'SABOR EN POLVO PUERRO ALICANTE'),(3872,2,37,0,'SABOR EN POLVO PUERRO ALICANTE'),(3873,2,9,18,'SABOR EN POLVO VERDURA'),(3874,2,33,37,'SABOR EN POLVO VERDURA ALICANTE'),(3875,5,8,18,'SABOR EN POLVO VERDURA REDUCIDO EN SODIO ALICANTE'),(3876,7,33,27,'SABOR EN POLVO VERDURA REDUCIDO EN SODIO ALICANTE'),(3877,3,54,10,'SABOR LIMON Y OREGANO LA CAMPAGNOLA'),(3878,4,54,7,'SABOR MANTECA Y HIERBAS LA CAMPAGNOLA'),(3879,8,54,11,'SABOR MIEL Y MOSTAZA LA CAMPAGNOLA'),(3880,7,54,8,'SABOR ROMERO Y TOMILLO LA CAMPAGNOLA'),(3881,8,48,7,'SABOR TIPO BARBACOA LA CAMPAGNOLA'),(3882,6,83,20,'SACOTINOS SELECCION DE QUESOS LA SALTENA'),(3883,8,51,45,'SAL DE CAMPO'),(3884,7,68,13,'SAL DE CAMPO AHUMADA'),(3885,4,145,50,'SAL DE CAMPO LIGHT'),(3886,3,32,24,'SAL ENTREFINA CELUSAL'),(3887,4,14,37,'SAL ENTREFINA COLOSAL'),(3888,8,127,18,'SAL ENTREFINA DOS ANCLAS'),(3889,4,28,1,'SAL FINA CELUSAL'),(3890,2,26,41,'SAL FINA CELUSAL CAJA'),(3891,1,125,42,'SAL FINA CELUSAL LIGHT'),(3892,7,8,46,'SAL FINA COLOSAL'),(3893,1,134,0,'SAL FINA DOS ANCLAS'),(3894,1,14,18,'SAL FINA DONA SAL'),(3895,8,227,32,'SAL FINA INDIVIDUAL CELUSAL'),(3896,2,184,3,'SAL FINA INDIVIDUAL DOS ANCLAS'),(3897,4,244,10,'SAL FINA INDIVIDUAL LIGHT TRESAL'),(3898,2,74,9,'SAL GENSER'),(3899,4,151,27,'SAL GENSER CARNES ROJAS'),(3900,6,136,6,'SAL GENSER CLASICA'),(3901,2,28,37,'SAL GRUESA CELUSAL'),(3902,3,14,44,'SAL GRUESA COLOSAL'),(3903,4,54,37,'SALADIX  CRAX ZARPADA BARBACOA'),(3904,6,37,48,'SALADIX  STICKS QUESO CHEDDAR'),(3905,6,43,24,'SALADIX BACONZITOS DE MAIZ'),(3906,4,33,40,'SALADIX BACONZITOS DE MAIZ SABOR PANCETA'),(3907,1,32,39,'SALADIX CRAX FATALATY CHEDDAR'),(3908,8,54,30,'SALADIX CRAX FATALITY CHEDDAR'),(3909,3,44,42,'SALADIX CRAX SABOR ALTA CREMA & CEBOLLA'),(3910,4,32,48,'SALADIX CRAX SABOR ALTA CREMA & CEBOLLA'),(3911,8,32,26,'SALADIX CRAX ZARPADA BARBACOA'),(3912,8,26,46,'SALADIX CROSS BONDIOLA A LA RAVONA'),(3913,4,27,5,'SALADIX CROSS BURGERS HAMBURGUESA YANKEE'),(3914,1,27,25,'SALADIX CROSS CARIOCA CHOCLO PLAYERO'),(3915,3,18,12,'SALADIX CROSS CHORI ARGENTO'),(3916,4,26,17,'SALADIX CROSS CHORI ARGENTO'),(3917,5,26,47,'SALADIX CROSS GAMBETAS DEL CHORI'),(3918,7,18,40,'SALADIX CROSS PALOMITA DE POLLO'),(3919,3,46,32,'SALADIX CROSS PIZZA'),(3920,1,27,13,'SALADIX CROSS PIZZA'),(3921,7,16,12,'SALADIX CROSS PIZZA'),(3922,2,16,33,'SALADIX CROSS POLLO KARATEKA C/SALSA TERIYAKI'),(3923,2,26,48,'SALADIX CROSS POLLO KARATEKA CON SALSA TERIYAKI'),(3924,8,16,40,'SALADIX JAMON'),(3925,4,43,0,'SALADIX KESITOS'),(3926,2,25,19,'SALADIX KESITOS'),(3927,4,43,11,'SALADIX PANCHITOS DE MAIZ'),(3928,4,27,47,'SALADIX PANCHITOS DE MAIZ'),(3929,3,41,38,'SALADIX PICANTO PIRI PIRI'),(3930,4,43,37,'SALADIX PICANTO PIRI PIRI'),(3931,4,27,18,'SALADIX PICANTO PIRI PIRI'),(3932,4,41,32,'SALADIX PICANTO WASABI & SOJA'),(3933,4,24,30,'SALADIX PICANTO WASABI & SOJA'),(3934,7,29,26,'SALADIX PIZZITAS'),(3935,3,43,24,'SALADIX PIZZITAS DE MAIZ'),(3936,3,39,39,'SALADIX RINGS CEBOLLA'),(3937,7,27,41,'SALADIX RINGS CEBOLLA'),(3938,1,14,37,'SALADIX SNACKS CALABRESA'),(3939,7,27,48,'SALADIX SNACKS DE PAPAS FRITAS BARBACOA'),(3940,1,43,44,'SALADIX SNACKS DE PAPAS FRITAS BARBACOA'),(3941,4,43,25,'SALADIX SNACKS DE PAPAS FRITAS CHEDDAR'),(3942,5,27,38,'SALADIX SNACKS DE PAPAS FRITAS CHEDDAR'),(3943,8,27,8,'SALADIX SNACKS DE PAPAS FRITAS ORIGINAL'),(3944,4,64,28,'SALADIX SNACKS DE PAPAS FRITAS ORIGINAL'),(3945,4,43,12,'SALADIX SNACKS DE PAPAS FRITAS ORIGINAL'),(3946,4,26,12,'SALADIX SNACKS DE PAPAS FRITAS PICANTO CHILI&LIMON'),(3947,6,41,14,'SALADIX SNACKS DE PAPAS FRITAS PICANTO CHILI&LIMON'),(3948,6,43,25,'SALADIX SNACKS DUO PANCETA & CREMA Y CEBOLLA'),(3949,3,46,3,'SALADIX SNACKS DUO SALAMIN & QUESO'),(3950,6,19,42,'SALADIX SNACKS PIZZA'),(3951,8,45,5,'SALADIX SNACKS PIZZA GOURMET'),(3952,7,41,30,'SALADIX SNACKS PIZZA NAPO'),(3953,7,44,17,'SALADIX SNACKS SABOR CALABRESA'),(3954,3,44,22,'SALADIX SNACKS SABOR DUO'),(3955,1,44,7,'SALADIX SNACKS SABOR JAMON'),(3956,8,41,29,'SALADIX SNACKS SABOR PARMESANO'),(3957,5,44,36,'SALADIX SNACKS SABOR PIZZA'),(3958,4,25,40,'SALADIX STICKS CHEDDAR'),(3959,7,25,6,'SALADIX STICKS KETCHUP'),(3960,2,54,23,'SALADIX STICKS KETCHUP CROCANTES'),(3961,5,350,32,'SALAME COLONIA FRIULANO'),(3962,7,308,50,'SALAME COLONIA FRIULANO'),(3963,4,230,41,'SALAME EL COLONIAL'),(3964,1,286,17,'SALAME EL ORIGINAL'),(3965,8,158,35,'SALAME LA TIROLESA'),(3966,1,218,19,'SALAME MILAN EN FETA CERDOS Y CIA'),(3967,3,278,34,'SALAME MILAN FELA'),(3968,6,245,19,'SALAME MILAN FELA'),(3969,4,158,40,'SALAME MILAN LA TIROLESA'),(3970,2,194,21,'SALAME MILAN LA TIROLESA'),(3971,4,506,1,'SALAME MILAN PIAMONTESA'),(3972,8,310,41,'SALAMINES EN FETA CERDOS Y CIA'),(3973,1,23,34,'SALCHICHAS FELA'),(3974,8,167,40,'SALCHICHAS FRANKFURT PALADINI'),(3975,5,119,16,'SALCHICHAS FRIAR EXTRA LARGAS'),(3976,8,125,29,'SALCHICHAS FRIAR LARGAS'),(3977,5,41,38,'SALCHICHAS GRANJA IRIS C/QUESO CHEDDAR'),(3978,1,44,24,'SALCHICHAS GRANJA IRIS CLASICAS'),(3979,1,32,48,'SALCHICHAS GRANJA IRIS JUNIOR'),(3980,4,35,41,'SALCHICHAS GRANJA IRIS JUNIOR'),(3981,1,17,25,'SALCHICHAS ICB'),(3982,1,17,13,'SALCHICHAS LA BLANCA'),(3983,8,37,29,'SALCHICHAS PALADINI'),(3984,1,199,17,'SALCHICHAS PATY GASTRONOMICAS'),(3985,4,42,7,'SALCHICHAS PATY VIENA CLASICA'),(3986,2,42,40,'SALCHICHAS PATY VIENA FUN'),(3987,5,15,45,'SALCHICHAS SWIFT'),(3988,5,46,17,'SALCHICHAS VIENISSIMA'),(3989,1,131,22,'SALCHICHON PALADINI C/J'),(3990,4,146,43,'SALCHICHON PALADINI C/J'),(3991,2,161,9,'SALCHICHON PALADINI TRIPLE'),(3992,3,135,18,'SALCHICHON PALADINI TRIPLE'),(3993,8,80,46,'SALERO DELI CRIOLLO CELUSAL'),(3994,8,80,34,'SALERO DELI GRIILL CELUSAL'),(3995,8,76,25,'SALERO SAL ENTREFINA CELUSAL'),(3996,8,68,50,'SALERO SAL FINA CELUSAL'),(3997,6,56,34,'SALERO SAL FINA CELUSAL'),(3998,3,30,40,'SALERO SAL FINA CELUSAL'),(3999,1,54,26,'SALSA 4 QUESOS ALICANTE'),(4000,4,33,1,'SALSA A BASE DE JARABE DE MAIZ Y MIEL LAS PRADERAS'),(4001,2,36,50,'SALSA AGRIDULCE TAHITI'),(4002,8,41,38,'SALSA AMERICANA ORIGINAL TAHITI'),(4003,3,40,7,'SALSA ARCOR FILETTO LISTA DP'),(4004,5,37,2,'SALSA ARCOR ITALIANA LISTA DP'),(4005,6,37,43,'SALSA ARCOR NAPOLITANA LISTA DP'),(4006,8,37,19,'SALSA ARCOR PIZZA LISTA DP'),(4007,4,40,8,'SALSA ARCOR POMAROLA LISTA DP'),(4008,8,37,2,'SALSA ARCOR PORTUGUESA LISTA DP'),(4009,8,37,29,'SALSA ARCOR TUCO LISTA DP'),(4010,1,83,29,'SALSA BARBACOA CASALTA'),(4011,3,40,21,'SALSA BARBACOA DANICA'),(4012,3,47,4,'SALSA BARBACOA LA CAMPAGNOLA'),(4013,1,37,49,'SALSA BARBACOA TAHITI'),(4014,8,33,28,'SALSA BLANCA ALICANTE'),(4015,3,27,36,'SALSA BLANCA VELEZ'),(4016,7,44,48,'SALSA BUFFALO TOMATE PICANTE TAHITI'),(4017,7,92,14,'SALSA CASALTA CAESAR'),(4018,2,92,39,'SALSA CASALTA CHIMICHURRI'),(4019,3,40,27,'SALSA CESAR TAHITI'),(4020,2,387,47,'SALSA CESAR TAHITI INDIVIDUAL'),(4021,6,90,11,'SALSA CHAMPIGNON ALICANTE'),(4022,1,37,5,'SALSA CRIOLLA TAHITI'),(4023,3,37,22,'SALSA DE AJI AHUMADO TAHITI'),(4024,7,84,28,'SALSA DE AJI PICANTE TAHITI'),(4025,6,37,15,'SALSA DE AJI PICANTE TAHITI'),(4026,7,37,30,'SALSA DE AJI SUAVE TAHITI'),(4027,7,39,11,'SALSA DE CARAMELO TAHITI'),(4028,5,48,34,'SALSA DE CHOCOLATE TAHITI'),(4029,4,49,38,'SALSA DE DULCE DE LECHE TAHITI'),(4030,8,38,17,'SALSA DE FRUTILLA TAHITI'),(4031,6,50,43,'SALSA DE QUESO CHEDAR TAHITI'),(4032,6,96,0,'SALSA DE SOJA CASALTA'),(4033,7,96,41,'SALSA DE SOJA LIGHT CASALTA'),(4034,6,36,44,'SALSA DE SOJA SIN SAL AGREGADA TAHITI'),(4035,3,303,3,'SALSA DE SOJA TAHITI'),(4036,8,36,40,'SALSA DE SOJA TAHITI'),(4037,5,69,28,'SALSA DE SOJA TAHITI'),(4038,4,1570,4,'SALSA DE SOJA TAHITI INDIVIDUAL'),(4039,1,43,43,'SALSA GOLF BC'),(4040,8,201,16,'SALSA GOLF DANICA'),(4041,6,13,17,'SALSA GOLF DANICA'),(4042,3,22,26,'SALSA GOLF DANICA'),(4043,6,28,40,'SALSA GOLF HELLMANN S'),(4044,6,46,11,'SALSA GOLF HELLMANN S'),(4045,1,206,11,'SALSA GOLF INDIVIDUAL DANICA'),(4046,2,91,20,'SALSA INGLESA TAHITI'),(4047,5,41,12,'SALSA INGLESA TAHITI'),(4048,7,38,29,'SALSA ITALIANA TAHITI'),(4049,1,28,2,'SALSA LA SALTENA FILETTO'),(4050,1,28,33,'SALSA LA SALTENA PIZZA'),(4051,6,28,28,'SALSA LA SALTENA POMAROLA'),(4052,3,72,24,'SALSA PICANTE ANTOMEX'),(4053,3,34,9,'SALSA PROVENZAL TAHITI'),(4054,7,47,2,'SALSA SALSATI FILETTO LISTA DP'),(4055,5,48,42,'SALSA SALSATI ITALIANA LISTA DP'),(4056,7,48,24,'SALSA SALSATI PIZZA LISTA DP'),(4057,8,48,24,'SALSA SALSATI POMAROLA LISTA DP'),(4058,2,49,18,'SALSA SALSATI PORTUGUESA DP LA CAMPAGNOLA'),(4059,5,72,7,'SALSA TAQUERA TIPICA ANTOMEX'),(4060,6,55,15,'SARDINAS BAHIA'),(4061,1,20,31,'SAVORA'),(4062,4,48,43,'SAVORA DOY PACK'),(4063,6,93,8,'SAVORA DOY PACK ORIGINAL'),(4064,7,194,29,'SAVORA INDIVIDUAL'),(4065,8,50,30,'SAVORA MOSTACERO'),(4066,2,83,37,'SCHWEPPES AGUA TONICA'),(4067,7,72,0,'SCHWEPPES CITRUS'),(4068,4,27,19,'SCHWEPPES LATA'),(4069,8,92,14,'SCHWEPPES POMELO'),(4070,8,78,23,'SCHWEPPES POMELO'),(4071,2,82,9,'SCHWEPPES POMELO ZERO'),(4072,5,32,7,'SCHWEPPES POMELO ZERO'),(4073,3,78,8,'SCHWEPPES POMELO ZERO'),(4074,7,34,42,'SECADOR DE GOMA N 30 BROOMY'),(4075,5,54,29,'SECADOR DE GOMA N 40 BROOMY'),(4076,7,140,12,'SECADOR DE MADERA CON CABO'),(4077,4,24,40,'SECADOR DOBLE GOMA EVA BROOMY'),(4078,2,23,49,'SECADOR NEGRO 30 CM BROOMY'),(4079,3,22,6,'SECADOR OSTRICH DE GOMA NEGRO 50'),(4080,7,46,46,'SECADOR PLASTICO Y GOMA BROOMY'),(4081,3,52,26,'SECADOR ROJO N 40 BROOMY'),(4082,7,144,15,'SEMILLAS  AMARANTO SUELTO'),(4083,7,34,10,'SEMILLAS AMARANTO GENSER'),(4084,7,381,0,'SEMILLAS DE AMAPOLA SUELTO'),(4085,4,40,45,'SEMILLAS DE CHIA GENSER'),(4086,2,26,14,'SEMILLAS DE GIRASOL GENSER'),(4087,3,21,16,'SEMILLAS DE LINO GENSER'),(4088,5,59,0,'SEMILLAS DE QUINOA GENSER'),(4089,2,26,0,'SEMILLAS DE SESAMO GENSER'),(4090,3,35,37,'SEMILLAS MIX DESAYUNO GENSER (CHIA, SESAMO, LINO)'),(4091,8,34,1,'SEMILLAS MIX ENSALADAS Y SOPAS GENSER'),(4092,6,37,17,'SEMILLAS MIX MULTISEMILLAS GENSER'),(4093,2,207,30,'SEMILLAS QUINOA SUELTO'),(4094,5,207,42,'SEMILLAS SESAMO INTEGRAL SUELTO'),(4095,4,38,29,'SEMOLA DE TRIGO EGRAN'),(4096,7,59,36,'SERECOL 3 LA SERENISIMA E/CALCIO NARANJA/DURAZNO'),(4097,6,54,46,'SERECOL 3 LECHE LA SERENISIMA'),(4098,7,25,24,'SEREMIX BANANA LICUADO LA SERENISIMA'),(4099,5,59,31,'SEREMIX BANANA LICUADO LECHE E/CALCIO LA SERENISIM'),(4100,7,75,39,'SEREMIX DURAZNO LICUADO DE LECHE'),(4101,1,44,40,'SEREMIX FRUTA LICUADO LECHE E/CALCIO LA SERENISIMA'),(4102,7,73,6,'SEREMIX FRUTILLA LICUADO LECHE E/CALCIO LA SERENIS'),(4103,2,39,43,'SEREMIX LICUADO CHOCOLATE'),(4104,7,44,29,'SEREMIX LICUADO CHOCOLATE'),(4105,1,44,41,'SEREMIX LICUADO DE LECHE BANANA'),(4106,7,44,15,'SEREMIX LICUADO DE LECHE VAINILLA LA SERENISIMA'),(4107,1,29,24,'SEREMIX LICUADO DURAZNO'),(4108,2,33,19,'SEREMIX LICUADO FRUTILLA'),(4109,3,44,14,'SEREMIX LICUADO LECHE BANACUYA'),(4110,6,44,16,'SEREMIX LICUADO LECHE DULCE DE LECHE BOMBON'),(4111,6,36,24,'SERVILLETAS ELEGANTE'),(4112,1,22,0,'SERVILLETAS VUAL'),(4113,7,37,11,'SERVILLETAS VUAL'),(4114,1,395,19,'SESAMO BLANCO DEAN FUNES'),(4115,2,70,24,'SEVEN UP'),(4116,5,29,8,'SEVEN UP CHICA'),(4117,4,59,22,'SEVEN UP DESC'),(4118,6,86,4,'SEVEN UP FREE'),(4119,4,36,35,'SEVEN UP FREE'),(4120,7,67,20,'SEVEN UP FREE'),(4121,2,60,40,'SEVEN UP FREE RETORNABLE'),(4122,4,59,7,'SEVEN UP LIMONADA'),(4123,3,60,3,'SEVEN UP RETORNABLE'),(4124,3,55,47,'SHAMPOO ALEO VERA ALGABO'),(4125,5,55,25,'SHAMPOO CERAMIDAS ALGABO'),(4126,5,55,43,'SHAMPOO COCO & MIEL ALGABO'),(4127,2,83,15,'SHAMPOO ELVIVE ARGININA'),(4128,4,85,10,'SHAMPOO ELVIVE COLOR-VIVE TRATAMIENTO'),(4129,1,68,5,'SHAMPOO ELVIVE FIBRALOGY'),(4130,8,84,3,'SHAMPOO ELVIVE KERA-LISO PERFECCIONADOR'),(4131,8,84,0,'SHAMPOO ELVIVE OLEO EXTRAORDINARIO RIZOS DEFINIDOS'),(4132,4,121,40,'SHAMPOO HEAD&SHOULDERS  CONTROL GRASA INSTANTANEO'),(4133,5,78,8,'SHAMPOO HEAD&SHOULDERS FUERZA REJUVENECEDORA'),(4134,5,224,31,'SHAMPOO HEAD&SHOULDERS HUMECTA'),(4135,4,55,30,'SHAMPOO MANZANA ALGABO'),(4136,4,88,3,'SHAMPOO PANTENE MAX PRO-V BRILLO EXTREMO'),(4137,2,91,10,'SHAMPOO PANTENE MAX PRO-V CUIDADO CLASICO'),(4138,2,91,2,'SHAMPOO PANTENE MAX PRO-V HIDRATACION EXTREMA'),(4139,6,76,33,'SHAMPOO PANTENE MAX PRO-V LISO Y SEDOSO'),(4140,7,114,37,'SHAMPOO PANTENE MAX PRO-V RESTAURACION'),(4141,2,8,13,'SHAMPOO PANTENE MAX-PRO-V RESTAURACION'),(4142,7,74,21,'SHAMPOO PLUSBELLE ANTIOXIDANTE'),(4143,7,51,8,'SHAMPOO PLUSBELLE CABELLO GRASO'),(4144,8,70,27,'SHAMPOO PLUSBELLE FUERZA ANTIQUIEBRE'),(4145,6,74,33,'SHAMPOO PLUSBELLE HIDRATACION AMINOBIO ACTIVO'),(4146,8,70,48,'SHAMPOO PLUSBELLE HUMECTACION AMINOBIO ACTIVO'),(4147,4,74,39,'SHAMPOO PLUSBELLE SUAVIDAD Y CUIDADO'),(4148,6,61,43,'SHAMPOO SEDAL BY YUYA DETOX'),(4149,1,71,28,'SHAMPOO SEDAL CRECIMIENTO SALUDABLE'),(4150,3,61,7,'SHAMPOO SEDAL LISO PERFECTO'),(4151,3,69,33,'SHAMPOO SEDAL LISO PERFECTO'),(4152,3,61,36,'SHAMPOO SEDAL RIZOS OBEDIENTES'),(4153,5,69,3,'SHAMPOO SEDAL RIZOS OBEDIENTES'),(4154,7,67,49,'SHAMPOO SUAVE COCO Y LECHE'),(4155,8,66,13,'SHAMPOO SUAVE JAZMIN Y ACEITES ESENCIALES'),(4156,6,67,19,'SHAMPOO SUAVE MANZANA VERDE'),(4157,5,67,21,'SHAMPOO SUAVE MIEL Y ALMENDRA'),(4158,4,125,26,'SIDRA 1888'),(4159,8,83,5,'SIDRA 1888'),(4160,2,49,4,'SIDRA LA FARRUCA'),(4161,1,49,2,'SIDRA RAMA CAIDA'),(4162,1,53,33,'SIDRA RAMA CAIDA SIN ALCOHOL'),(4163,8,66,8,'SIDRA REAL BLANCA'),(4164,2,41,37,'SKARCHITOS GRANIX'),(4165,1,47,23,'SKARCHITOS GRANIX C/MIEL COPOS DE MAIZ AZUCARADOS'),(4166,5,77,40,'SKARCHITOS GRANIX COPOS DE MAIZ AZUCARADOS'),(4167,6,41,15,'SKARCHITOS GRANIX COPOS DE MAIZ AZUCARADOS'),(4168,8,26,23,'SMARTIES'),(4169,4,24,25,'SNACKS DE PAPAS FRITAS A LA PARRILLA'),(4170,1,15,33,'SNACKS DE PAPAS FRITAS A LA PARRILLA'),(4171,4,15,18,'SNACKS DE PAPAS FRITAS PICANTO'),(4172,2,50,23,'SNACKS DELUXE JAMON SERRANO'),(4173,7,50,35,'SNACKS DELUXE QUESO CHEDDAR'),(4174,1,50,3,'SNACKS DELUXE VERDEO Y QUESO CREMA'),(4175,5,46,10,'SNACKS SER CHOCLO A LA MANTECA'),(4176,6,22,22,'SNACKS SER CREMA & CEBOLLA'),(4177,7,46,14,'SNACKS SER CREMA & CEBOLLA'),(4178,1,22,17,'SNACKS SER JAMON IBERICO'),(4179,2,46,12,'SNACKS SER JAMON IBERICO'),(4180,5,46,37,'SNACKS SER QUESO'),(4181,6,31,3,'SNACKY TERRABUSI'),(4182,2,21,19,'SODA BON AQUA'),(4183,3,38,20,'SODA BON AQUA'),(4184,4,36,43,'SODA KIN'),(4185,4,34,33,'SODA LIMONADA NIHUIL'),(4186,1,35,18,'SODA SALDAN BOTELLA'),(4187,6,30,47,'SODA SALDAN BOTELLA'),(4188,5,24,40,'SODA SAN REMO'),(4189,1,40,32,'SODA SIFON SALDAN'),(4190,6,31,4,'SOJA EGRAN'),(4191,4,11,7,'SOJA LA NONNA'),(4192,5,39,2,'SOPA CREMA DE ARVEJAS SOPAS DE LA ABUELA'),(4193,8,41,10,'SOPA CREMA DE CHOCLO SOPAS DE LA ABUELA'),(4194,3,43,40,'SOPA CREMA DE POLLO Y VEG. SOPAS DE LA ABUELA'),(4195,2,46,40,'SOPA CREMA SABOR ZAPALLO SOPAS DE LA ABUELA'),(4196,2,37,4,'SOPA DE FIDEOS Y VED. HUERTA SOPAS DE LA ABUELA'),(4197,7,35,47,'SOPA DE POLLO C/ARROZ Y VEG. SOPAS DE LA ABUELA'),(4198,4,57,44,'SOPA LISTA ALICANTE ESPARRAGOS'),(4199,5,53,7,'SOPA LISTA ALICANTE LIGHT ESPARRAGOS'),(4200,3,48,31,'SOPA LISTA ALICANTE LIGHT VEGETALES'),(4201,8,51,3,'SOPA LISTA ALICANTE LIGHT ZAPALLO'),(4202,4,57,34,'SOPA LISTA ALICANTE VEGETALES'),(4203,2,60,37,'SOPA LISTA ALICANTE ZAPALLO'),(4204,2,39,11,'SOPA TIPO CAMPESTRE SOPAS DE LA ABUELA'),(4205,2,42,33,'SOPA TIPO CRIOLLA C/VEG. SOPAS DE LA ABUELA'),(4206,1,37,14,'SOPA VERDURAS FAMILIAR CASERISIMO KNORR'),(4207,4,38,25,'SOPAPA DE GOMA NEGRA CON CABO BROOMY'),(4208,8,31,45,'SOPAPA NEGRA BROOMY'),(4209,6,43,41,'SOPAS CREMA KNORR CHOCLO'),(4210,3,37,34,'SOPAS CREMA KNORR LIGHT VERDURAS'),(4211,1,38,17,'SOPAS CREMA KNORR POLLO'),(4212,1,35,0,'SOPAS CREMA KNORR QUESO'),(4213,4,43,32,'SOPAS CREMA KNORR VERDURAS'),(4214,2,38,41,'SOPAS CREMA KNORR ZAPALLO'),(4215,1,43,11,'SOPAS CREMA KNORR ZAPALLO LIGHT'),(4216,1,38,31,'SOPAS KNORR POLLO CON FIDEOS CABELLOS DE ANGEL'),(4217,6,35,25,'SOPAS KNORR POLLO CON FIDEOS MUNICIONES'),(4218,5,33,2,'SOPAS KNORR VEGETALES C/FIDEOS CARACOLITOS TRICOLO'),(4219,6,33,24,'SOPAS KNORR VEGETALES C/FIDEOS DE LETRAS'),(4220,6,38,40,'SOPAS KNORR VEGETALES C/FIDEOS DEDALITOS'),(4221,4,35,42,'SOPAS KNORR VEGETALES CON FIDEOS LETRA'),(4222,7,28,5,'SOPAS KNORR VERDURAS'),(4223,2,45,5,'SOPAS KNORR VERDURAS CON ARROZ'),(4224,4,65,44,'SOPAS QUICK ARVEJAS KNORR'),(4225,6,65,5,'SOPAS QUICK CHOCLO KNORR'),(4226,3,70,45,'SOPAS QUICK CREMA POLLO AL VERDEO KNORR'),(4227,1,65,8,'SOPAS QUICK ESPARRAGOS KNORR'),(4228,7,71,33,'SOPAS QUICK LIGHT ARVEJAS KNORR'),(4229,6,65,5,'SOPAS QUICK LIGHT CHOCLO KNORR'),(4230,3,65,16,'SOPAS QUICK LIGHT ESPARRAGOS KNORR'),(4231,1,65,14,'SOPAS QUICK LIGHT POLLO GRILLE C/VEGETALES KNORR'),(4232,2,65,25,'SOPAS QUICK LIGHT VEGETALES KNORR'),(4233,1,65,12,'SOPAS QUICK LIGHT ZAPALLO'),(4234,8,71,31,'SOPAS QUICK LIGHT ZAPALLO C/PARMESANO KNORR'),(4235,4,65,13,'SOPAS QUICK POLLO GRILLE C/MIX DE VEGETALES'),(4236,5,71,45,'SOPAS QUICK VEGETALES KNORR'),(4237,1,65,32,'SOPAS QUICK ZAPALLO'),(4238,7,71,38,'SOPAS QUICK ZAPALLO CON PARMESANO Y JAMON'),(4239,4,71,48,'SORRENTINOS EN CAJA DI PASCUALLE'),(4240,6,83,25,'SORRENTINOS JAMON Y MUZZARELLA LA SALTENA'),(4241,3,46,44,'SPAGHETTI FRESCOS LA SALTENA'),(4242,4,80,49,'SPRITE COMUN DESCARTABLE'),(4243,6,53,28,'SPRITE DESCARTABLE'),(4244,4,104,30,'SPRITE DESCARTABLE'),(4245,7,32,49,'SPRITE DESCARTABLE'),(4246,8,21,14,'SPRITE DESCARTABLE VIDRIO'),(4247,8,27,33,'SPRITE LATA'),(4248,4,24,23,'SPRITE LATA GRANDE'),(4249,6,72,39,'SPRITE RETORNABLE'),(4250,4,541,29,'SPRITE VIDRIO RETORNABLE'),(4251,7,52,6,'SPRITE VIDRIO RETORNABLE'),(4252,8,80,29,'SPRITE ZERO'),(4253,1,104,22,'SPRITE ZERO'),(4254,1,32,3,'SPRITE ZERO CHICA'),(4255,6,27,19,'SPRITE ZERO LATA'),(4256,6,20,38,'STICKS DE ARROZ DOS HERMANOS KETCHUP'),(4257,1,39,10,'STICKS DE ARROZ DOS HERMANOS KETCHUP'),(4258,7,77,30,'SUAVIZANTE CONFORT CLASSIC'),(4259,6,42,8,'SUAVIZANTE GIGANTE DOY PACK FORMULA ECONOMICA'),(4260,3,41,43,'SUAVIZANTE GIGANTE DP FORMULA ECONOMICA ROSA'),(4261,6,28,16,'SUAVIZANTE PARA ROPA MAVAX'),(4262,6,28,25,'SUAVIZANTE SUAVE FEDERAL AIRES DE BAMBU'),(4263,7,30,45,'SUAVIZANTE SUAVE FEDERAL CARICIAS DE ALGODON'),(4264,5,48,17,'SUAVIZANTE SUAVE FEDERAL LIBRE ENJUAGUE'),(4265,7,34,24,'SUAVIZANTE SUAVE FEDERAL VIOLETAS DEL CAMPO'),(4266,8,75,38,'SUAVIZANTE VIVERE CLASICO'),(4267,2,58,37,'SUAVIZANTE VIVERE PLANCHA FACIL'),(4268,5,46,47,'TABLETAS MATA MOSQUITOS FUYI'),(4269,5,57,2,'TABLETAS MATA MOSQUITOS RAID DOBLE ACCION'),(4270,1,131,24,'TABLETAS MATA MOSQUITOS RAID DOBLE ACCION'),(4271,5,33,20,'TACCONI BLANCO'),(4272,6,33,34,'TACCONI LIMON'),(4273,7,33,7,'TACCONI SERRANO'),(4274,4,46,14,'TALCO ALGABO PERFUMADO FLORAL'),(4275,2,105,34,'TALCO REXONA EFFICIENT'),(4276,5,59,7,'TALCO REXONA EFFICIENT'),(4277,7,42,1,'TALCO VERITAS CLASICO'),(4278,4,44,36,'TALCO VERITAS FRESCO'),(4279,1,59,21,'TALCO VERITAS HOMBRE ORIGINAL'),(4280,1,59,20,'TALCO VERITAS ORIGINAL'),(4281,6,44,34,'TALITAS VALENTE CLASICAS'),(4282,5,37,48,'TALLARINES DI PASCUALLE CLASICOS'),(4283,8,41,21,'TALLARINES DI PASCUALLE ESPINACA'),(4284,3,87,21,'TAMPONES O.B. MINI ORIGINAL'),(4285,6,55,35,'TAMPONES O.B. PROCOMFORT  MINI'),(4286,6,31,40,'TAPAS ARABES DI PASCUALLE'),(4287,7,38,28,'TAPAS ARABES LA SALTENA'),(4288,5,29,20,'TAPAS COPETIN DI PASCUALLE'),(4289,8,25,22,'TAPAS CRIOLLAS DON CELEDONIO'),(4290,8,34,29,'TAPAS CRIOLLAS LA SALTENA'),(4291,1,84,34,'TAPAS CRIOLLAS ROTISERAS LA SALTENA'),(4292,8,60,22,'TAPAS EMPANADAS LIBRE DE GLUTEN LA SALTENA'),(4293,8,34,45,'TAPAS EMPANADAS LIGHT LA SALTENA'),(4294,2,24,31,'TAPAS FREIR DI PASCUALLE'),(4295,7,34,33,'TAPAS HOJALDRADAS LA SALTENA'),(4296,4,25,13,'TAPAS HOJALDRE DON CELEDONIO'),(4297,6,23,36,'TAPAS HORNO DI PASCUALLE'),(4298,3,29,45,'TAPAS PASTELITOS DI PASCUALLE'),(4299,8,30,34,'TAPAS VIGILIA DI PASCUALLE'),(4300,1,63,9,'TAPITAS FANTOCHE PARA ALFAJORES'),(4301,1,41,30,'TARTELETAS CHICAS VALENTE'),(4302,4,69,9,'TE BLANCO LA VIRGINIA'),(4303,5,52,35,'TE C/ CANELA LA VIRGINIA'),(4304,4,60,41,'TE C/DURAZNO LA VIRGINIA'),(4305,8,70,9,'TE C/FRUTAS TROPICALES LA VIRGINIA'),(4306,3,60,2,'TE C/FRUTILLA LA VIRGINIA'),(4307,7,60,43,'TE C/LIMON LA VIRGINIA'),(4308,1,70,46,'TE C/MANDARINA, NARANJA Y POMELO LA VIRGINIA'),(4309,1,60,44,'TE C/MANZANA LA VIRGINIA'),(4310,3,70,26,'TE C/ROSA MOSQUETA Y MANZANILLA LA VIRGINIA'),(4311,6,27,41,'TE DE BOLDO CACHAMAI'),(4312,4,34,32,'TE DE BOLDO LA MORENITA SIN ENSOBRAR'),(4313,2,49,27,'TE DE BOLDO LA VIRGINIA'),(4314,1,28,39,'TE DE BOLDO TARAGUI'),(4315,8,37,38,'TE DE BOLDO VELEZ'),(4316,7,51,21,'TE DE CEDRON LA VIRGINIA'),(4317,8,21,43,'TE DE HIERBAS NATURALES LA MORENITA SIN ENSOBRAR'),(4318,7,49,20,'TE DE MANZANILLA C/ANIS LA VIRGINIA'),(4319,6,27,6,'TE DE MANZANILLA CACHAMAI'),(4320,3,23,10,'TE DE MANZANILLA LA MORENITA'),(4321,5,37,11,'TE DE MANZANILLA LA VIRGINIA'),(4322,7,36,29,'TE DE MANZANILLA VELEZ'),(4323,1,40,8,'TE DE MENTA PEPERINA LA VIRGINIA'),(4324,5,40,1,'TE DE MEZCLA DE HIERBAS ALIMONADAS LA VIRGINIA'),(4325,4,49,33,'TE DE TILO C/MANZANILLA Y CEDRON  LA VIRGINIA'),(4326,8,40,12,'TE DE TILO CACHAMAI'),(4327,6,46,8,'TE DE TILO LA MORENITA'),(4328,3,67,44,'TE DE TILO LA VIRGINIA'),(4329,3,57,8,'TE DE TILO VELEZ'),(4330,5,128,43,'TE EN SAQUITOS ENSOBRADOS VELEZ'),(4331,1,48,23,'TE EN SAQUITOS LA MORENITA CLASICO'),(4332,5,26,50,'TE EN SAQUITOS LA MORENITA CLASICO BLEND INTENSO'),(4333,2,56,27,'TE EN SAQUITOS LA VIRGINIA'),(4334,5,109,4,'TE EN SAQUITOS LA VIRGINIA'),(4335,7,26,15,'TE EN SAQUITOS LA VIRGINIA'),(4336,6,43,41,'TE EN SAQUITOS VELEZ'),(4337,6,88,47,'TE EN SAQUITOS VELEZ'),(4338,5,21,15,'TE EN SAQUITOS VELEZ'),(4339,8,109,30,'TE EN SAQUITOS VIRGIN ISLANDS ENSOBRADO'),(4340,6,211,10,'TE EN SAQUITOS VIRGIN ISLANDS ENSOBRADO'),(4341,2,54,34,'TE EN SAQUITOS VIRGIN ISLANDS ENSOBRADO'),(4342,3,42,27,'TE GREEN HILLS CLASSIC'),(4343,7,65,24,'TE GREEN HILLS EARL GREY TRADITIONAL'),(4344,4,27,21,'TE MEZCLA DE HIERBAS DIGESTIVAS AMARILLO CACHAMAI'),(4345,1,27,0,'TE MEZCLA DE HIERBAS DIGESTIVAS ROSA CACHAMAI'),(4346,5,40,17,'TE MEZCLA DE HIERBAS MENTOLADAS LA VIRGINIA'),(4347,1,41,47,'TE MEZCLA DE HIERBAS NATURALES LA VIRGINIA'),(4348,1,36,19,'TE MEZCLA DE HIERBAS VELEZ'),(4349,2,124,5,'TE NEGRO DEAN FUNES'),(4350,7,113,1,'TE NEGRO SUELTO'),(4351,3,64,24,'TE ROJO LA VIRGINIA'),(4352,6,67,43,'TE VERDE CITRUS LA VIRGINIA'),(4353,8,52,45,'TE VERDE LA VIRGINIA'),(4354,2,39,24,'TE VERDE VELEZ'),(4355,2,142,5,'TEQUILA CONQUISTADOR DE MEXICO'),(4356,7,147,33,'TEQUILA SOL AZTECA'),(4357,3,26,1,'TEQUILA SOL AZTECA PETACA'),(4358,6,52,16,'TERMA CITRUS'),(4359,3,52,36,'TERMA CUYANO'),(4360,7,52,39,'TERMA CUYANO CERO'),(4361,3,52,3,'TERMA LIMON'),(4362,2,52,35,'TERMA LIMON CERO'),(4363,5,52,26,'TERMA MANZANA'),(4364,7,52,4,'TERMA MANZANA CERO'),(4365,1,38,50,'TERMA NARANJADA'),(4366,4,52,46,'TERMA PATAGONICO'),(4367,4,52,17,'TERMA POMELADA'),(4368,7,52,14,'TERMA POMELO'),(4369,1,52,43,'TERMA POMELO ROSADO'),(4370,4,52,8,'TERMA SERRANO'),(4371,5,52,47,'TERMA SERRANO CERO'),(4372,5,271,34,'TERMO COMUN'),(4373,4,319,8,'TERMO SUPER TERMICA LUMILAGRO'),(4374,7,357,19,'TERMO TROPICAL LUMILAGRO'),(4375,4,343,28,'TIA MARIA CREAM LICOR'),(4376,7,13,27,'TIC TAC FRUTILLA'),(4377,2,109,50,'TINTURA GARNIER NUTRISSE CASTANA 50'),(4378,4,109,31,'TINTURA GARNIER NUTRISSE NECTAR 80'),(4379,3,41,6,'TINTURA ISSUE CASTANO CLARO'),(4380,2,47,37,'TINTURA KOLESTON CASTANO BAMBI 77'),(4381,5,12,43,'TITA'),(4382,4,97,19,'TOALLA DE MICROFIBRA YAPURA'),(4383,3,37,48,'TOALLAS DE COCINA ELEGANTE'),(4384,4,42,33,'TOALLAS FEM  CALIPSO NORMAL VERDES'),(4385,5,21,49,'TOALLAS FEM ALWAYS BASICA SECA S/ALAS'),(4386,6,49,29,'TOALLAS FEM ALWAYS MAXI PROTECCION C/ALAS'),(4387,1,46,25,'TOALLAS FEM ALWAYS NOCHES TRANQUILAS C/ALAS'),(4388,7,29,44,'TOALLAS FEM ALWAYS PROTECCION PLUS BARRERAS'),(4389,4,42,36,'TOALLAS FEM ALWAYS PROTECCION TOTAL ACTIVE C/ALAS'),(4390,3,40,41,'TOALLAS FEM ALWAYS PROTECCION TOTAL PINK C/ALAS'),(4391,1,44,0,'TOALLAS FEM ALWAYS SUAVE PROTECCION PLUS C/ALAS'),(4392,2,31,43,'TOALLAS FEM ALWAYS SUPER PROTECCION C/ALAS'),(4393,6,40,27,'TOALLAS FEM ALWAYS SUPER PROTECCION C/ALAS'),(4394,3,39,14,'TOALLAS FEM ALWAYS SUPER PROTECCION CUBIERTA SUAVE'),(4395,5,43,14,'TOALLAS FEM ALWAYS ULTRA ACTIVE C/ALAS C/GEL'),(4396,6,44,16,'TOALLAS FEM ALWAYS ULTRAFINAS C/ALAS'),(4397,5,44,12,'TOALLAS FEM CALIPSO INCONTINENCIA LEVE'),(4398,4,37,44,'TOALLAS FEM CALIPSO NOCTURNA C/MANZ'),(4399,1,24,40,'TOALLAS FEM CALIPSO NORMAL C/ALAS LILA'),(4400,7,25,35,'TOALLAS FEM CALIPSO NORMAL CON ALAS C/ MANZ VERDE'),(4401,5,21,7,'TOALLAS FEM CALIPSO NORMAL S/ALAS C/PERFUME AZUL'),(4402,4,25,27,'TOALLAS FEM CALIPSO NORMAL SIN ALAS C/MANZ ROSA'),(4403,1,20,46,'TOALLAS FEM CALIPSO PLUS NORMAL C/GEL'),(4404,1,19,4,'TOALLAS FEM CALIPSO PLUS SUPER ANATOMICAS C/MANZA'),(4405,2,26,27,'TOALLAS FEM CALIPSO ULTRA DELGADA C/MANZANILLA'),(4406,8,40,12,'TOALLAS FEM LINA  NORMAL C/ALAS C/ALOE VERA'),(4407,2,28,42,'TOALLAS FEM LINA NOCTURNA C/ALAS'),(4408,4,20,29,'TOALLAS FEM LINA NORMAL C/ALAS C/ALOE VERA'),(4409,7,16,18,'TOALLAS FEM LINA NORMAL SIN ALAS ALOE VERA'),(4410,4,28,40,'TOALLAS FEM LINA ULTRAFINA C/ALAS C/ALOE VERA'),(4411,8,73,44,'TOALLAS FEM NOSOTRAS BUENAS NOCHES INVISIBLE'),(4412,1,72,45,'TOALLAS FEM NOSOTRAS INVISIBLE CLASICA'),(4413,2,64,24,'TOALLAS FEM NOSOTRAS INVISIBLE CLASICA C/GEL'),(4414,4,88,9,'TOALLAS FEM NOSOTRAS NATURAL BUENAS NOCHES'),(4415,3,74,24,'TOALLAS FEM NOSOTRAS NATURAL PLUS C/A C/ MANZ'),(4416,6,44,36,'TOALLAS FEM NOSOTRAS NATURAL PLUS C/A C/MANZ'),(4417,3,65,36,'TOALLAS FEM NOSOTRAS ULTRA INVISIBLE'),(4418,4,65,40,'TOALLAS FEM NOSOTRAS ULTRA INVISIBLE RAPIGEL C/A'),(4419,7,37,21,'TOALLAS FEM SIEMPRE LIBRE ESPECIAL C/ALAS'),(4420,2,68,48,'TOALLAS FEM SIEMPRE LIBRE FIT CON ALAS'),(4421,3,41,14,'TOALLAS FEM SIEMPRE LIBRE FIT MAX SUAVE S/ALAS'),(4422,5,100,33,'TOALLITAS HUMEDAS ANTIBACTERIALES BIALCOHOL'),(4423,1,28,38,'TOALLITAS HUMEDAS DISPITA LANOLINA'),(4424,1,61,30,'TOALLITAS HUMEDAS HUGGIES CLASICO Y COTIDIANO'),(4425,8,36,37,'TOALLITAS HUMEDAS SOAVIS CON LANOLINA SIN ALCOHOL'),(4426,7,39,43,'TOMATE CUBETEADO ARCOR'),(4427,8,36,30,'TOMATE CUBETEADO LA CAMPAGNOLA'),(4428,8,38,0,'TOMATE EN CUBITOS CON PURE SALSATI'),(4429,2,28,38,'TOMATE PERITA AGROSABOR'),(4430,6,36,49,'TOMATE PERITA ARCOR'),(4431,8,51,33,'TOMATE PERITA LA CAMPAGNOLA'),(4432,2,38,9,'TOMATE PERITA SALSATI'),(4433,1,45,31,'TOMATE TRITURADO AGROSABOR'),(4434,3,232,24,'TOMATE TRITURADO AGROSABOR'),(4435,6,39,13,'TOMATE TRITURADO AGROSABOR'),(4436,5,90,31,'TOMATE TRITURADO CAROYENSE'),(4437,1,24,48,'TOMATE TRITURADO CAROYENSE'),(4438,3,45,21,'TOMATE TRITURADO DON FRANCISCO'),(4439,5,282,27,'TOMATE TRITURADO RAULITO'),(4440,3,44,26,'TOMATE TRITURADO RAULITO'),(4441,5,12,48,'TOMILLO ALICANTE'),(4442,5,56,9,'TOPPING DULCE DE LECHE LA SERENISIMA'),(4443,4,35,15,'TORTA EN TAZA  GODET CHOCOLATE INTENSO'),(4444,7,32,27,'TORTA EN TAZA GODET LIMON CON AMAPOLA'),(4445,8,35,30,'TORTA EN TAZA GODET VAINILLA GRANAS DE COLORES'),(4446,8,94,15,'TORTA HUMEDA AGUILA'),(4447,2,60,40,'TORTILLAS ANTOMEX'),(4448,3,72,23,'TORTILLAS GASTRONOMICAS ANTOMEX'),(4449,2,35,49,'TORTILLAS MEXCAL'),(4450,8,48,10,'TORTILLAS MEXICANAS GUEY'),(4451,7,52,6,'TORTILLAS VENEZIANA'),(4452,1,40,5,'TORTILLINAS FARGO'),(4453,5,57,19,'TOSTADAS CRIOLLITAS CLASICAS'),(4454,5,61,8,'TOSTADAS CRIOLLITAS DULCES'),(4455,4,62,12,'TOSTADAS CRIOLLITAS LIGHT'),(4456,7,57,37,'TOSTADAS CRIOLLITAS SALVADO'),(4457,7,69,36,'TOSTADAS CRIOLLITAS SIN SAL'),(4458,6,24,48,'TOSTADAS DE ARROZ CON SAL RINCON INTEGRAL'),(4459,8,24,22,'TOSTADAS DE ARROZ DULCES RINCON INTEGRAL'),(4460,8,53,31,'TOSTADAS DE ARROZ QUENTO'),(4461,4,37,49,'TOSTADAS DE ARROZ RISKY-DIT CLASICAS'),(4462,6,37,24,'TOSTADAS DE ARROZ RISKY-DIT DULCES'),(4463,7,37,32,'TOSTADAS DE ARROZ RISKY-DIT SIN SAL'),(4464,7,24,8,'TOSTADAS DE ARROZ SIN SAL RINCON INTEGRAL'),(4465,1,76,44,'TOSTADAS FERMAR CLASICA'),(4466,2,76,1,'TOSTADAS FERMAR DULCES'),(4467,3,76,27,'TOSTADAS FERMAR DULCES DIET'),(4468,4,76,19,'TOSTADAS FERMAR MULTICEREAL'),(4469,8,76,16,'TOSTADAS FERMAR SALVADO'),(4470,3,76,50,'TOSTADAS FERMAR SIN SAL'),(4471,4,175,10,'TOSTADAS FIRENZE CLASICAS'),(4472,8,159,35,'TOSTADAS FIRENZE DULCES'),(4473,8,31,2,'TOSTADAS FIRENZE LIGHT'),(4474,1,189,40,'TOSTADAS FIRENZE LIGHT'),(4475,3,62,18,'TOSTADAS SER AIREADAS CLASICAS'),(4476,4,62,10,'TOSTADAS SER HORNEADAS'),(4477,1,37,22,'TOSTADITAS DE ARROZ DOS HERMANOS C/SAL'),(4478,6,28,30,'TOSTADITAS DE ARROZ DOS HERMANOS CHOCOLATE'),(4479,7,37,25,'TOSTADITAS DE ARROZ DOS HERMANOS S/SAL'),(4480,7,37,46,'TOSTADITAS DE ARROZ DULCES DOS HERMANOS'),(4481,6,44,18,'TRAPO DE PISO BLANCO BROOMY'),(4482,2,36,34,'TRAPO DE PISO GRIS BROOMY'),(4483,2,66,30,'TRAPO DE PISO NIDO ABEJA RAYADO BROOMY'),(4484,8,33,26,'TRES TORRES BLANCO'),(4485,7,33,7,'TRES TORRES LIMON'),(4486,2,33,0,'TRES TORRES POMELO ROSADO'),(4487,2,33,18,'TRES TORRES SERRANO'),(4488,3,74,22,'TRIGO BURGOL EGRAN'),(4489,6,32,1,'TRIGO CANDEAL PELADO EGRAN'),(4490,5,70,29,'TURRON AGUILA D OR MANI CON CHOCOLATE'),(4491,3,44,0,'TURRON CROCANTE DE MANI ARCOR'),(4492,8,38,45,'TURRON DE MANI ARCOR'),(4493,4,22,75,'TURRON DE MANI ARCOR'),(4494,7,9,40,'TURRON DE MANI ARCOR'),(4495,5,25,15,'TURRON DE MANI ARCOR CAJA C/MIEL'),(4496,3,38,42,'TURRON DE MANI CON FRUTAS ARCOR'),(4497,7,38,48,'TURRON DE MANI CON MIEL ARCOR'),(4498,4,19,26,'TURRON DE MANI CON MIEL LHERITIER'),(4499,5,9,35,'TURRON DE MANI YOGHURT DE FRUTILLA ARCOR'),(4500,4,4,12,'TURRON PALMESANO'),(4501,4,79,10,'TURRONCITO DE ARROZ SALAZAR'),(4502,1,2,8,'TUTUCAS DULCITA'),(4503,4,20,27,'TUTUCAS PAI'),(4504,8,141,2,'TUTUCAS PAI'),(4505,4,58,27,'TUTUCAS PAI'),(4506,6,473,21,'TUTUCAS TIMON CRUZ'),(4507,3,2,19,'TUTUCAS TOC TOC'),(4508,6,21,42,'VAINILLA LIQUIDA VELEZ'),(4509,5,43,2,'VAINILLA LIQUIDA VELEZ'),(4510,8,220,42,'VALE CAJON DE COCA COMPLETO'),(4511,4,550,3,'VALE CAJON DE STELLA ESQUELETO'),(4512,3,165,17,'VALE CAJON PORRONCITO'),(4513,7,3,40,'VALE ENVASE CERVEZA MONJITA'),(4514,1,30,49,'VALE ENVASE DE CERVEZA'),(4515,2,25,48,'VALE ENVASE DE COCA PLASTICO/VIDRIO'),(4516,4,440,29,'VALE ENVASE DE COCA VIDRIO+ ESQUELETO'),(4517,8,20,1,'VALE ENVASE SEVEN Y PEPSI RETORNABLE X 2 LT'),(4518,3,2530,30,'VALE ENVASES Y ESQUELETOS EVENTOS'),(4519,5,550,36,'VALE X 23 ENVASES DE CERVEZA'),(4520,2,1,40,'VARIOS'),(4521,3,55,4,'VASO EL CAIRO FERNETCOLA VIDRIO FLINT RIGOLLEAU'),(4522,7,55,9,'VASO EL CAIRO LIMONADA DEC. VIDRIO FLINT RIGOLLEAU'),(4523,2,66,10,'VASO QUILMES MUNDIAL'),(4524,6,350,48,'VASO STELLA ARTOIS DOS COPAS'),(4525,3,193,24,'VASOS DE VIDRIO AMSTERDAM RIGOLLEAU'),(4526,2,184,2,'VASOS DE VIDRIO BOUQUET RIGOLLEAU'),(4527,8,22,2,'VASOS DE VIDRIO ORLY INDIVIDUAL'),(4528,3,141,16,'VASOS DE VIDRIO QUEBEC RIGOLLEAU'),(4529,1,152,6,'VASOS DESCARTABLES'),(4530,4,55,45,'VASOS EL CAIRO APERITIVO RIGOLLEAU'),(4531,3,55,45,'VASOS EL CAIRO LICUADO'),(4532,2,148,35,'VASOS TERMICOS'),(4533,7,37,12,'VASOS TERMICOS'),(4534,8,75,26,'VEGETALINA DANICA'),(4535,4,16,2,'VELAS CHICAS RANCHERA X4'),(4536,2,26,7,'VELAS GRANDES RANCHERA X4'),(4537,2,13,16,'VELAS MALAMBO GRANDES'),(4538,5,140,38,'VIDACOL PACK FRUTILLA REDUCIR EL COLESTEROL'),(4539,5,167,34,'VIDACOL PACK MULTIFRUTA REDUCIR EL COLESTEROL'),(4540,2,30,10,'VINAGRE DE ALCOHOL CASALTA'),(4541,6,47,40,'VINAGRE DE ALCOHOL CASALTA'),(4542,3,109,24,'VINAGRE DE ALCOHOL SAN BERNARDINO'),(4543,6,20,39,'VINAGRE DE ALCOHOL SAN BERNARDINO'),(4544,4,33,31,'VINAGRE DE ALCOHOL SAN BERNARDINO'),(4545,4,46,28,'VINAGRE DE MANZANA CASALTA'),(4546,5,66,49,'VINAGRE DE MANZANA CASALTA'),(4547,1,312,49,'VINAGRE DE MANZANA INDIVIDUAL ABEDUL'),(4548,3,466,43,'VINAGRE DE MANZANA INDIVIDUAL ARISCO'),(4549,4,133,13,'VINAGRE DE MANZANA SAN BERNARDINO'),(4550,7,24,20,'VINAGRE DE MANZANA SAN BERNARDINO'),(4551,4,29,17,'VINAGRE DE MANZANA SAN BERNARDINO'),(4552,5,55,16,'VINAGRE DE VINO CASALTA'),(4553,5,38,50,'VINAGRE DE VINO CASALTA'),(4554,1,123,3,'VINAGRE DE VINO SAN BERNARDINO'),(4555,2,11,33,'VINAGRE DE VINO SAN BERNARDINO'),(4556,5,15,49,'VINAGRE DE VINO SAN BERNARDINO'),(4557,6,140,13,'VINO AIME CABERNET SAUVIGNON'),(4558,6,140,25,'VINO AIME MALBEC'),(4559,8,110,35,'VINO ALARIS MALBEC'),(4560,2,155,48,'VINO ALMA MORA BLEND'),(4561,2,155,0,'VINO ALMA MORA CABERNET SAUVIGNON'),(4562,1,167,18,'VINO ALMA MORA MALBEC'),(4563,6,118,4,'VINO BENJAMIN NIETO SENETINER CABERNET SAUVIGNON'),(4564,5,118,32,'VINO BENJAMIN NIETO SENETINER COLECCION TARDIA'),(4565,3,118,19,'VINO BENJAMIN NIETO SENETINER MALBEC'),(4566,3,145,3,'VINO BIANCHI DOC CABERNET SAUVIGNON ROBLE'),(4567,3,145,25,'VINO BIANCHI DOC MALBEC ROBLE'),(4568,8,50,40,'VINO BLANCO AMENNI'),(4569,7,37,28,'VINO BLANCO CLASICO TORO VIEJO'),(4570,1,42,38,'VINO BLANCO COLIMAN CLASICO'),(4571,6,141,30,'VINO BLANCO DADA HONEY'),(4572,2,108,24,'VINO BLANCO DULCE DILEMA'),(4573,8,69,4,'VINO BLANCO TOCORNAL'),(4574,2,125,16,'VINO BLANCO VASCO VIEJO'),(4575,2,190,3,'VINO CABALLERO DE LA CEPA CABERNET SAUVIGNON'),(4576,3,190,6,'VINO CABALLERO DE LA CEPA MALBEC'),(4577,2,137,41,'VINO CAHUIN ESTATE CABERNET SAUVIGNON'),(4578,4,150,5,'VINO CAHUIN ESTATE MALBEC'),(4579,3,255,45,'VINO CAHUIN RESERVA CABERNET SAUVIGNON'),(4580,6,255,34,'VINO CAHUIN RESERVA MALBEC'),(4581,7,118,3,'VINO CALLIA ALTA CABERNET SAUVIGNON'),(4582,4,118,2,'VINO CALLIA ALTA MALBEC'),(4583,2,110,27,'VINO CALLIA ALTA SHIRAZ BONARDA'),(4584,2,110,13,'VINO CALLIA ALTA SHIRAZ CABERNET'),(4585,6,118,4,'VINO CALLIA ALTA SHIRAZ MALBEC'),(4586,7,110,17,'VINO CALLIA TARDIO'),(4587,8,89,28,'VINO CANCILLER 1 MERLOT-SYRAH-MALBEC'),(4588,2,66,14,'VINO CANCILLER BLEND 1'),(4589,1,65,23,'VINO CANCILLER BLEND 15 BLANCO DULCE'),(4590,5,81,16,'VINO CANCILLER BLEND 3'),(4591,4,65,40,'VINO CANCILLER BLEND 3'),(4592,3,66,24,'VINO CANCILLER BLEND 4'),(4593,4,81,1,'VINO CANCILLER BLEND 4'),(4594,7,81,22,'VINO CANCILLER BLEND 7'),(4595,6,66,12,'VINO CANCILLER BLEND 7'),(4596,3,65,25,'VINO CANCILLER BLEND 9'),(4597,5,146,42,'VINO CANCILLER BOX CHENIN/TORRONTES/CHARDONNAY'),(4598,4,91,26,'VINO CANCILLER CABERNET SAUVIGNON'),(4599,4,90,43,'VINO CANCILLER CHARDONNAY'),(4600,1,54,45,'VINO CANCILLER CHENIN/TORRONTES/CHARDONNAY'),(4601,3,91,47,'VINO CANCILLER MALBEC'),(4602,7,91,30,'VINO CANCILLER MERLOT'),(4603,5,91,38,'VINO CAVAS DE SANTINO MALBEC'),(4604,3,114,20,'VINO CHACABUCO TINTO CABERNET SAUVIGNON'),(4605,5,114,17,'VINO CHACABUCO TINTO MALBEC'),(4606,1,121,45,'VINO COBRE CABERNET SAUVIGNON'),(4607,8,139,20,'VINO COBRE MALBEC'),(4608,2,70,23,'VINO COLON TINTO CLASICO'),(4609,5,105,50,'VINO DILEMA DAY BLEND'),(4610,3,105,6,'VINO DILEMA DAY CHARDONNAY'),(4611,6,105,41,'VINO DILEMA DAY MALBEC'),(4612,6,85,38,'VINO DILEMA DAY PINK'),(4613,3,144,45,'VINO DON VALENTIN LACRADO'),(4614,2,126,42,'VINO DULCE MARLO'),(4615,8,108,39,'VINO ELEMENTOS CABERNET SUAVIGNON'),(4616,8,139,22,'VINO ELEMENTOS MALBEC'),(4617,4,108,40,'VINO ELSA BIANCHI CABERNET SAUVIGNON'),(4618,6,185,9,'VINO EMILIA CABERNET SAUVIGNON'),(4619,5,185,1,'VINO EMILIA DULCE NATURAL ALEJANDRIA'),(4620,3,154,27,'VINO ESPUMANTE DADA 7 MARACUYA'),(4621,2,154,45,'VINO ESPUMANTE DADA 7 SWEET PINK'),(4622,1,99,37,'VINO ESTANCIA MENDOZA BONARDA'),(4623,5,82,17,'VINO ESTANCIA MENDOZA BONARDA/MALBEC'),(4624,5,100,17,'VINO ESTANCIA MENDOZA CABERNET SAUVIGNON'),(4625,1,82,37,'VINO ESTANCIA MENDOZA CABERNET/MALBEC'),(4626,8,60,47,'VINO ESTANCIA MENDOZA CHARDONNAY'),(4627,4,99,19,'VINO ESTANCIA MENDOZA CHARDONNAY'),(4628,3,82,10,'VINO ESTANCIA MENDOZA CHARDONNAY/CHENIN'),(4629,8,57,48,'VINO ESTANCIA MENDOZA CHARDONNAY/CHENIN'),(4630,6,80,34,'VINO ESTANCIA MENDOZA DULCE CHENIN/CHARDONNAY'),(4631,3,100,44,'VINO ESTANCIA MENDOZA MALBEC'),(4632,7,60,3,'VINO ESTANCIA MENDOZA MALBEC'),(4633,2,100,15,'VINO ESTANCIA MENDOZA MALBEC ROSE'),(4634,8,57,4,'VINO ESTANCIA MENDOZA MERLOT/MALBEC'),(4635,8,82,12,'VINO ESTANCIA MENDOZA MERLOT/MALBEC'),(4636,4,169,9,'VINO ESTANCIA MENDOZA RESERVA CABERNET SAUVIGNON'),(4637,8,169,12,'VINO ESTANCIA MENDOZA RESERVA MALBEC'),(4638,8,99,17,'VINO ESTANCIA MENDOZA SUAVIGNON BLANC'),(4639,6,80,41,'VINO ESTANCIA MENDOZA SYRAH/CABERNET'),(4640,7,110,25,'VINO EUGENIO BUSTOS CABERNET SAUVIGNON'),(4641,5,117,20,'VINO EUGENIO BUSTOS DULCE'),(4642,4,135,20,'VINO EUGENIO BUSTOS LEYENDA CABERNET SAUVIGNON'),(4643,8,143,38,'VINO EUGENIO BUSTOS LEYENDA MALBEC'),(4644,4,120,40,'VINO EUGENIO BUSTOS MALBEC'),(4645,2,345,43,'VINO FC BARCELONA MALBEC PREMIUM'),(4646,2,168,40,'VINO FC BARCELONA RESERVA CABERNET SAUVIGNON'),(4647,7,168,0,'VINO FC BARCELONA RESERVA MALBEC'),(4648,1,73,44,'VINO FINCA BELTRAN DUO CHENIN/CHARDONNAY'),(4649,4,99,50,'VINO FINCA FLICHMAN CABERNET SAUVIGNON'),(4650,2,99,19,'VINO FINCA FLICHMAN MALBEC'),(4651,5,112,35,'VINO FINCA LAS MORAS MALBEC'),(4652,7,55,49,'VINO FRIZZE BLUE FROST'),(4653,3,63,20,'VINO FRIZZE EVOLUTION'),(4654,5,57,14,'VINO FRIZZE ITALIAN LIMONATA'),(4655,4,88,2,'VINO GENEROSO JEREZ EL ABUELO'),(4656,8,86,35,'VINO GRAN LOMO MALBEC'),(4657,4,79,14,'VINO GRAN LOS ARBOLES MALBEC'),(4658,7,95,47,'VINO KADABRA BLEND'),(4659,1,95,33,'VINO KADABRA CABERNET SAUVIGNON'),(4660,3,118,10,'VINO KADABRA MALBEC'),(4661,3,150,12,'VINO KELTEHUE CABERNET SAUVIGNON'),(4662,7,150,25,'VINO KELTEHUE MALBEC'),(4663,4,150,29,'VINO KELTEHUE WINEMAKER SELECT RED'),(4664,6,103,43,'VINO LA PUERTA CLASICO CABERNET SAUVIGNON'),(4665,6,103,12,'VINO LA PUERTA CLASICO MALBEC'),(4666,8,103,46,'VINO LA PUERTA CLASICO SYRAH'),(4667,5,92,24,'VINO LA PUERTA CLASICO TORRONTES'),(4668,8,199,7,'VINO LATITUD 33 CABERNET SAUVIGNON'),(4669,1,198,9,'VINO LATITUD 33 DULCE'),(4670,5,199,9,'VINO LATITUD 33 MALBEC'),(4671,4,195,22,'VINO LATITUD 33 SYRAH'),(4672,3,195,8,'VINO LATITUD 33 TEMPRANILLO'),(4673,5,99,43,'VINO LOPEZ BLANCO'),(4674,2,158,10,'VINO LOPEZ CABERNET SAUVIGNON'),(4675,5,158,46,'VINO LOPEZ MALBEC'),(4676,4,112,39,'VINO LOS ARBOLES MALBEC'),(4677,8,79,21,'VINO LOS HAROLDOS ESTATE CHARDONNAY'),(4678,4,75,2,'VINO MARQUES DEL SUR ROBLE BLEND'),(4679,3,155,34,'VINO MISTERIO CABERNET SAUVIGNON'),(4680,6,139,44,'VINO MISTERIO MALBEC'),(4681,5,121,38,'VINO MISTERIO RED BLEND'),(4682,5,121,46,'VINO MISTERIO SWEET CHARDONNAY'),(4683,5,98,19,'VINO NAMPE CABERNET SAUVIGNON'),(4684,8,98,9,'VINO NAMPE MALBEC'),(4685,6,98,47,'VINO NAMPE MERLOT'),(4686,6,98,12,'VINO NAMPE SAUVIGNON BLANC'),(4687,3,98,39,'VINO NAMPE TEMPRANILLO'),(4688,4,95,0,'VINO NOLITA SAUVIGNON BLANC MARACUYA'),(4689,4,50,43,'VINO OMNIUM CHARDONNAY'),(4690,2,424,9,'VINO PANNUNZIO RESERVA MALBEC'),(4691,4,162,23,'VINO PORTILLO CABERNET SAUVIGNON'),(4692,1,162,45,'VINO PORTILLO DULCE NATURAL'),(4693,8,162,5,'VINO PORTILLO MALBEC'),(4694,4,104,15,'VINO RESERVADO CABERNET SAUVIGNON'),(4695,1,104,46,'VINO RESERVADO MALBEC'),(4696,2,50,35,'VINO ROSADO AMENNI'),(4697,4,105,6,'VINO ROSADO DULCE DILEMA'),(4698,6,45,8,'VINO SANTA ANA BLANCO SELECCION'),(4699,7,65,17,'VINO SANTA ANA TINTO ETIQUETA NEGRA'),(4700,2,49,18,'VINO SANTA ANA TINTO SELECCION'),(4701,2,160,30,'VINO SANTA JULIA CABERNET SUAV'),(4702,1,175,8,'VINO SANTA JULIA CHENIN DULCE'),(4703,4,160,44,'VINO SANTA JULIA MALBEC'),(4704,4,80,19,'VINO SUTER CABERNET SAUVIGNON'),(4705,4,50,11,'VINO TERMIDOR TETRA TINTO'),(4706,8,25,11,'VINO TETRA ROSADO VIN UP'),(4707,7,25,41,'VINO TETRA TINTO VIN UP'),(4708,2,46,27,'VINO TETRA VINAS RIOJANAS BLANCO'),(4709,8,39,30,'VINO TETRA VINAS RIOJANAS BLANCO DULCE'),(4710,7,51,43,'VINO TETRA VINAS RIOJANAS TINTO'),(4711,4,51,23,'VINO TINTO CLASICO TORO VIEJO'),(4712,4,145,22,'VINO TINTO DADA 1'),(4713,8,145,3,'VINO TINTO DADA 2'),(4714,1,145,32,'VINO TINTO DADA 3'),(4715,2,145,39,'VINO TINTO DADA 8'),(4716,8,105,49,'VINO TINTO DULCE DILEMA'),(4717,1,52,0,'VINO TINTO MICHEL TORINO SELECCION'),(4718,6,242,21,'VINO TINTO RINCON FAMOSO'),(4719,2,69,32,'VINO TINTO TOCORNAL'),(4720,7,65,37,'VINO TINTO TOCORNAL CLASICO'),(4721,5,163,5,'VINO TINTO VALMONT'),(4722,3,125,8,'VINO TINTO VASCO VIEJO'),(4723,4,48,8,'VINO TORO BLANCO'),(4724,7,43,7,'VINO TORO TETRA BLANCO'),(4725,3,55,28,'VINO TORO TETRA TINTO'),(4726,2,59,18,'VINO TORO TINTO'),(4727,3,89,47,'VINO TORO VIEJO BONARDA-SIRAH'),(4728,1,207,7,'VINO TORO VIEJO BOX BONARDA-SIRAH'),(4729,4,84,21,'VINO TORO VIEJO SIRAH/MALBEC'),(4730,6,121,26,'VINO TRIBU CABERNET SAUVIGNON'),(4731,7,110,25,'VINO TRIBU MALBEC'),(4732,5,76,38,'VINO VIEJO RINCON ROBLE CABERNET SAUVIGNON'),(4733,1,75,7,'VINO VIEJO RINCON ROBLE MALBEC'),(4734,2,49,49,'VINO VINAS DE BALBO BLANCO'),(4735,2,75,22,'VINO VINAS DE BALBO BLANCO MAGNUM'),(4736,8,72,5,'VINO VINAS DE BALBO TINTO MAGNUM BORGONA'),(4737,7,45,43,'VITINA CLASICA LUCCHETTI'),(4738,3,94,27,'VITINA LUCCHETTI'),(4739,1,36,50,'VITINA LUCCHETTI ESPINACA'),(4740,7,113,9,'VODKA 67 BERRIES'),(4741,4,124,34,'VODKA 67 CLASICO'),(4742,5,113,42,'VODKA 67 MANGO'),(4743,6,113,30,'VODKA 67 MELON'),(4744,4,67,41,'VODKA BARTENDERS'),(4745,7,138,33,'VODKA KOVAC'),(4746,8,133,43,'VODKA NIKOV TRADICIONAL'),(4747,1,47,19,'VODKA PETACA KOVAC'),(4748,8,276,11,'VODKA SKYY'),(4749,6,276,10,'VODKA SKYY CITRUS'),(4750,4,280,46,'VODKA SKYY PASSION FRUIT'),(4751,6,280,35,'VODKA SKYY RASPBERRY'),(4752,3,312,23,'VODKA SMIRNOFF'),(4753,5,312,11,'VODKA SMIRNOFF CITRUS'),(4754,1,312,45,'VODKA SMIRNOFF GREEN APPLE'),(4755,2,312,24,'VODKA SMIRNOFF RASPBERRY'),(4756,1,312,30,'VODKA SMIRNOFF WATERMELON'),(4757,5,99,32,'VODKA TAILOV'),(4758,3,97,43,'VOLCAN DE CHOCOLATE'),(4759,3,203,18,'WHISKY BLENDERS PRIDE'),(4760,2,290,50,'WHISKY CRIADORES'),(4761,7,65,20,'WHISKY GLOUCESTER'),(4762,7,85,46,'WHISKY HIRAM WALKER'),(4763,8,670,44,'WHISKY J Y B'),(4764,4,264,21,'WHISKY OLD SMUGGLER'),(4765,1,68,15,'WHISKY OLD SMUGGLER PETACA'),(4766,2,121,8,'WHISKY PIONEER'),(4767,5,47,15,'WHISKY PIONEER PETACA'),(4768,7,48,5,'WHISKY RAMSAY PETACA'),(4769,8,345,40,'WHISKY WHITE HORSE'),(4770,5,85,8,'YERBA MATE AGUANTADORA'),(4771,3,45,23,'YERBA MATE AGUANTADORA'),(4772,3,54,18,'YERBA MATE AMANDA'),(4773,6,114,18,'YERBA MATE AMANDA'),(4774,5,383,11,'YERBA MATE AMANDA'),(4775,4,199,30,'YERBA MATE AMANDA'),(4776,4,68,25,'YERBA MATE ANDRESITO'),(4777,5,245,0,'YERBA MATE ANDRESITO'),(4778,2,127,3,'YERBA MATE ANDRESITO'),(4779,2,47,0,'YERBA MATE CACHAMATE AMARILLA'),(4780,6,47,38,'YERBA MATE CACHAMATE HIERBAS PAMPEANAS'),(4781,4,47,31,'YERBA MATE CACHAMATE HIERBAS SERRANAS'),(4782,2,47,24,'YERBA MATE CACHAMATE ROSA'),(4783,7,116,16,'YERBA MATE CBSE COMPUESTA'),(4784,4,62,50,'YERBA MATE CBSE COMPUESTA HIERBAS SERRANAS'),(4785,6,104,9,'YERBA MATE CBSE ETIQUETA NEGRA HIERBAS SERRANAS'),(4786,8,58,22,'YERBA MATE CBSE FRUTOS TROPICALES'),(4787,4,59,23,'YERBA MATE CBSE GUARANA ENERGIA'),(4788,4,59,12,'YERBA MATE CBSE LIMON'),(4789,2,58,16,'YERBA MATE CBSE NARANJA'),(4790,4,58,33,'YERBA MATE CBSE POMELO'),(4791,8,62,7,'YERBA MATE CBSE SILUETA'),(4792,7,60,41,'YERBA MATE CHAMIGO'),(4793,8,62,11,'YERBA MATE CHAMIGO NARANJA'),(4794,2,42,44,'YERBA MATE COMPUESTA NUNEZ'),(4795,6,149,25,'YERBA MATE CRUZ DE MALTA'),(4796,8,77,38,'YERBA MATE CRUZ DE MALTA'),(4797,6,42,3,'YERBA MATE EN SAQUITOS LITORAL ENSOBRADA'),(4798,1,84,33,'YERBA MATE EN SAQUITOS LITORAL ENSOBRADA'),(4799,4,36,20,'YERBA MATE EN SAQUITOS LITORAL SIN ENSOBRAR'),(4800,2,71,36,'YERBA MATE EN SAQUITOSLITORAL SIN ENSOBRAR'),(4801,6,131,24,'YERBA MATE LA TRANQUERA'),(4802,1,68,24,'YERBA MATE LA TRANQUERA'),(4803,5,67,22,'YERBA MATE LA TRANQUERA SUAVE'),(4804,7,157,26,'YERBA MATE MANANITA'),(4805,5,87,35,'YERBA MATE MANANITA'),(4806,7,111,20,'YERBA MATE NOBLEZA GAUCHA'),(4807,6,67,45,'YERBA MATE NOBLEZA GAUCHA'),(4808,5,61,13,'YERBA MATE NOBLEZA GAUCHA SUAVE'),(4809,6,84,18,'YERBA MATE PLAYADITO'),(4810,5,164,25,'YERBA MATE PLAYADITO'),(4811,2,176,50,'YERBA MATE ROSAMONTE PLUS'),(4812,5,93,7,'YERBA MATE ROSAMONTE PLUS'),(4813,8,105,33,'YERBA MATE ROSAMONTE SUAVE'),(4814,3,106,36,'YERBA MATE SUAVE LA TRANQUERA'),(4815,7,87,13,'YERBA MATE TARAGUI'),(4816,4,174,5,'YERBA MATE TARAGUI'),(4817,8,87,29,'YERBA MATE UNION SUAVE'),(4818,7,110,10,'YERBA MATE UNION SUAVE RELAX'),(4819,8,59,46,'YERBA MATE VERDEFLOR BOLDO'),(4820,1,59,1,'YERBA MATE VERDEFLOR CEDRON'),(4821,6,111,7,'YERBA MATE VERDEFLOR HIERBAS SERRANAS'),(4822,1,59,17,'YERBA MATE VERDEFLOR HIERBAS SERRANAS'),(4823,6,59,19,'YERBA MATE VERDEFLOR PEPERINA'),(4824,2,45,40,'YERBA MATE YERBACID'),(4825,6,41,40,'YERBA MATE YERBACID CON CEDRON'),(4826,4,41,44,'YERBA MATE YERBACID CON MENTA'),(4827,7,41,36,'YERBA MATE YERBACID CON PEPERINA'),(4828,5,56,9,'YOGUR ACTIVIA BEBIBLE FRUTILLA Y DURAZNO BOTELLA'),(4829,2,56,13,'YOGUR ACTIVIA BEBIBLE PERA Y KIWI BOTELLA'),(4830,7,60,39,'YOGUR ACTIVIA CIRUELA ENTERO'),(4831,2,95,5,'YOGUR ACTIVIA CIRUELA SACHET'),(4832,8,53,37,'YOGUR ACTIVIA PACK ANANA Y COCO'),(4833,2,64,1,'YOGUR ACTIVIA PACK NATURAL'),(4834,8,94,31,'YOGUR ACTIVIA SACHET FRUTILLA Y MANZANA'),(4835,5,38,50,'YOGUR BEBIBLE ANANA LA NUEVA'),(4836,4,38,32,'YOGUR BEBIBLE BANANA LA NUEVA'),(4837,8,38,36,'YOGUR BEBIBLE DULCE DE LECHE LA NUEVA'),(4838,1,38,32,'YOGUR BEBIBLE DURAZNO LA NUEVA'),(4839,4,38,21,'YOGUR BEBIBLE FRUTILLA DESCREMADO LA NUEVA'),(4840,3,38,24,'YOGUR BEBIBLE FRUTILLA LA NUEVA'),(4841,4,30,15,'YOGUR BEBIBLE SANCOR FRUTILLA'),(4842,4,30,40,'YOGUR BEBIBLE SANCOR VAINILLA'),(4843,6,38,46,'YOGUR BEBIBLE VAINILLA DESCREMADO LA NUEVA'),(4844,2,38,49,'YOGUR BEBIBLE VAINILLA LA NUEVA'),(4845,6,24,39,'YOGUR CON CEREALES LA NUEVA'),(4846,6,42,20,'YOGUR DANONINO BEBIBLE FRUTILLA FORTIFICADO'),(4847,5,45,12,'YOGUR DANONINO BEBIBLE VAINILLA FORTIFICADO'),(4848,5,41,24,'YOGUR DANONINO HELADO BANANA'),(4849,4,39,4,'YOGUR DANONINO PACK FRUTILLA CALCIO + VIT D'),(4850,3,45,19,'YOGUR DANONINO PACK VAINILLA CALCIO + VIT D'),(4851,4,33,31,'YOGUR DESCREMADO CON FRUTAS TREGAR ARANDANOS'),(4852,1,33,16,'YOGUR DESCREMADO CON FRUTAS TREGAR DURAZNO'),(4853,5,33,1,'YOGUR DESCREMADO CON FRUTAS TREGAR FRUTILLA'),(4854,5,68,38,'YOGUR ENTERO CON FRUTILLAS ORIGINAL LA SERENISIMA'),(4855,7,62,46,'YOGUR ENTERO CON LIMON ORIGINAL LA SERENISIMA'),(4856,3,62,10,'YOGUR ENTERO CON MORAS ORIGINAL LA SERENISIMA'),(4857,6,20,13,'YOGUR ENTERO CREMOSO TREGAR DULCE DE LECHE'),(4858,4,20,38,'YOGUR ENTERO CREMOSO TREGAR FRUTILLA'),(4859,5,20,46,'YOGUR ENTERO CREMOSO TREGAR VAINILLA'),(4860,6,56,41,'YOGUR ENTERO ORIGINAL NATURAL LA SERENISIMA'),(4861,6,61,20,'YOGUR ENTERO SACHET TREGAR FRUTILLA'),(4862,3,61,7,'YOGUR ENTERO SACHET TREGAR VAINILLA'),(4863,4,15,8,'YOGUR GRAN COMPRA CREMIX FRUTILLA'),(4864,5,15,13,'YOGUR GRAN COMPRA CREMIX VAINILLA'),(4865,6,53,22,'YOGUR GRAN COMPRA FRUTILLA LA SERENISIMA'),(4866,7,53,0,'YOGUR GRAN COMPRA VAINILLA LA SERENISIMA'),(4867,8,24,19,'YOGUR ILOLAY BEBIBLE BOTELLA DURAZNO'),(4868,3,24,39,'YOGUR ILOLAY BEBIBLE BOTELLA FRUTILLA'),(4869,4,16,46,'YOGUR ILOLAY BEBIBLE DESCREMADO FRUTILLA'),(4870,4,28,22,'YOGUR ILOLAY BEBIBLE DESCREMADO VAINILLA SACHET'),(4871,6,27,4,'YOGUR ILOLAY BEBIBLE ENTERO VAINILLA SACHET'),(4872,2,43,50,'YOGUR ILOLAY DESCREMADO CON CEREALES'),(4873,4,26,38,'YOGUR ILOLAY DESCREMADO FIRME FRUTILLA'),(4874,5,26,16,'YOGUR ILOLAY DESCREMADO FIRME VAINILLA'),(4875,2,41,9,'YOGUR ILOLAY ENTERO CON CEREALES'),(4876,6,25,48,'YOGUR ILOLAY ENTERO FIRME DULCE DE LECHE'),(4877,6,25,32,'YOGUR ILOLAY ENTERO FIRME FRUTILLA'),(4878,5,25,14,'YOGUR ILOLAY ENTERO FIRME VAINILLA'),(4879,1,14,33,'YOGUR LA NUEVA ENTERO DULCE DE LECHE'),(4880,3,14,34,'YOGUR LA NUEVA ENTERO DURAZNO'),(4881,7,14,4,'YOGUR LA NUEVA ENTERO FRUTILLA'),(4882,1,14,9,'YOGUR LA NUEVA ENTERO VAINILLA'),(4883,4,16,48,'YOGUR LIGHT FRUTILLA BATIDO TREGAR'),(4884,5,14,46,'YOGUR LIGHT VAINILLA BATIDO TREGAR'),(4885,3,73,21,'YOGUR SER ANANA Y COCO SACHET'),(4886,2,22,34,'YOGUR SER BATIDO C/FRUTAS FRUTILLA Y ANANA'),(4887,3,22,26,'YOGUR SER BATIDO C/FRUTAS PERA'),(4888,6,23,38,'YOGUR SER BATIDO DURAZNO'),(4889,8,23,23,'YOGUR SER BATIDO FRUTILLA'),(4890,5,42,20,'YOGUR SER BEBIBLE FRAMBUESA BOTELLA'),(4891,8,42,28,'YOGUR SER BEBIBLE MULTIFRUTA BOTELLA'),(4892,2,50,9,'YOGUR SER C/CEREALES BERRIES'),(4893,7,44,12,'YOGUR SER C/CEREALES C/MIEL'),(4894,2,44,32,'YOGUR SER C/CEREALES MUESLI'),(4895,3,44,44,'YOGUR SER C/CEREALES TROPICAL'),(4896,8,64,14,'YOGUR SER CALCIO PACK DURAZNO'),(4897,5,64,28,'YOGUR SER CALCIO PACK FRUTILLA'),(4898,5,64,39,'YOGUR SER CALCIO PACK VAINILLA'),(4899,4,52,3,'YOGUR SER CLASICO C/FRUTA ARANDANOS POTE'),(4900,6,52,32,'YOGUR SER CLASICO C/FRUTA FRUTILLA POTE'),(4901,7,52,42,'YOGUR SER CLASICO C/FRUTA KIWI-ANANA POTE'),(4902,1,52,35,'YOGUR SER CLASICO C/FRUTA MANGO Y MARACUYA POTE'),(4903,2,52,3,'YOGUR SER CLASICO C/FRUTA MANZANA POTE'),(4904,3,71,4,'YOGUR SER DESCREMADO VAINILLA  SACHET'),(4905,2,38,36,'YOGUR SER FIRME POMELO ROSADO'),(4906,7,37,36,'YOGUR SER FIRME POTE FRUTILLA'),(4907,8,33,41,'YOGUR SER FIRME POTE VAINILLA'),(4908,6,71,34,'YOGUR SER FRUTILLA SACHET'),(4909,8,51,17,'YOGUR SER JOYFULL COCONUT PIE'),(4910,7,51,37,'YOGUR SER JOYFULL CRUMBLE DE PERA'),(4911,7,51,49,'YOGUR SER JOYFULL DURAZNO'),(4912,5,51,43,'YOGUR SER JOYFULL FRUTOS ROJOS'),(4913,4,51,45,'YOGUR SER JOYFULL LEMON PIE'),(4914,6,65,45,'YOGUR SER PACK DAMASCO'),(4915,2,89,50,'YOGUR SER TETRABRIK FRUTILLA'),(4916,4,89,26,'YOGUR SER TETRABRIK VAINILLA'),(4917,4,33,13,'YOGUR TREGAR ANANA'),(4918,8,33,20,'YOGUR TREGAR ARANDANO'),(4919,5,65,46,'YOGUR TREGAR DESCREMADO FRUTILLA'),(4920,4,65,48,'YOGUR TREGAR DESCREMADO VAINILLA'),(4921,7,33,23,'YOGUR TREGAR DURAZNO'),(4922,7,33,39,'YOGUR TREGAR FRUTILLA'),(4923,7,33,2,'YOGUR TREGAR MANGO MARACUYA'),(4924,8,57,24,'YOGUR VITO ESTILO ITALIANO FRUTILLA AVELLANAS'),(4925,6,57,11,'YOGUR VITO ESTILO ITALIANO NARANJA PISTACHO'),(4926,1,57,2,'YOGUR VITO ESTILO ITALIANO PERA NUECES'),(4927,6,57,37,'YOGUR VITO ESTILO ITALIANO TRADICIONAL'),(4928,8,51,39,'YOGUR YOGS BANANA SACHET SANCOR'),(4929,1,41,43,'YOGUR YOGS BEBIBLE DURAZNO SANCOR'),(4930,6,41,44,'YOGUR YOGS BEBIBLE FRUTILLA SANCOR'),(4931,4,41,32,'YOGUR YOGS BEBIBLE VAINILLA SANCOR'),(4932,6,79,17,'YOGUR YOGS BOTELLA VAINILLA ENTERO SANCOR'),(4933,5,44,11,'YOGUR YOGS C/TROZOS DE DURAZNO SANCOR'),(4934,4,53,12,'YOGUR YOGS DURAZNO BOTELLA SANCOR'),(4935,3,51,46,'YOGUR YOGS DURAZNO SACHET SANCOR'),(4936,5,37,35,'YOGUR YOGS FIRME FRUTILLA SANCOR'),(4937,6,37,42,'YOGUR YOGS FIRME VAINILLA SANCOR'),(4938,3,79,7,'YOGUR YOGS FRUTILLA BOTELLA ENTERO SANCOR'),(4939,8,56,7,'YOGUR YOGS FRUTILLA BOTELLA SANCOR'),(4940,1,62,49,'YOGUR YOGS FRUTILLA SACHET SANCOR'),(4941,7,57,23,'YOGUR YOGS FRUTOS DEL BOSQUE 0% GRASAS Y COLESTERO'),(4942,2,51,21,'YOGUR YOGS FRUTOS DEL BOSQUE SACHET SANCOR'),(4943,6,41,42,'YOGUR YOGS LIGHT BEBIBLE FRUTILLA SANCOR'),(4944,2,41,10,'YOGUR YOGS LIGHT BEBIBLE VAINILLA SANCOR'),(4945,2,49,10,'YOGUR YOGS LIGHT C/TROZOS DE DURAZNO SANCOR'),(4946,1,49,48,'YOGUR YOGS LIGHT C/TROZOS DE FRUTILLA SANCOR'),(4947,7,37,36,'YOGUR YOGS LIGHT FIRME FRUTILLA SANCOR'),(4948,6,37,33,'YOGUR YOGS LIGHT FIRME VAINILLA FORT. VIT. SANCOR'),(4949,5,57,43,'YOGUR YOGS LIGHT FRUTILLA 0% GRASA SACHET SANCOR'),(4950,7,66,43,'YOGUR YOGS LIGHT VAINILLA 0% GRASA SACHET SANCOR'),(4951,2,62,43,'YOGUR YOGS VAINILLA SACHET SANCOR'),(4952,2,69,47,'YOGUR YOGURISIMO BANANA'),(4953,8,66,8,'YOGUR YOGURISIMO BANANA SACHET'),(4954,4,44,37,'YOGUR YOGURISIMO C/CEREALES FORTIFICADO'),(4955,1,48,50,'YOGUR YOGURISIMO C/FRUTA Y C/CEREALES'),(4956,2,42,6,'YOGUR YOGURISIMO C/FRUTAS MIX DE CEREALES'),(4957,5,44,7,'YOGUR YOGURISIMO C/GRANOLA Y MIEL'),(4958,1,19,26,'YOGUR YOGURISIMO CREMIX DURAZNO'),(4959,5,19,19,'YOGUR YOGURISIMO CREMIX FRAMBUESA'),(4960,5,22,4,'YOGUR YOGURISIMO CREMIX FRUTILLA X 1'),(4961,8,13,17,'YOGUR YOGURISIMO CREMIX MANZANA RALLADA'),(4962,8,22,39,'YOGUR YOGURISIMO CREMIX VAINILLA X 1'),(4963,5,66,47,'YOGUR YOGURISIMO DURAZNO SACHET'),(4964,7,33,44,'YOGUR YOGURISIMO FIRME FRUTILLA'),(4965,6,27,15,'YOGUR YOGURISIMO FIRME FRUTILLA'),(4966,4,22,44,'YOGUR YOGURISIMO FIRME FRUTILLA X 1'),(4967,2,39,17,'YOGUR YOGURISIMO FIRME LIMON'),(4968,4,15,8,'YOGUR YOGURISIMO FIRME MANZANA Y PERA'),(4969,1,33,22,'YOGUR YOGURISIMO FIRME MULTIFRUTA'),(4970,6,33,21,'YOGUR YOGURISIMO FIRME VAINILLA'),(4971,1,27,12,'YOGUR YOGURISIMO FIRME VAINILLA'),(4972,3,22,45,'YOGUR YOGURISIMO FIRME VAINILLA X 1'),(4973,7,46,21,'YOGUR YOGURISIMO FRUTAS REGIONALES ARANDANOS'),(4974,3,46,8,'YOGUR YOGURISIMO FRUTAS REGIONALES DURAZNO'),(4975,4,52,4,'YOGUR YOGURISIMO FRUTAS REGIONALES FRUTILLA'),(4976,2,72,16,'YOGUR YOGURISIMO FRUTILLA SACHET'),(4977,3,82,28,'YOGUR YOGURISIMO FRUTILLA SACHET'),(4978,8,41,50,'YOGUR YOGURISIMO GO LA SERENISIMA FRUTILLA BOTELLA'),(4979,6,41,36,'YOGUR YOGURISIMO GO LA SERENISIMA VAINILLA BOTELLA'),(4980,4,67,15,'YOGUR YOGURISIMO KIWI LIMA-LIMON'),(4981,6,69,22,'YOGUR YOGURISIMO NATURAL'),(4982,6,56,44,'YOGUR YOGURISIMO NATURAL ENDULZADO'),(4983,4,50,50,'YOGUR YOGURISIMO NATURAL LA SERENISIMA'),(4984,7,66,40,'YOGUR YOGURISIMO PERA KIWI SACHET'),(4985,8,84,21,'YOGUR YOGURISIMO TETRABRIK FRUTILLA'),(4986,8,84,43,'YOGUR YOGURISIMO TETRABRIK VAINILLA'),(4987,2,82,50,'YOGUR YOGURISIMO VAINILLA SACHET'),(4988,8,72,40,'YOGUR YOGURISIMO VAINILLA SACHET'),(4989,5,111,11,'ZAPALLO EN ALMIBAR CUESTA DEL PORTEZUELO'),(4990,4,206,8,'ZAPALLO EN ALMIBAR CUESTA DEL PORTEZUELO'),(4991,5,187,29,'ZAPALLOS EN ALMIBAR LE CHARBONNIER'),(4992,2,590,26,'ZAPALLOS EN ALMIBAR ORIETA'),(4993,4,572,18,'ZAPALLOS EN ALMIBAR RAULITO'),(4994,5,25,36,'prueba 0609'),(4995,8,46,50,'NOQUIS DE PAPA LA SALTENA'),(4996,4,38,43,'NOQUIS DI PASCUALLE'),(4997,1,39,26,'NOQUIS DON CELEDONIO');
/*!40000 ALTER TABLE `producto` ENABLE KEYS */;
UNLOCK TABLES;

--
-- Table structure for table `proveedor`
--

DROP TABLE IF EXISTS `proveedor`;
/*!40101 SET @saved_cs_client     = @@character_set_client */;
 SET character_set_client = utf8mb4 ;
CREATE TABLE `proveedor` (
  `cuit` bigint(20) unsigned NOT NULL,
  `razon_social` varchar(45) DEFAULT NULL,
  `telefono` varchar(45) DEFAULT NULL,
  `email` varchar(45) DEFAULT NULL,
  PRIMARY KEY (`cuit`)
) ENGINE=InnoDB DEFAULT CHARSET=utf8;
/*!40101 SET character_set_client = @saved_cs_client */;

--
-- Dumping data for table `proveedor`
--

LOCK TABLES `proveedor` WRITE;
/*!40000 ALTER TABLE `proveedor` DISABLE KEYS */;
INSERT INTO `proveedor` VALUES (1234567,'Arcor','(351)123-4567','arcor@arcor.com'),(201569857,'Rosamonte','1552056580','Rosamonte@gmail.com'),(2010156444,'Quilmes','1552056580','Quilmes@gmail.com'),(2010156857,'Natura','1552056580','Natura@gmail.com'),(2010156957,'Branca','1552056580','Branca@gmail.com'),(2011569857,'Coca-Cola','1552056580','Coca-Cola@gmail.com'),(20017799857,'Fronterita','1552056580','Fronterita@gmail.com'),(20101569366,'Terrabusi','1552056580','Terrabusi@gmail.com'),(20101633357,'Pepsi','1552056580','Pepsi@gmail.com'),(20109999857,'Pepsico','1552056580','Pepsico@gmail.com'),(20155569857,'Brahama','1552056580','Brahama@gmail.com'),(21110156857,'Ala','1552056580','Ala@gmail.com'),(201016556857,'Dolca','1552056580','Dolca@gmail.com');
/*!40000 ALTER TABLE `proveedor` ENABLE KEYS */;
UNLOCK TABLES;

--
-- Table structure for table `rol`
--

DROP TABLE IF EXISTS `rol`;
/*!40101 SET @saved_cs_client     = @@character_set_client */;
 SET character_set_client = utf8mb4 ;
CREATE TABLE `rol` (
  `id_rol` int(11) NOT NULL AUTO_INCREMENT,
  `nombre` varchar(45) DEFAULT NULL,
  `descripcion` varchar(45) DEFAULT NULL,
  PRIMARY KEY (`id_rol`)
) ENGINE=InnoDB AUTO_INCREMENT=9 DEFAULT CHARSET=utf8;
/*!40101 SET character_set_client = @saved_cs_client */;

--
-- Dumping data for table `rol`
--

LOCK TABLES `rol` WRITE;
/*!40000 ALTER TABLE `rol` DISABLE KEYS */;
INSERT INTO `rol` VALUES (1,'Admin','Rol de Administrador'),(2,'Usuario','Perfil de Usuario');
/*!40000 ALTER TABLE `rol` ENABLE KEYS */;
UNLOCK TABLES;

--
-- Table structure for table `tipo_producto`
--

DROP TABLE IF EXISTS `tipo_producto`;
/*!40101 SET @saved_cs_client     = @@character_set_client */;
 SET character_set_client = utf8mb4 ;
CREATE TABLE `tipo_producto` (
  `id_tipo_producto` int(10) unsigned NOT NULL AUTO_INCREMENT,
  `descripcion` varchar(200) DEFAULT NULL,
  PRIMARY KEY (`id_tipo_producto`)
) ENGINE=InnoDB AUTO_INCREMENT=9 DEFAULT CHARSET=utf8;
/*!40101 SET character_set_client = @saved_cs_client */;

--
-- Dumping data for table `tipo_producto`
--

LOCK TABLES `tipo_producto` WRITE;
/*!40000 ALTER TABLE `tipo_producto` DISABLE KEYS */;
INSERT INTO `tipo_producto` VALUES (1,'Comestible'),(2,'Bebida'),(3,'Yerba'),(4,'Aceite'),(5,'Vinagre'),(6,'Golosina'),(7,'Aceitunas'),(8,'Shampoo');
/*!40000 ALTER TABLE `tipo_producto` ENABLE KEYS */;
UNLOCK TABLES;

--
-- Table structure for table `usuario`
--

DROP TABLE IF EXISTS `usuario`;
/*!40101 SET @saved_cs_client     = @@character_set_client */;
 SET character_set_client = utf8mb4 ;
CREATE TABLE `usuario` (
  `id_usuario` int(11) NOT NULL AUTO_INCREMENT,
  `nombre_usuario` varchar(45) NOT NULL,
  `apellido` varchar(45) DEFAULT NULL,
  `nombre` varchar(45) DEFAULT NULL,
  `password` varchar(256) NOT NULL,
  `rol` int(11) DEFAULT NULL,
  PRIMARY KEY (`id_usuario`),
  KEY `fk_id_rol_idx` (`rol`),
  CONSTRAINT `fk_id_rol` FOREIGN KEY (`rol`) REFERENCES `rol` (`id_rol`) ON DELETE CASCADE ON UPDATE CASCADE
) ENGINE=InnoDB AUTO_INCREMENT=27 DEFAULT CHARSET=utf8 COMMENT='Usuarios Ingreso al Sistema';
/*!40101 SET character_set_client = @saved_cs_client */;

--
-- Dumping data for table `usuario`
--

LOCK TABLES `usuario` WRITE;
/*!40000 ALTER TABLE `usuario` DISABLE KEYS */;
INSERT INTO `usuario` VALUES (1,'admin','admin','admin','u0IbCWAhxd82qmbzotME3w==',1),(22,'fer','Becerra','Fernando','xieVv0/xkrONMTd8NtIdiQ==',1),(24,'damian','Farina','Damian','r5ts3zI8cjS2oq0FYJUqzg==',1),(25,'alejandro','Toigo','Alejandro','S+ZPGSQDscq/falplo4mng==',1),(26,'mariano','Araoz','Mariano','2uQkO7zcAhYgmwZUmN+/FA==',1);
/*!40000 ALTER TABLE `usuario` ENABLE KEYS */;
UNLOCK TABLES;

--
-- Table structure for table `venta`
--

DROP TABLE IF EXISTS `venta`;
/*!40101 SET @saved_cs_client     = @@character_set_client */;
 SET character_set_client = utf8mb4 ;
CREATE TABLE `venta` (
  `nro_ticket` int(10) unsigned NOT NULL AUTO_INCREMENT,
  `fecha_hora` timestamp NOT NULL DEFAULT CURRENT_TIMESTAMP ON UPDATE CURRENT_TIMESTAMP,
  `total` float DEFAULT NULL,
  `dni` int(10) DEFAULT NULL,
  `id_forma_pago` int(10) unsigned NOT NULL,
  `id_detalle_venta` int(11) NOT NULL,
  `id_usuario` int(11) DEFAULT NULL,
  PRIMARY KEY (`nro_ticket`,`id_forma_pago`,`id_detalle_venta`),
  KEY `fk_venta_forma_pago1_idx` (`id_forma_pago`),
  KEY `fk_venta_detalle_venta1_idx` (`id_detalle_venta`),
  KEY `fk_venta_usuario1_idx` (`id_usuario`),
  CONSTRAINT `fk_venta_detalle_venta1` FOREIGN KEY (`id_detalle_venta`) REFERENCES `detalle_venta` (`id_detalle_venta`),
  CONSTRAINT `fk_venta_forma_pago1` FOREIGN KEY (`id_forma_pago`) REFERENCES `forma_pago` (`id_forma_pago`),
  CONSTRAINT `fk_venta_usuario1` FOREIGN KEY (`id_usuario`) REFERENCES `usuario` (`id_usuario`)
) ENGINE=InnoDB AUTO_INCREMENT=15 DEFAULT CHARSET=utf8;
/*!40101 SET character_set_client = @saved_cs_client */;

--
-- Dumping data for table `venta`
--

LOCK TABLES `venta` WRITE;
/*!40000 ALTER TABLE `venta` DISABLE KEYS */;
INSERT INTO `venta` VALUES (1,'2019-05-22 00:00:00',180,NULL,1,1,1),(2,'2019-05-22 00:00:00',225,NULL,1,2,1),(3,'2019-05-22 00:00:00',225,NULL,1,3,1),(4,'2019-05-22 00:00:00',1045,NULL,1,4,1),(5,'2019-05-22 00:00:00',380,NULL,2,5,1),(6,'2019-06-20 01:50:00',185,23836736,2,6,24),(7,'2019-06-20 01:53:00',180,32579957,2,7,24),(8,'2019-06-20 01:09:00',120,NULL,2,8,24),(9,'2019-06-20 01:25:00',1800,NULL,1,9,24),(10,'2019-06-20 01:04:00',297,27921602,2,10,26),(11,'2019-06-20 01:02:00',281,5458223,2,11,26),(12,'2019-06-20 01:26:00',573,4124737,2,12,25),(13,'2019-06-20 01:43:00',1072,8531119,2,13,25),(14,'2019-06-20 01:15:00',26,NULL,2,14,1);
/*!40000 ALTER TABLE `venta` ENABLE KEYS */;
UNLOCK TABLES;

--
-- Dumping routines for database 'maxikiosko'
--
/*!50003 DROP PROCEDURE IF EXISTS `spRptVentas` */;
/*!50003 SET @saved_cs_client      = @@character_set_client */ ;
/*!50003 SET @saved_cs_results     = @@character_set_results */ ;
/*!50003 SET @saved_col_connection = @@collation_connection */ ;
/*!50003 SET character_set_client  = utf8mb4 */ ;
/*!50003 SET character_set_results = utf8mb4 */ ;
/*!50003 SET collation_connection  = utf8_general_ci */ ;
/*!50003 SET @saved_sql_mode       = @@sql_mode */ ;
/*!50003 SET sql_mode              = 'NO_AUTO_VALUE_ON_ZERO' */ ;
DELIMITER ;;
CREATE DEFINER=`root`@`localhost` PROCEDURE `spRptVentas`()
BEGIN
SELECT venta.nro_ticket, venta.fecha_hora, venta.dni, cliente.nombre, cliente.apellido, venta.id_detalle_venta, forma_pago.descripcion as forma_pago, detalle_venta.cantidad, producto.descripcion AS producto, detalle_venta.precio_historico
FROM producto INNER JOIN
                         detalle_venta ON producto.id_producto = detalle_venta.id_producto INNER JOIN
                         tipo_producto ON producto.tipo_producto = tipo_producto.id_tipo_producto INNER JOIN
                         venta ON detalle_venta.id_detalle_venta = venta.id_detalle_venta INNER JOIN
                         cliente ON venta.dni = cliente.dni INNER JOIN
                         forma_pago ON venta.id_forma_pago = forma_pago.id_forma_pago
GROUP BY venta.nro_ticket, venta.total, venta.id_detalle_venta, producto.descripcion;
END ;;
DELIMITER ;
/*!50003 SET sql_mode              = @saved_sql_mode */ ;
/*!50003 SET character_set_client  = @saved_cs_client */ ;
/*!50003 SET character_set_results = @saved_cs_results */ ;
/*!50003 SET collation_connection  = @saved_col_connection */ ;
/*!50003 DROP PROCEDURE IF EXISTS `spRptVentasWithPrompt` */;
/*!50003 SET @saved_cs_client      = @@character_set_client */ ;
/*!50003 SET @saved_cs_results     = @@character_set_results */ ;
/*!50003 SET @saved_col_connection = @@collation_connection */ ;
/*!50003 SET character_set_client  = utf8mb4 */ ;
/*!50003 SET character_set_results = utf8mb4 */ ;
/*!50003 SET collation_connection  = utf8mb4_general_ci */ ;
/*!50003 SET @saved_sql_mode       = @@sql_mode */ ;
/*!50003 SET sql_mode              = 'STRICT_TRANS_TABLES,NO_AUTO_CREATE_USER,NO_ENGINE_SUBSTITUTION' */ ;
DELIMITER ;;
CREATE DEFINER=`root`@`localhost` PROCEDURE `spRptVentasWithPrompt`(IN StartDate datetime, IN EndDate datetime)
BEGIN

if StartDate = '' then 
	set StartDate = '1900-01-01';
end if;
if EndDate = '' then 
	set EndDate = now();
end if;

SELECT venta.nro_ticket, venta.fecha_hora, venta.dni, cliente.nombre, cliente.apellido, venta.id_detalle_venta, forma_pago.descripcion as forma_pago, detalle_venta.cantidad, producto.descripcion AS producto, detalle_venta.precio_historico
FROM producto INNER JOIN
                         detalle_venta ON producto.id_producto = detalle_venta.id_producto INNER JOIN
                         tipo_producto ON producto.tipo_producto = tipo_producto.id_tipo_producto INNER JOIN
                         venta ON detalle_venta.id_detalle_venta = venta.id_detalle_venta INNER JOIN
                         cliente ON venta.dni = cliente.dni INNER JOIN
                         forma_pago ON venta.id_forma_pago = forma_pago.id_forma_pago
						 WHERE venta.fecha_hora >= StartDate
                         AND venta.dni IS NOT NULL
						 AND venta.fecha_hora <= EndDate
GROUP BY venta.nro_ticket, venta.total, venta.id_detalle_venta, producto.descripcion;
END ;;
DELIMITER ;
/*!50003 SET sql_mode              = @saved_sql_mode */ ;
/*!50003 SET character_set_client  = @saved_cs_client */ ;
/*!50003 SET character_set_results = @saved_cs_results */ ;
/*!50003 SET collation_connection  = @saved_col_connection */ ;
/*!40103 SET TIME_ZONE=@OLD_TIME_ZONE */;

/*!40101 SET SQL_MODE=@OLD_SQL_MODE */;
/*!40014 SET FOREIGN_KEY_CHECKS=@OLD_FOREIGN_KEY_CHECKS */;
/*!40014 SET UNIQUE_CHECKS=@OLD_UNIQUE_CHECKS */;
/*!40101 SET CHARACTER_SET_CLIENT=@OLD_CHARACTER_SET_CLIENT */;
/*!40101 SET CHARACTER_SET_RESULTS=@OLD_CHARACTER_SET_RESULTS */;
/*!40101 SET COLLATION_CONNECTION=@OLD_COLLATION_CONNECTION */;
/*!40111 SET SQL_NOTES=@OLD_SQL_NOTES */;

-- Dump completed on 2019-06-19 23:06:02
